grade,subject_code,subject_label,skill_code,chapter_code,content_type,decision,recommended_action,status,content_id,version_id,code,difficulty,structural_pass,approval_candidate,hard_gates_summary,reasons_summary
FR-4E,FRENCH,Français,SK-ENR-FRENCH-4E-COMPREHENSION-EXPLICIT,CH-FRENCH-4E-COMPREHENSION,practice,REVIEW,Revue humaine pédagogique requise,draft,106260,106262,DRAFT-0012C-AI-ENR-FRENCH-4E-COMPREHENSION-EXPLICIT-PRACTICE-20260726104912-1,1,True,False,structural_validity=True | answer_correctness=True | skill_alignment=True | grade_appropriateness=False | executability=True | duplicate_safety=True,Independent pedagogical review is still required.
FR-4E,FRENCH,Français,SK-ENR-FRENCH-4E-COMPREHENSION-EXPLICIT,CH-FRENCH-4E-COMPREHENSION,practice,REVIEW,Revue humaine pédagogique requise,draft,106268,106270,DRAFT-0012C-AI-ENR-FRENCH-4E-COMPREHENSION-EXPLICIT-PRACTICE-20260726104915-1,2,True,False,structural_validity=True | answer_correctness=True | skill_alignment=True | grade_appropriateness=False | executability=True | duplicate_safety=True,Independent pedagogical review is still required.
FR-4E,FRENCH,Français,SK-ENR-FRENCH-4E-COMPREHENSION-EXPLICIT,CH-FRENCH-4E-COMPREHENSION,practice,REVIEW,Revue humaine pédagogique requise,draft,106296,106298,DRAFT-0012C-AI-ENR-FRENCH-4E-COMPREHENSION-EXPLICIT-PRACTICE-20260726104926-1,3,True,False,structural_validity=True | answer_correctness=True | skill_alignment=True | grade_appropriateness=False | executability=True | duplicate_safety=True,Independent pedagogical review is still required.
FR-4E,FRENCH,Français,SK-ENR-FRENCH-4E-COMPREHENSION-INFER,CH-FRENCH-4E-COMPREHENSION,assessment,REVIEW,Revue humaine pédagogique requise,draft,106264,106266,DRAFT-0012C-AI-ENR-FRENCH-4E-COMPREHENSION-INFER-ASSESSMENT-20260726104913-1,2,True,False,structural_validity=True | answer_correctness=True | skill_alignment=True | grade_appropriateness=False | executability=True | duplicate_safety=True,Independent pedagogical review is still required.
FR-4E,FRENCH,Français,SK-ENR-FRENCH-4E-COMPREHENSION-INFER,CH-FRENCH-4E-COMPREHENSION,practice,REVIEW,Revue humaine pédagogique requise,draft,106276,106278,DRAFT-0012C-AI-ENR-FRENCH-4E-COMPREHENSION-INFER-PRACTICE-20260726104916-1,1,True,False,structural_validity=True | answer_correctness=True | skill_alignment=True | grade_appropriateness=False | executability=True | duplicate_safety=True,Independent pedagogical review is still required.
FR-4E,FRENCH,Français,SK-ENR-FRENCH-4E-COMPREHENSION-INFER,CH-FRENCH-4E-COMPREHENSION,practice,REVIEW,Revue humaine pédagogique requise,draft,106284,106286,DRAFT-0012C-AI-ENR-FRENCH-4E-COMPREHENSION-INFER-PRACTICE-20260726104919-1,2,True,False,structural_validity=True | answer_correctness=True | skill_alignment=True | grade_appropriateness=False | executability=True | duplicate_safety=True,Independent pedagogical review is still required.
FR-4E,FRENCH,Français,SK-ENR-FRENCH-4E-COMPREHENSION-INFER,CH-FRENCH-4E-COMPREHENSION,practice,REVIEW,Revue humaine pédagogique requise,draft,106292,106294,DRAFT-0012C-AI-ENR-FRENCH-4E-COMPREHENSION-INFER-PRACTICE-20260726104920-1,3,True,False,structural_validity=True | answer_correctness=True | skill_alignment=True | grade_appropriateness=False | executability=True | duplicate_safety=True,Independent pedagogical review is still required.
FR-4E,FRENCH,Français,SK-ENR-FRENCH-4E-COMPREHENSION-INTERPRET,CH-FRENCH-4E-COMPREHENSION,assessment,REVIEW,Revue humaine pédagogique requise,draft,106288,106290,DRAFT-0012C-AI-ENR-FRENCH-4E-COMPREHENSION-INTERPRET-ASSESSMENT-20260726104919-1,2,True,False,structural_validity=True | answer_correctness=True | skill_alignment=True | grade_appropriateness=False | executability=True | duplicate_safety=True,Independent pedagogical review is still required.
FR-4E,FRENCH,Français,SK-ENR-FRENCH-4E-COMPREHENSION-INTERPRET,CH-FRENCH-4E-COMPREHENSION,practice,REVIEW,Revue humaine pédagogique requise,draft,106280,106282,DRAFT-0012C-AI-ENR-FRENCH-4E-COMPREHENSION-INTERPRET-PRACTICE-20260726104916-1,1,True,False,structural_validity=True | answer_correctness=True | skill_alignment=True | grade_appropriateness=False | executability=True | duplicate_safety=True,Independent pedagogical review is still required.
FR-4E,FRENCH,Français,SK-ENR-FRENCH-4E-COMPREHENSION-INTERPRET,CH-FRENCH-4E-COMPREHENSION,practice,REVIEW,Revue humaine pédagogique requise,draft,106304,106306,DRAFT-0012C-AI-ENR-FRENCH-4E-COMPREHENSION-INTERPRET-PRACTICE-20260726104929-1,2,True,False,structural_validity=True | answer_correctness=True | skill_alignment=True | grade_appropriateness=False | executability=True | duplicate_safety=True,Independent pedagogical review is still required.
FR-4E,FRENCH,Français,SK-ENR-FRENCH-4E-COMPREHENSION-INTERPRET,CH-FRENCH-4E-COMPREHENSION,practice,REVIEW,Revue humaine pédagogique requise,draft,106316,106318,DRAFT-0012C-AI-ENR-FRENCH-4E-COMPREHENSION-INTERPRET-PRACTICE-20260726104933-1,3,True,False,structural_validity=True | answer_correctness=True | skill_alignment=True | grade_appropriateness=False | executability=True | duplicate_safety=True,Independent pedagogical review is still required.
FR-4E,FRENCH,Français,SK-ENR-FRENCH-4E-COMPREHENSION-METHOD,CH-FRENCH-4E-COMPREHENSION,assessment,REVIEW,Revue humaine pédagogique requise,draft,106300,106302,DRAFT-0012C-AI-ENR-FRENCH-4E-COMPREHENSION-METHOD-ASSESSMENT-20260726104929-1,2,True,False,structural_validity=True | answer_correctness=True | skill_alignment=True | grade_appropriateness=False | executability=True | duplicate_safety=True,Independent pedagogical review is still required.
FR-4E,FRENCH,Français,SK-ENR-FRENCH-4E-COMPREHENSION-METHOD,CH-FRENCH-4E-COMPREHENSION,practice,REVIEW,Revue humaine pédagogique requise,draft,106308,106310,DRAFT-0012C-AI-ENR-FRENCH-4E-COMPREHENSION-METHOD-PRACTICE-20260726104930-1,2,True,False,structural_validity=True | answer_correctness=True | skill_alignment=True | grade_appropriateness=False | executability=True | duplicate_safety=True,Independent pedagogical review is still required.
FR-4E,FRENCH,Français,SK-ENR-FRENCH-4E-COMPREHENSION-METHOD,CH-FRENCH-4E-COMPREHENSION,practice,REVIEW,Revue humaine pédagogique requise,draft,106312,106314,DRAFT-0012C-AI-ENR-FRENCH-4E-COMPREHENSION-METHOD-PRACTICE-20260726104931-1,1,True,False,structural_validity=True | answer_correctness=True | skill_alignment=True | grade_appropriateness=False | executability=True | duplicate_safety=True,Independent pedagogical review is still required.
FR-4E,FRENCH,Français,SK-ENR-FRENCH-4E-COMPREHENSION-METHOD,CH-FRENCH-4E-COMPREHENSION,practice,REVIEW,Revue humaine pédagogique requise,draft,106332,106334,DRAFT-0012C-AI-ENR-FRENCH-4E-COMPREHENSION-METHOD-PRACTICE-20260726104942-1,3,True,False,structural_validity=True | answer_correctness=True | skill_alignment=True | grade_appropriateness=False | executability=True | duplicate_safety=True,Independent pedagogical review is still required.
FR-4E,FRENCH,Français,SK-ENR-FRENCH-4E-COMPREHENSION-VIEWPOINT,CH-FRENCH-4E-COMPREHENSION,assessment,REVIEW,Revue humaine pédagogique requise,draft,106324,106326,DRAFT-0012C-AI-ENR-FRENCH-4E-COMPREHENSION-VIEWPOINT-ASSESSMENT-20260726104936-1,2,True,False,structural_validity=True | answer_correctness=True | skill_alignment=True | grade_appropriateness=False | executability=True | duplicate_safety=True,Independent pedagogical review is still required.
FR-4E,FRENCH,Français,SK-ENR-FRENCH-4E-COMPREHENSION-VIEWPOINT,CH-FRENCH-4E-COMPREHENSION,practice,REVIEW,Revue humaine pédagogique requise,draft,106320,106322,DRAFT-0012C-AI-ENR-FRENCH-4E-COMPREHENSION-VIEWPOINT-PRACTICE-20260726104934-1,1,True,False,structural_validity=True | answer_correctness=True | skill_alignment=True | grade_appropriateness=False | executability=True | duplicate_safety=True,Independent pedagogical review is still required.
FR-4E,FRENCH,Français,SK-ENR-FRENCH-4E-COMPREHENSION-VIEWPOINT,CH-FRENCH-4E-COMPREHENSION,practice,REVIEW,Revue humaine pédagogique requise,draft,106328,106330,DRAFT-0012C-AI-ENR-FRENCH-4E-COMPREHENSION-VIEWPOINT-PRACTICE-20260726104939-1,2,True,False,structural_validity=True | answer_correctness=True | skill_alignment=True | grade_appropriateness=False | executability=True | duplicate_safety=True,Independent pedagogical review is still required.
FR-4E,FRENCH,Français,SK-ENR-FRENCH-4E-COMPREHENSION-VIEWPOINT,CH-FRENCH-4E-COMPREHENSION,practice,REVIEW,Revue humaine pédagogique requise,draft,106356,106358,DRAFT-0012C-AI-ENR-FRENCH-4E-COMPREHENSION-VIEWPOINT-PRACTICE-20260726104948-1,3,True,False,structural_validity=True | answer_correctness=True | skill_alignment=True | grade_appropriateness=False | executability=True | duplicate_safety=True,Independent pedagogical review is still required.
FR-4E,FRENCH,Français,SK-ENR-FRENCH-4E-CONJUGATION-CONCORDANCE,CH-FRENCH-4E-CONJUGATION,assessment,REVIEW,Revue humaine pédagogique requise,draft,106360,106362,DRAFT-0012C-AI-ENR-FRENCH-4E-CONJUGATION-CONCORDANCE-ASSESSMENT-20260726104954-1,2,True,False,structural_validity=True | answer_correctness=True | skill_alignment=True | grade_appropriateness=False | executability=True | duplicate_safety=True,Independent pedagogical review is still required.
FR-4E,FRENCH,Français,SK-ENR-FRENCH-4E-CONJUGATION-CONCORDANCE,CH-FRENCH-4E-CONJUGATION,practice,REVIEW,Revue humaine pédagogique requise,draft,106364,106366,DRAFT-0012C-AI-ENR-FRENCH-4E-CONJUGATION-CONCORDANCE-PRACTICE-20260726104954-1,1,True,False,structural_validity=True | answer_correctness=True | skill_alignment=True | grade_appropriateness=False | executability=True | duplicate_safety=True,Independent pedagogical review is still required.
FR-4E,FRENCH,Français,SK-ENR-FRENCH-4E-CONJUGATION-CONCORDANCE,CH-FRENCH-4E-CONJUGATION,practice,REVIEW,Revue humaine pédagogique requise,draft,106380,106382,DRAFT-0012C-AI-ENR-FRENCH-4E-CONJUGATION-CONCORDANCE-PRACTICE-20260726105003-1,3,True,False,structural_validity=True | answer_correctness=True | skill_alignment=True | grade_appropriateness=False | executability=True | duplicate_safety=True,Independent pedagogical review is still required.
FR-4E,FRENCH,Français,SK-ENR-FRENCH-4E-CONJUGATION-CONCORDANCE,CH-FRENCH-4E-CONJUGATION,practice,REVIEW,Revue humaine pédagogique requise,draft,106384,106386,DRAFT-0012C-AI-ENR-FRENCH-4E-CONJUGATION-CONCORDANCE-PRACTICE-20260726105005-1,2,True,False,structural_validity=True | answer_correctness=True | skill_alignment=True | grade_appropriateness=False | executability=True | duplicate_safety=True,Independent pedagogical review is still required.
FR-4E,FRENCH,Français,SK-ENR-FRENCH-4E-CONJUGATION-INDICATIVE,CH-FRENCH-4E-CONJUGATION,assessment,REVIEW,Revue humaine pédagogique requise,draft,106372,106374,DRAFT-0012C-AI-ENR-FRENCH-4E-CONJUGATION-INDICATIVE-ASSESSMENT-20260726104959-1,2,True,False,structural_validity=True | answer_correctness=True | skill_alignment=True | grade_appropriateness=False | executability=True | duplicate_safety=True,Independent pedagogical review is still required.
FR-4E,FRENCH,Français,SK-ENR-FRENCH-4E-CONJUGATION-INDICATIVE,CH-FRENCH-4E-CONJUGATION,practice,REVIEW,Revue humaine pédagogique requise,draft,106368,106370,DRAFT-0012C-AI-ENR-FRENCH-4E-CONJUGATION-INDICATIVE-PRACTICE-20260726104959-1,1,True,False,structural_validity=True | answer_correctness=True | skill_alignment=True | grade_appropriateness=False | executability=True | duplicate_safety=True,Independent pedagogical review is still required.
FR-4E,FRENCH,Français,SK-ENR-FRENCH-4E-CONJUGATION-INDICATIVE,CH-FRENCH-4E-CONJUGATION,practice,REVIEW,Revue humaine pédagogique requise,draft,106388,106390,DRAFT-0012C-AI-ENR-FRENCH-4E-CONJUGATION-INDICATIVE-PRACTICE-20260726105009-1,2,True,False,structural_validity=True | answer_correctness=True | skill_alignment=True | grade_appropriateness=False | executability=True | duplicate_safety=True,Independent pedagogical review is still required.
FR-4E,FRENCH,Français,SK-ENR-FRENCH-4E-CONJUGATION-INDICATIVE,CH-FRENCH-4E-CONJUGATION,practice,REVIEW,Revue humaine pédagogique requise,draft,106396,106398,DRAFT-0012C-AI-ENR-FRENCH-4E-CONJUGATION-INDICATIVE-PRACTICE-20260726105012-1,3,True,False,structural_validity=True | answer_correctness=True | skill_alignment=True | grade_appropriateness=False | executability=True | duplicate_safety=True,Independent pedagogical review is still required.
FR-4E,FRENCH,Français,SK-ENR-FRENCH-4E-CONJUGATION-REWRITE,CH-FRENCH-4E-CONJUGATION,assessment,REVIEW,Revue humaine pédagogique requise,draft,106376,106378,DRAFT-0012C-AI-ENR-FRENCH-4E-CONJUGATION-REWRITE-ASSESSMENT-20260726105003-1,2,True,False,structural_validity=True | answer_correctness=True | skill_alignment=True | grade_appropriateness=False | executability=True | duplicate_safety=True,Independent pedagogical review is still required.
FR-4E,FRENCH,Français,SK-ENR-FRENCH-4E-CONJUGATION-REWRITE,CH-FRENCH-4E-CONJUGATION,practice,REVIEW,Revue humaine pédagogique requise,draft,106404,106406,DRAFT-0012C-AI-ENR-FRENCH-4E-CONJUGATION-REWRITE-PRACTICE-20260726105015-1,2,True,False,structural_validity=True | answer_correctness=True | skill_alignment=True | grade_appropriateness=False | executability=True | duplicate_safety=True,Independent pedagogical review is still required.
FR-4E,FRENCH,Français,SK-ENR-FRENCH-4E-CONJUGATION-REWRITE,CH-FRENCH-4E-CONJUGATION,practice,REVIEW,Revue humaine pédagogique requise,draft,106408,106410,DRAFT-0012C-AI-ENR-FRENCH-4E-CONJUGATION-REWRITE-PRACTICE-20260726105017-1,1,True,False,structural_validity=True | answer_correctness=True | skill_alignment=True | grade_appropriateness=False | executability=True | duplicate_safety=True,Independent pedagogical review is still required.
FR-4E,FRENCH,Français,SK-ENR-FRENCH-4E-CONJUGATION-REWRITE,CH-FRENCH-4E-CONJUGATION,practice,REVIEW,Revue humaine pédagogique requise,draft,106416,106418,DRAFT-0012C-AI-ENR-FRENCH-4E-CONJUGATION-REWRITE-PRACTICE-20260726105020-1,3,True,False,structural_validity=True | answer_correctness=True | skill_alignment=True | grade_appropriateness=False | executability=True | duplicate_safety=True,Independent pedagogical review is still required.
FR-4E,FRENCH,Français,SK-ENR-FRENCH-4E-CONJUGATION-SUBJUNCTIVE,CH-FRENCH-4E-CONJUGATION,assessment,REVIEW,Revue humaine pédagogique requise,draft,106400,106402,DRAFT-0012C-AI-ENR-FRENCH-4E-CONJUGATION-SUBJUNCTIVE-ASSESSMENT-20260726105012-1,2,True,False,structural_validity=True | answer_correctness=True | skill_alignment=True | grade_appropriateness=False | executability=True | duplicate_safety=True,Independent pedagogical review is still required.
FR-4E,FRENCH,Français,SK-ENR-FRENCH-4E-CONJUGATION-SUBJUNCTIVE,CH-FRENCH-4E-CONJUGATION,practice,REVIEW,Revue humaine pédagogique requise,draft,106392,106394,DRAFT-0012C-AI-ENR-FRENCH-4E-CONJUGATION-SUBJUNCTIVE-PRACTICE-20260726105010-1,1,True,False,structural_validity=True | answer_correctness=True | skill_alignment=True | grade_appropriateness=False | executability=True | duplicate_safety=True,Independent pedagogical review is still required.
FR-4E,FRENCH,Français,SK-ENR-FRENCH-4E-CONJUGATION-SUBJUNCTIVE,CH-FRENCH-4E-CONJUGATION,practice,REVIEW,Revue humaine pédagogique requise,draft,106412,106414,DRAFT-0012C-AI-ENR-FRENCH-4E-CONJUGATION-SUBJUNCTIVE-PRACTICE-20260726105019-1,2,True,False,structural_validity=True | answer_correctness=True | skill_alignment=True | grade_appropriateness=False | executability=True | duplicate_safety=True,Independent pedagogical review is still required.
FR-4E,FRENCH,Français,SK-ENR-FRENCH-4E-CONJUGATION-SUBJUNCTIVE,CH-FRENCH-4E-CONJUGATION,practice,REVIEW,Revue humaine pédagogique requise,draft,106444,106446,DRAFT-0012C-AI-ENR-FRENCH-4E-CONJUGATION-SUBJUNCTIVE-PRACTICE-20260726105036-1,3,True,False,structural_validity=True | answer_correctness=True | skill_alignment=True | grade_appropriateness=False | executability=True | duplicate_safety=True,Independent pedagogical review is still required.
FR-4E,FRENCH,Français,SK-ENR-FRENCH-4E-CONJUGATION-TENSE_VALUE,CH-FRENCH-4E-CONJUGATION,assessment,REVIEW,Revue humaine pédagogique requise,draft,106424,106426,DRAFT-0012C-AI-ENR-FRENCH-4E-CONJUGATION-TENSE-VALUE-ASSESSMENT-20260726105023-1,2,True,False,structural_validity=True | answer_correctness=True | skill_alignment=True | grade_appropriateness=False | executability=True | duplicate_safety=True,Independent pedagogical review is still required.
FR-4E,FRENCH,Français,SK-ENR-FRENCH-4E-CONJUGATION-TENSE_VALUE,CH-FRENCH-4E-CONJUGATION,practice,REVIEW,Revue humaine pédagogique requise,draft,106420,106422,DRAFT-0012C-AI-ENR-FRENCH-4E-CONJUGATION-TENSE-VALUE-PRACTICE-20260726105021-1,2,True,False,structural_validity=True | answer_correctness=True | skill_alignment=True | grade_appropriateness=False | executability=True | duplicate_safety=True,Independent pedagogical review is still required.
FR-4E,FRENCH,Français,SK-ENR-FRENCH-4E-CONJUGATION-TENSE_VALUE,CH-FRENCH-4E-CONJUGATION,practice,REVIEW,Revue humaine pédagogique requise,draft,106428,106430,DRAFT-0012C-AI-ENR-FRENCH-4E-CONJUGATION-TENSE-VALUE-PRACTICE-20260726105026-1,1,True,False,structural_validity=True | answer_correctness=True | skill_alignment=True | grade_appropriateness=False | executability=True | duplicate_safety=True,Independent pedagogical review is still required.
FR-4E,FRENCH,Français,SK-ENR-FRENCH-4E-CONJUGATION-TENSE_VALUE,CH-FRENCH-4E-CONJUGATION,practice,REVIEW,Revue humaine pédagogique requise,draft,106448,106450,DRAFT-0012C-AI-ENR-FRENCH-4E-CONJUGATION-TENSE-VALUE-PRACTICE-20260726105036-1,3,True,False,structural_validity=True | answer_correctness=True | skill_alignment=True | grade_appropriateness=False | executability=True | duplicate_safety=True,Independent pedagogical review is still required.
FR-4E,FRENCH,Français,SK-ENR-FRENCH-4E-GRAMMAR-CLAUSES,CH-FRENCH-4E-GRAMMAR,assessment,REVIEW,Revue humaine pédagogique requise,draft,106464,106466,DRAFT-0012C-AI-ENR-FRENCH-4E-GRAMMAR-CLAUSES-ASSESSMENT-20260726105044-1,2,True,False,structural_validity=True | answer_correctness=True | skill_alignment=True | grade_appropriateness=False | executability=True | duplicate_safety=True,Independent pedagogical review is still required.
FR-4E,FRENCH,Français,SK-ENR-FRENCH-4E-GRAMMAR-CLAUSES,CH-FRENCH-4E-GRAMMAR,practice,REVIEW,Revue humaine pédagogique requise,draft,106460,106462,DRAFT-0012C-AI-ENR-FRENCH-4E-GRAMMAR-CLAUSES-PRACTICE-20260726105040-1,1,True,False,structural_validity=True | answer_correctness=True | skill_alignment=True | grade_appropriateness=False | executability=True | duplicate_safety=True,Independent pedagogical review is still required.
FR-4E,FRENCH,Français,SK-ENR-FRENCH-4E-GRAMMAR-FUNCTIONS,CH-FRENCH-4E-GRAMMAR,assessment,REVIEW,Revue humaine pédagogique requise,draft,106484,106486,DRAFT-0012C-AI-ENR-FRENCH-4E-GRAMMAR-FUNCTIONS-ASSESSMENT-20260726105055-1,2,True,False,structural_validity=True | answer_correctness=True | skill_alignment=True | grade_appropriateness=False | executability=True | duplicate_safety=True,Independent pedagogical review is still required.
FR-4E,FRENCH,Français,SK-ENR-FRENCH-4E-GRAMMAR-FUNCTIONS,CH-FRENCH-4E-GRAMMAR,practice,REVIEW,Revue humaine pédagogique requise,draft,106496,106498,DRAFT-0012C-AI-ENR-FRENCH-4E-GRAMMAR-FUNCTIONS-PRACTICE-20260726105101-1,2,True,False,structural_validity=True | answer_correctness=True | skill_alignment=True | grade_appropriateness=False | executability=True | duplicate_safety=True,Independent pedagogical review is still required.
FR-4E,FRENCH,Français,SK-ENR-FRENCH-4E-GRAMMAR-FUNCTIONS,CH-FRENCH-4E-GRAMMAR,practice,REVIEW,Revue humaine pédagogique requise,draft,106500,106502,DRAFT-0012C-AI-ENR-FRENCH-4E-GRAMMAR-FUNCTIONS-PRACTICE-20260726105102-1,1,True,False,structural_validity=True | answer_correctness=True | skill_alignment=True | grade_appropriateness=False | executability=True | duplicate_safety=True,Independent pedagogical review is still required.
FR-4E,FRENCH,Français,SK-ENR-FRENCH-4E-GRAMMAR-FUNCTIONS,CH-FRENCH-4E-GRAMMAR,practice,REVIEW,Revue humaine pédagogique requise,draft,106508,106510,DRAFT-0012C-AI-ENR-FRENCH-4E-GRAMMAR-FUNCTIONS-PRACTICE-20260726105105-1,3,True,False,structural_validity=True | answer_correctness=True | skill_alignment=True | grade_appropriateness=False | executability=True | duplicate_safety=True,Independent pedagogical review is still required.
FR-4E,FRENCH,Français,SK-ENR-FRENCH-4E-GRAMMAR-FUNCTIONS,CH-FRENCH-4E-GRAMMAR,remediation,REVIEW,Revue humaine pédagogique requise,draft,106492,106494,DRAFT-0012C-AI-ENR-FRENCH-4E-GRAMMAR-FUNCTIONS-REMEDIATION-20260726105100-1,1,True,False,structural_validity=True | answer_correctness=True | skill_alignment=True | grade_appropriateness=False | executability=True | duplicate_safety=True,Independent pedagogical review is still required.
FR-4E,FRENCH,Français,SK-ENR-FRENCH-4E-GRAMMAR-FUNCTIONS,CH-FRENCH-4E-GRAMMAR,revision,REVIEW,Revue humaine pédagogique requise,draft,104668,104670,PILOT-0012B-AI-ENR-FRENCH-4E-GRAMMAR-FUNCTIONS-REVISION-20260725213215-1,2,True,False,structural_validity=True | answer_correctness=True | skill_alignment=True | grade_appropriateness=False | executability=True | duplicate_safety=True,Independent pedagogical review is still required.
FR-4E,FRENCH,Français,SK-ENR-FRENCH-4E-GRAMMAR-FUNCTIONS,CH-FRENCH-4E-GRAMMAR,revision,REVIEW,Revue humaine pédagogique requise,draft,104672,104674,PILOT-0012B-AI-ENR-FRENCH-4E-GRAMMAR-FUNCTIONS-REVISION-20260725213215-2,2,True,False,structural_validity=True | answer_correctness=True | skill_alignment=True | grade_appropriateness=False | executability=True | duplicate_safety=True,Independent pedagogical review is still required.
FR-4E,FRENCH,Français,SK-ENR-FRENCH-4E-GRAMMAR-FUNCTIONS,CH-FRENCH-4E-GRAMMAR,revision,REVIEW,Revue humaine pédagogique requise,draft,104676,104678,PILOT-0012B-AI-ENR-FRENCH-4E-GRAMMAR-FUNCTIONS-REVISION-20260725213215-3,2,True,False,structural_validity=True | answer_correctness=True | skill_alignment=True | grade_appropriateness=False | executability=True | duplicate_safety=True,Independent pedagogical review is still required.
FR-4E,FRENCH,Français,SK-ENR-FRENCH-4E-GRAMMAR-TRANSFORM,CH-FRENCH-4E-GRAMMAR,assessment,REVIEW,Revue humaine pédagogique requise,draft,106488,106490,DRAFT-0012C-AI-ENR-FRENCH-4E-GRAMMAR-TRANSFORM-ASSESSMENT-20260726105100-1,2,True,False,structural_validity=True | answer_correctness=True | skill_alignment=True | grade_appropriateness=False | executability=True | duplicate_safety=True,Independent pedagogical review is still required.
FR-4E,FRENCH,Français,SK-ENR-FRENCH-4E-GRAMMAR-TRANSFORM,CH-FRENCH-4E-GRAMMAR,practice,REVIEW,Revue humaine pédagogique requise,draft,106504,106506,DRAFT-0012C-AI-ENR-FRENCH-4E-GRAMMAR-TRANSFORM-PRACTICE-20260726105105-1,2,True,False,structural_validity=True | answer_correctness=True | skill_alignment=True | grade_appropriateness=False | executability=True | duplicate_safety=True,Independent pedagogical review is still required.
FR-4E,FRENCH,Français,SK-ENR-FRENCH-4E-GRAMMAR-TRANSFORM,CH-FRENCH-4E-GRAMMAR,practice,REVIEW,Revue humaine pédagogique requise,draft,106516,106518,DRAFT-0012C-AI-ENR-FRENCH-4E-GRAMMAR-TRANSFORM-PRACTICE-20260726105108-1,1,True,False,structural_validity=True | answer_correctness=True | skill_alignment=True | grade_appropriateness=False | executability=True | duplicate_safety=True,Independent pedagogical review is still required.
FR-4E,FRENCH,Français,SK-ENR-FRENCH-4E-GRAMMAR-TRANSFORM,CH-FRENCH-4E-GRAMMAR,practice,REVIEW,Revue humaine pédagogique requise,draft,106532,106534,DRAFT-0012C-AI-ENR-FRENCH-4E-GRAMMAR-TRANSFORM-PRACTICE-20260726105114-1,3,True,False,structural_validity=True | answer_correctness=True | skill_alignment=True | grade_appropriateness=False | executability=True | duplicate_safety=True,Independent pedagogical review is still required.
FR-4E,FRENCH,Français,SK-ENR-FRENCH-4E-NARRATIVE-DESCRIPTION,CH-FRENCH-4E-NARRATIVE,assessment,REVIEW,Revue humaine pédagogique requise,draft,106548,106550,DRAFT-0012C-AI-ENR-FRENCH-4E-NARRATIVE-DESCRIPTION-ASSESSMENT-20260726105126-1,2,True,False,structural_validity=True | answer_correctness=True | skill_alignment=True | grade_appropriateness=False | executability=True | duplicate_safety=True,Independent pedagogical review is still required.
FR-4E,FRENCH,Français,SK-ENR-FRENCH-4E-NARRATIVE-DESCRIPTION,CH-FRENCH-4E-NARRATIVE,practice,REVIEW,Revue humaine pédagogique requise,draft,106540,106542,DRAFT-0012C-AI-ENR-FRENCH-4E-NARRATIVE-DESCRIPTION-PRACTICE-20260726105122-1,1,True,False,structural_validity=True | answer_correctness=True | skill_alignment=True | grade_appropriateness=False | executability=True | duplicate_safety=True,Independent pedagogical review is still required.
FR-4E,FRENCH,Français,SK-ENR-FRENCH-4E-NARRATIVE-DESCRIPTION,CH-FRENCH-4E-NARRATIVE,practice,REVIEW,Revue humaine pédagogique requise,draft,106544,106546,DRAFT-0012C-AI-ENR-FRENCH-4E-NARRATIVE-DESCRIPTION-PRACTICE-20260726105125-1,2,True,False,structural_validity=True | answer_correctness=True | skill_alignment=True | grade_appropriateness=False | executability=True | duplicate_safety=True,Independent pedagogical review is still required.
FR-4E,FRENCH,Français,SK-ENR-FRENCH-4E-NARRATIVE-DESCRIPTION,CH-FRENCH-4E-NARRATIVE,practice,REVIEW,Revue humaine pédagogique requise,draft,106556,106558,DRAFT-0012C-AI-ENR-FRENCH-4E-NARRATIVE-DESCRIPTION-PRACTICE-20260726105129-1,3,True,False,structural_validity=True | answer_correctness=True | skill_alignment=True | grade_appropriateness=False | executability=True | duplicate_safety=True,Independent pedagogical review is still required.
FR-4E,FRENCH,Français,SK-ENR-FRENCH-4E-NARRATIVE-PLOT,CH-FRENCH-4E-NARRATIVE,assessment,REVIEW,Revue humaine pédagogique requise,draft,106560,106562,DRAFT-0012C-AI-ENR-FRENCH-4E-NARRATIVE-PLOT-ASSESSMENT-20260726105130-1,2,True,False,structural_validity=True | answer_correctness=True | skill_alignment=True | grade_appropriateness=False | executability=True | duplicate_safety=True,Independent pedagogical review is still required.
FR-4E,FRENCH,Français,SK-ENR-FRENCH-4E-NARRATIVE-PLOT,CH-FRENCH-4E-NARRATIVE,practice,REVIEW,Revue humaine pédagogique requise,draft,106552,106554,DRAFT-0012C-AI-ENR-FRENCH-4E-NARRATIVE-PLOT-PRACTICE-20260726105128-1,1,True,False,structural_validity=True | answer_correctness=True | skill_alignment=True | grade_appropriateness=False | executability=True | duplicate_safety=True,Independent pedagogical review is still required.
FR-4E,FRENCH,Français,SK-ENR-FRENCH-4E-NARRATIVE-PLOT,CH-FRENCH-4E-NARRATIVE,practice,REVIEW,Revue humaine pédagogique requise,draft,106564,106566,DRAFT-0012C-AI-ENR-FRENCH-4E-NARRATIVE-PLOT-PRACTICE-20260726105133-1,3,True,False,structural_validity=True | answer_correctness=True | skill_alignment=True | grade_appropriateness=False | executability=True | duplicate_safety=True,Independent pedagogical review is still required.
FR-4E,FRENCH,Français,SK-ENR-FRENCH-4E-NARRATIVE-PLOT,CH-FRENCH-4E-NARRATIVE,practice,REVIEW,Revue humaine pédagogique requise,draft,106568,106570,DRAFT-0012C-AI-ENR-FRENCH-4E-NARRATIVE-PLOT-PRACTICE-20260726105135-1,2,True,False,structural_validity=True | answer_correctness=True | skill_alignment=True | grade_appropriateness=False | executability=True | duplicate_safety=True,Independent pedagogical review is still required.
FR-4E,FRENCH,Français,SK-ENR-FRENCH-4E-NARRATIVE-REVISE,CH-FRENCH-4E-NARRATIVE,assessment,REVIEW,Revue humaine pédagogique requise,draft,106576,106578,DRAFT-0012C-AI-ENR-FRENCH-4E-NARRATIVE-REVISE-ASSESSMENT-20260726105141-1,2,True,False,structural_validity=True | answer_correctness=True | skill_alignment=True | grade_appropriateness=False | executability=True | duplicate_safety=True,Independent pedagogical review is still required.
FR-4E,FRENCH,Français,SK-ENR-FRENCH-4E-NARRATIVE-REVISE,CH-FRENCH-4E-NARRATIVE,practice,REVIEW,Revue humaine pédagogique requise,draft,106572,106574,DRAFT-0012C-AI-ENR-FRENCH-4E-NARRATIVE-REVISE-PRACTICE-20260726105140-1,1,True,False,structural_validity=True | answer_correctness=True | skill_alignment=True | grade_appropriateness=False | executability=True | duplicate_safety=True,Independent pedagogical review is still required.
FR-4E,FRENCH,Français,SK-ENR-FRENCH-4E-NARRATIVE-REVISE,CH-FRENCH-4E-NARRATIVE,practice,REVIEW,Revue humaine pédagogique requise,draft,106588,106590,DRAFT-0012C-AI-ENR-FRENCH-4E-NARRATIVE-REVISE-PRACTICE-20260726105149-1,2,True,False,structural_validity=True | answer_correctness=True | skill_alignment=True | grade_appropriateness=False | executability=True | duplicate_safety=True,Independent pedagogical review is still required.
FR-4E,FRENCH,Français,SK-ENR-FRENCH-4E-NARRATIVE-REVISE,CH-FRENCH-4E-NARRATIVE,practice,REVIEW,Revue humaine pédagogique requise,draft,106596,106598,DRAFT-0012C-AI-ENR-FRENCH-4E-NARRATIVE-REVISE-PRACTICE-20260726105155-1,3,True,False,structural_validity=True | answer_correctness=True | skill_alignment=True | grade_appropriateness=False | executability=True | duplicate_safety=True,Independent pedagogical review is still required.
FR-4E,FRENCH,Français,SK-ENR-FRENCH-4E-NARRATIVE-TIME,CH-FRENCH-4E-NARRATIVE,assessment,REVIEW,Revue humaine pédagogique requise,draft,106592,106594,DRAFT-0012C-AI-ENR-FRENCH-4E-NARRATIVE-TIME-ASSESSMENT-20260726105154-1,2,True,False,structural_validity=True | answer_correctness=True | skill_alignment=True | grade_appropriateness=False | executability=True | duplicate_safety=True,Independent pedagogical review is still required.
FR-4E,FRENCH,Français,SK-ENR-FRENCH-4E-NARRATIVE-TIME,CH-FRENCH-4E-NARRATIVE,practice,REVIEW,Revue humaine pédagogique requise,draft,106580,106582,DRAFT-0012C-AI-ENR-FRENCH-4E-NARRATIVE-TIME-PRACTICE-20260726105147-1,1,True,False,structural_validity=True | answer_correctness=True | skill_alignment=True | grade_appropriateness=False | executability=True | duplicate_safety=True,Independent pedagogical review is still required.
FR-4E,FRENCH,Français,SK-ENR-FRENCH-4E-NARRATIVE-TIME,CH-FRENCH-4E-NARRATIVE,practice,REVIEW,Revue humaine pédagogique requise,draft,106600,106602,DRAFT-0012C-AI-ENR-FRENCH-4E-NARRATIVE-TIME-PRACTICE-20260726105157-1,2,True,False,structural_validity=True | answer_correctness=True | skill_alignment=True | grade_appropriateness=False | executability=True | duplicate_safety=True,Independent pedagogical review is still required.
FR-4E,FRENCH,Français,SK-ENR-FRENCH-4E-NARRATIVE-TIME,CH-FRENCH-4E-NARRATIVE,practice,REVIEW,Revue humaine pédagogique requise,draft,106616,106618,DRAFT-0012C-AI-ENR-FRENCH-4E-NARRATIVE-TIME-PRACTICE-20260726105204-1,3,True,False,structural_validity=True | answer_correctness=True | skill_alignment=True | grade_appropriateness=False | executability=True | duplicate_safety=True,Independent pedagogical review is still required.
FR-4E,FRENCH,Français,SK-ENR-FRENCH-4E-NARRATIVE-VIEWPOINT,CH-FRENCH-4E-NARRATIVE,assessment,REVIEW,Revue humaine pédagogique requise,draft,106604,106606,DRAFT-0012C-AI-ENR-FRENCH-4E-NARRATIVE-VIEWPOINT-ASSESSMENT-20260726105158-1,2,True,False,structural_validity=True | answer_correctness=True | skill_alignment=True | grade_appropriateness=False | executability=True | duplicate_safety=True,Independent pedagogical review is still required.
FR-4E,FRENCH,Français,SK-ENR-FRENCH-4E-NARRATIVE-VIEWPOINT,CH-FRENCH-4E-NARRATIVE,challenge,REVIEW,Revue humaine pédagogique requise,draft,104656,104658,PILOT-0012B-AI-ENR-FRENCH-4E-NARRATIVE-VIEWPOINT-CHALLENGE-20260725214611-1,2,True,False,structural_validity=True | answer_correctness=True | skill_alignment=True | grade_appropriateness=False | executability=True | duplicate_safety=True,Independent pedagogical review is still required.
FR-4E,FRENCH,Français,SK-ENR-FRENCH-4E-NARRATIVE-VIEWPOINT,CH-FRENCH-4E-NARRATIVE,challenge,REVIEW,Revue humaine pédagogique requise,draft,104660,104662,PILOT-0012B-AI-ENR-FRENCH-4E-NARRATIVE-VIEWPOINT-CHALLENGE-20260725214611-2,2,True,False,structural_validity=True | answer_correctness=True | skill_alignment=True | grade_appropriateness=False | executability=True | duplicate_safety=True,Independent pedagogical review is still required.
FR-4E,FRENCH,Français,SK-ENR-FRENCH-4E-NARRATIVE-VIEWPOINT,CH-FRENCH-4E-NARRATIVE,challenge,REVIEW,Revue humaine pédagogique requise,draft,104664,104666,PILOT-0012B-AI-ENR-FRENCH-4E-NARRATIVE-VIEWPOINT-CHALLENGE-20260725214611-3,2,True,False,structural_validity=True | answer_correctness=True | skill_alignment=True | grade_appropriateness=False | executability=True | duplicate_safety=True,Independent pedagogical review is still required.
FR-4E,FRENCH,Français,SK-ENR-FRENCH-4E-NARRATIVE-VIEWPOINT,CH-FRENCH-4E-NARRATIVE,practice,REVIEW,Revue humaine pédagogique requise,draft,106584,106586,DRAFT-0012C-AI-ENR-FRENCH-4E-NARRATIVE-VIEWPOINT-PRACTICE-20260726105148-1,1,True,False,structural_validity=True | answer_correctness=True | skill_alignment=True | grade_appropriateness=False | executability=True | duplicate_safety=True,Independent pedagogical review is still required.
FR-4E,FRENCH,Français,SK-ENR-FRENCH-4E-NARRATIVE-VIEWPOINT,CH-FRENCH-4E-NARRATIVE,practice,REVIEW,Revue humaine pédagogique requise,draft,106608,106610,DRAFT-0012C-AI-ENR-FRENCH-4E-NARRATIVE-VIEWPOINT-PRACTICE-20260726105159-1,3,True,False,structural_validity=True | answer_correctness=True | skill_alignment=True | grade_appropriateness=False | executability=True | duplicate_safety=True,Independent pedagogical review is still required.
FR-4E,FRENCH,Français,SK-ENR-FRENCH-4E-NARRATIVE-VIEWPOINT,CH-FRENCH-4E-NARRATIVE,practice,REVIEW,Revue humaine pédagogique requise,draft,106612,106614,DRAFT-0012C-AI-ENR-FRENCH-4E-NARRATIVE-VIEWPOINT-PRACTICE-20260726105204-1,2,True,False,structural_validity=True | answer_correctness=True | skill_alignment=True | grade_appropriateness=False | executability=True | duplicate_safety=True,Independent pedagogical review is still required.
FR-4E,FRENCH,Français,SK-ENR-FRENCH-4E-SPELLING-GN,CH-FRENCH-4E-SPELLING,assessment,REVIEW,Revue humaine pédagogique requise,draft,106644,106646,DRAFT-0012C-AI-ENR-FRENCH-4E-SPELLING-GN-ASSESSMENT-20260726105218-1,2,True,False,structural_validity=True | answer_correctness=True | skill_alignment=True | grade_appropriateness=False | executability=True | duplicate_safety=True,Independent pedagogical review is still required.
FR-4E,FRENCH,Français,SK-ENR-FRENCH-4E-SPELLING-GN,CH-FRENCH-4E-SPELLING,practice,REVIEW,Revue humaine pédagogique requise,draft,106632,106634,DRAFT-0012C-AI-ENR-FRENCH-4E-SPELLING-GN-PRACTICE-20260726105216-1,1,True,False,structural_validity=True | answer_correctness=True | skill_alignment=True | grade_appropriateness=False | executability=True | duplicate_safety=True,Independent pedagogical review is still required.
FR-4E,FRENCH,Français,SK-ENR-FRENCH-4E-SPELLING-GN,CH-FRENCH-4E-SPELLING,practice,REVIEW,Revue humaine pédagogique requise,draft,106648,106650,DRAFT-0012C-AI-ENR-FRENCH-4E-SPELLING-GN-PRACTICE-20260726105222-1,2,True,False,structural_validity=True | answer_correctness=True | skill_alignment=True | grade_appropriateness=False | executability=True | duplicate_safety=True,Independent pedagogical review is still required.
FR-4E,FRENCH,Français,SK-ENR-FRENCH-4E-SPELLING-GN,CH-FRENCH-4E-SPELLING,practice,REVIEW,Revue humaine pédagogique requise,draft,106652,106654,DRAFT-0012C-AI-ENR-FRENCH-4E-SPELLING-GN-PRACTICE-20260726105232-1,3,True,False,structural_validity=True | answer_correctness=True | skill_alignment=True | grade_appropriateness=False | executability=True | duplicate_safety=True,Independent pedagogical review is still required.
FR-4E,FRENCH,Français,SK-ENR-FRENCH-4E-SPELLING-HOMOPHONES,CH-FRENCH-4E-SPELLING,assessment,REVIEW,Revue humaine pédagogique requise,draft,106660,106662,DRAFT-0012C-AI-ENR-FRENCH-4E-SPELLING-HOMOPHONES-ASSESSMENT-20260726105434-1,2,True,False,structural_validity=True | answer_correctness=True | skill_alignment=True | grade_appropriateness=False | executability=True | duplicate_safety=True,Independent pedagogical review is still required.
FR-4E,FRENCH,Français,SK-ENR-FRENCH-4E-SPELLING-HOMOPHONES,CH-FRENCH-4E-SPELLING,practice,REVIEW,Revue humaine pédagogique requise,draft,106656,106658,DRAFT-0012C-AI-ENR-FRENCH-4E-SPELLING-HOMOPHONES-PRACTICE-20260726105434-1,2,True,False,structural_validity=True | answer_correctness=True | skill_alignment=True | grade_appropriateness=False | executability=True | duplicate_safety=True,Independent pedagogical review is still required.
FR-4E,FRENCH,Français,SK-ENR-FRENCH-4E-SPELLING-HOMOPHONES,CH-FRENCH-4E-SPELLING,practice,REVIEW,Revue humaine pédagogique requise,draft,106672,106674,DRAFT-0012C-AI-ENR-FRENCH-4E-SPELLING-HOMOPHONES-PRACTICE-20260726105439-1,1,True,False,structural_validity=True | answer_correctness=True | skill_alignment=True | grade_appropriateness=False | executability=True | duplicate_safety=True,Independent pedagogical review is still required.
FR-4E,FRENCH,Français,SK-ENR-FRENCH-4E-SPELLING-HOMOPHONES,CH-FRENCH-4E-SPELLING,practice,REVIEW,Revue humaine pédagogique requise,draft,106684,106686,DRAFT-0012C-AI-ENR-FRENCH-4E-SPELLING-HOMOPHONES-PRACTICE-20260726105443-1,3,True,False,structural_validity=True | answer_correctness=True | skill_alignment=True | grade_appropriateness=False | executability=True | duplicate_safety=True,Independent pedagogical review is still required.
FR-4E,FRENCH,Français,SK-ENR-FRENCH-4E-SPELLING-PARTICIPLE,CH-FRENCH-4E-SPELLING,practice,REVIEW,Revue humaine pédagogique requise,draft,106664,106666,DRAFT-0012C-AI-ENR-FRENCH-4E-SPELLING-PARTICIPLE-PRACTICE-20260726105436-1,1,True,False,structural_validity=True | answer_correctness=True | skill_alignment=True | grade_appropriateness=False | executability=True | duplicate_safety=True,Independent pedagogical review is still required.
FR-4E,FRENCH,Français,SK-ENR-FRENCH-4E-SPELLING-PARTICIPLE,CH-FRENCH-4E-SPELLING,practice,REVIEW,Revue humaine pédagogique requise,draft,106676,106678,DRAFT-0012C-AI-ENR-FRENCH-4E-SPELLING-PARTICIPLE-PRACTICE-20260726105439-1,2,True,False,structural_validity=True | answer_correctness=True | skill_alignment=True | grade_appropriateness=False | executability=True | duplicate_safety=True,Independent pedagogical review is still required.
FR-4E,FRENCH,Français,SK-ENR-FRENCH-4E-SPELLING-PARTICIPLE,CH-FRENCH-4E-SPELLING,practice,REVIEW,Revue humaine pédagogique requise,draft,106688,106690,DRAFT-0012C-AI-ENR-FRENCH-4E-SPELLING-PARTICIPLE-PRACTICE-20260726105444-1,3,True,False,structural_validity=True | answer_correctness=True | skill_alignment=True | grade_appropriateness=False | executability=True | duplicate_safety=True,Independent pedagogical review is still required.
FR-4E,FRENCH,Français,SK-ENR-FRENCH-4E-SPELLING-REVISE,CH-FRENCH-4E-SPELLING,assessment,REVIEW,Revue humaine pédagogique requise,draft,106696,106698,DRAFT-0012C-AI-ENR-FRENCH-4E-SPELLING-REVISE-ASSESSMENT-20260726105449-1,2,True,False,structural_validity=True | answer_correctness=True | skill_alignment=True | grade_appropriateness=False | executability=True | duplicate_safety=True,Independent pedagogical review is still required.
FR-4E,FRENCH,Français,SK-ENR-FRENCH-4E-SPELLING-REVISE,CH-FRENCH-4E-SPELLING,practice,REVIEW,Revue humaine pédagogique requise,draft,106668,106670,DRAFT-0012C-AI-ENR-FRENCH-4E-SPELLING-REVISE-PRACTICE-20260726105437-1,1,True,False,structural_validity=True | answer_correctness=True | skill_alignment=True | grade_appropriateness=False | executability=True | duplicate_safety=True,Independent pedagogical review is still required.
FR-4E,FRENCH,Français,SK-ENR-FRENCH-4E-SPELLING-REVISE,CH-FRENCH-4E-SPELLING,practice,REVIEW,Revue humaine pédagogique requise,draft,106680,106682,DRAFT-0012C-AI-ENR-FRENCH-4E-SPELLING-REVISE-PRACTICE-20260726105442-1,2,True,False,structural_validity=True | answer_correctness=True | skill_alignment=True | grade_appropriateness=False | executability=True | duplicate_safety=True,Independent pedagogical review is still required.
FR-4E,FRENCH,Français,SK-ENR-FRENCH-4E-SPELLING-REVISE,CH-FRENCH-4E-SPELLING,practice,REVIEW,Revue humaine pédagogique requise,draft,106700,106702,DRAFT-0012C-AI-ENR-FRENCH-4E-SPELLING-REVISE-PRACTICE-20260726105451-1,3,True,False,structural_validity=True | answer_correctness=True | skill_alignment=True | grade_appropriateness=False | executability=True | duplicate_safety=True,Independent pedagogical review is still required.
FR-4E,FRENCH,Français,SK-ENR-FRENCH-4E-SPELLING-SV,CH-FRENCH-4E-SPELLING,assessment,REVIEW,Revue humaine pédagogique requise,draft,106692,106694,DRAFT-0012C-AI-ENR-FRENCH-4E-SPELLING-SV-ASSESSMENT-20260726105448-1,2,True,False,structural_validity=True | answer_correctness=True | skill_alignment=True | grade_appropriateness=False | executability=True | duplicate_safety=True,Independent pedagogical review is still required.
FR-4E,FRENCH,Français,SK-ENR-FRENCH-4E-SPELLING-SV,CH-FRENCH-4E-SPELLING,diagnostic,REVIEW,Revue humaine pédagogique requise,draft,104632,104634,PILOT-0012B-AI-ENR-FRENCH-4E-SPELLING-SV-DIAGNOSTIC-20260725214259-1,2,True,False,structural_validity=True | answer_correctness=True | skill_alignment=True | grade_appropriateness=False | executability=True | duplicate_safety=True,Independent pedagogical review is still required.
FR-4E,FRENCH,Français,SK-ENR-FRENCH-4E-SPELLING-SV,CH-FRENCH-4E-SPELLING,diagnostic,REVIEW,Revue humaine pédagogique requise,draft,104636,104638,PILOT-0012B-AI-ENR-FRENCH-4E-SPELLING-SV-DIAGNOSTIC-20260725214259-2,2,True,False,structural_validity=True | answer_correctness=True | skill_alignment=True | grade_appropriateness=False | executability=True | duplicate_safety=True,Independent pedagogical review is still required.
FR-4E,FRENCH,Français,SK-ENR-FRENCH-4E-SPELLING-SV,CH-FRENCH-4E-SPELLING,diagnostic,REVIEW,Revue humaine pédagogique requise,draft,104640,104642,PILOT-0012B-AI-ENR-FRENCH-4E-SPELLING-SV-DIAGNOSTIC-20260725214352-1,2,True,False,structural_validity=True | answer_correctness=True | skill_alignment=True | grade_appropriateness=False | executability=True | duplicate_safety=True,Independent pedagogical review is still required.
FR-4E,FRENCH,Français,SK-ENR-FRENCH-4E-SPELLING-SV,CH-FRENCH-4E-SPELLING,practice,REVIEW,Revue humaine pédagogique requise,draft,106708,106710,DRAFT-0012C-AI-ENR-FRENCH-4E-SPELLING-SV-PRACTICE-20260726105452-1,1,True,False,structural_validity=True | answer_correctness=True | skill_alignment=True | grade_appropriateness=False | executability=True | duplicate_safety=True,Independent pedagogical review is still required.
FR-4E,FRENCH,Français,SK-ENR-FRENCH-4E-SPELLING-SV,CH-FRENCH-4E-SPELLING,practice,REVIEW,Revue humaine pédagogique requise,draft,106712,106714,DRAFT-0012C-AI-ENR-FRENCH-4E-SPELLING-SV-PRACTICE-20260726105456-1,2,True,False,structural_validity=True | answer_correctness=True | skill_alignment=True | grade_appropriateness=False | executability=True | duplicate_safety=True,Independent pedagogical review is still required.
FR-4E,FRENCH,Français,SK-ENR-FRENCH-4E-SPELLING-SV,CH-FRENCH-4E-SPELLING,practice,REVIEW,Revue humaine pédagogique requise,draft,106740,106742,DRAFT-0012C-AI-ENR-FRENCH-4E-SPELLING-SV-PRACTICE-20260726105504-1,3,True,False,structural_validity=True | answer_correctness=True | skill_alignment=True | grade_appropriateness=False | executability=True | duplicate_safety=True,Independent pedagogical review is still required.
FR-4E,FRENCH,Français,SK-ENR-FRENCH-4E-VOCAB-CONTEXT,CH-FRENCH-4E-VOCAB,assessment,REVIEW,Revue humaine pédagogique requise,draft,106732,106734,DRAFT-0012C-AI-ENR-FRENCH-4E-VOCAB-CONTEXT-ASSESSMENT-20260726105504-1,2,True,False,structural_validity=True | answer_correctness=True | skill_alignment=True | grade_appropriateness=False | executability=True | duplicate_safety=True,Independent pedagogical review is still required.
FR-4E,FRENCH,Français,SK-ENR-FRENCH-4E-VOCAB-CONTEXT,CH-FRENCH-4E-VOCAB,practice,REVIEW,Revue humaine pédagogique requise,draft,106728,106730,DRAFT-0012C-AI-ENR-FRENCH-4E-VOCAB-CONTEXT-PRACTICE-20260726105502-1,1,True,False,structural_validity=True | answer_correctness=True | skill_alignment=True | grade_appropriateness=False | executability=True | duplicate_safety=True,Independent pedagogical review is still required.
FR-4E,FRENCH,Français,SK-ENR-FRENCH-4E-VOCAB-CONTEXT,CH-FRENCH-4E-VOCAB,practice,REVIEW,Revue humaine pédagogique requise,draft,106736,106738,DRAFT-0012C-AI-ENR-FRENCH-4E-VOCAB-CONTEXT-PRACTICE-20260726105504-1,2,True,False,structural_validity=True | answer_correctness=True | skill_alignment=True | grade_appropriateness=False | executability=True | duplicate_safety=True,Independent pedagogical review is still required.
FR-4E,FRENCH,Français,SK-ENR-FRENCH-4E-VOCAB-CONTEXT,CH-FRENCH-4E-VOCAB,practice,REVIEW,Revue humaine pédagogique requise,draft,106764,106766,DRAFT-0012C-AI-ENR-FRENCH-4E-VOCAB-CONTEXT-PRACTICE-20260726105513-1,3,True,False,structural_validity=True | answer_correctness=True | skill_alignment=True | grade_appropriateness=False | executability=True | duplicate_safety=True,Independent pedagogical review is still required.
FR-4E,FRENCH,Français,SK-ENR-FRENCH-4E-VOCAB-CONTEXT,CH-FRENCH-4E-VOCAB,remediation,REVIEW,Revue humaine pédagogique requise,draft,104644,104646,PILOT-0012B-AI-ENR-FRENCH-4E-VOCAB-CONTEXT-REMEDIATION-20260725214437-1,2,True,False,structural_validity=True | answer_correctness=True | skill_alignment=True | grade_appropriateness=False | executability=True | duplicate_safety=True,Independent pedagogical review is still required.
FR-4E,FRENCH,Français,SK-ENR-FRENCH-4E-VOCAB-CONTEXT,CH-FRENCH-4E-VOCAB,remediation,REVIEW,Revue humaine pédagogique requise,draft,104648,104650,PILOT-0012B-AI-ENR-FRENCH-4E-VOCAB-CONTEXT-REMEDIATION-20260725214511-1,2,True,False,structural_validity=True | answer_correctness=True | skill_alignment=True | grade_appropriateness=False | executability=True | duplicate_safety=True,Independent pedagogical review is still required.
FR-4E,FRENCH,Français,SK-ENR-FRENCH-4E-VOCAB-CONTEXT,CH-FRENCH-4E-VOCAB,remediation,REVIEW,Revue humaine pédagogique requise,draft,104652,104654,PILOT-0012B-AI-ENR-FRENCH-4E-VOCAB-CONTEXT-REMEDIATION-20260725214511-2,2,True,False,structural_validity=True | answer_correctness=True | skill_alignment=True | grade_appropriateness=False | executability=True | duplicate_safety=True,Independent pedagogical review is still required.
FR-4E,FRENCH,Français,SK-ENR-FRENCH-4E-VOCAB-FIGURE,CH-FRENCH-4E-VOCAB,assessment,REVIEW,Revue humaine pédagogique requise,draft,106752,106754,DRAFT-0012C-AI-ENR-FRENCH-4E-VOCAB-FIGURE-ASSESSMENT-20260726105509-1,2,True,False,structural_validity=True | answer_correctness=True | skill_alignment=True | grade_appropriateness=False | executability=True | duplicate_safety=True,Independent pedagogical review is still required.
FR-4E,FRENCH,Français,SK-ENR-FRENCH-4E-VOCAB-FIGURE,CH-FRENCH-4E-VOCAB,practice,REVIEW,Revue humaine pédagogique requise,draft,106780,106782,DRAFT-0012C-AI-ENR-FRENCH-4E-VOCAB-FIGURE-PRACTICE-20260726105523-1,3,True,False,structural_validity=True | answer_correctness=True | skill_alignment=True | grade_appropriateness=False | executability=True | duplicate_safety=True,Independent pedagogical review is still required.
FR-4E,FRENCH,Français,SK-ENR-FRENCH-4E-VOCAB-FIGURE,CH-FRENCH-4E-VOCAB,practice,REVIEW,Revue humaine pédagogique requise,draft,109216,109218,DRAFT-0012C-AI-ENR-FRENCH-4E-VOCAB-FIGURE-PRACTICE-20260726111908-1,2,True,False,structural_validity=True | answer_correctness=True | skill_alignment=True | grade_appropriateness=True | executability=True | duplicate_safety=True,Explanation discusses absent alternative options; remove that editorial residue.
FR-4E,FRENCH,Français,SK-ENR-FRENCH-4E-VOCAB-FORMATION,CH-FRENCH-4E-VOCAB,assessment,REVIEW,Revue humaine pédagogique requise,draft,106760,106762,DRAFT-0012C-AI-ENR-FRENCH-4E-VOCAB-FORMATION-ASSESSMENT-20260726105513-1,2,True,False,structural_validity=True | answer_correctness=True | skill_alignment=True | grade_appropriateness=False | executability=True | duplicate_safety=True,Independent pedagogical review is still required.
FR-4E,FRENCH,Français,SK-ENR-FRENCH-4E-VOCAB-FORMATION,CH-FRENCH-4E-VOCAB,practice,REVIEW,Revue humaine pédagogique requise,draft,106772,106774,DRAFT-0012C-AI-ENR-FRENCH-4E-VOCAB-FORMATION-PRACTICE-20260726105521-1,1,True,False,structural_validity=True | answer_correctness=True | skill_alignment=True | grade_appropriateness=False | executability=True | duplicate_safety=True,Independent pedagogical review is still required.
FR-4E,FRENCH,Français,SK-ENR-FRENCH-4E-VOCAB-FORMATION,CH-FRENCH-4E-VOCAB,practice,REVIEW,Revue humaine pédagogique requise,draft,106784,106786,DRAFT-0012C-AI-ENR-FRENCH-4E-VOCAB-FORMATION-PRACTICE-20260726105524-1,2,True,False,structural_validity=True | answer_correctness=True | skill_alignment=True | grade_appropriateness=False | executability=True | duplicate_safety=True,Independent pedagogical review is still required.
FR-4E,FRENCH,Français,SK-ENR-FRENCH-4E-VOCAB-FORMATION,CH-FRENCH-4E-VOCAB,practice,REVIEW,Revue humaine pédagogique requise,draft,106816,106818,DRAFT-0012C-AI-ENR-FRENCH-4E-VOCAB-FORMATION-PRACTICE-20260726105537-1,3,True,False,structural_validity=True | answer_correctness=True | skill_alignment=True | grade_appropriateness=False | executability=True | duplicate_safety=True,Independent pedagogical review is still required.
FR-4E,FRENCH,Français,SK-ENR-FRENCH-4E-VOCAB-REGISTER,CH-FRENCH-4E-VOCAB,assessment,REVIEW,Revue humaine pédagogique requise,draft,106768,106770,DRAFT-0012C-AI-ENR-FRENCH-4E-VOCAB-REGISTER-ASSESSMENT-20260726105519-1,2,True,False,structural_validity=True | answer_correctness=True | skill_alignment=True | grade_appropriateness=False | executability=True | duplicate_safety=True,Independent pedagogical review is still required.
FR-4E,FRENCH,Français,SK-ENR-FRENCH-4E-VOCAB-REGISTER,CH-FRENCH-4E-VOCAB,practice,REVIEW,Revue humaine pédagogique requise,draft,106776,106778,DRAFT-0012C-AI-ENR-FRENCH-4E-VOCAB-REGISTER-PRACTICE-20260726105523-1,2,True,False,structural_validity=True | answer_correctness=True | skill_alignment=True | grade_appropriateness=False | executability=True | duplicate_safety=True,Independent pedagogical review is still required.
FR-4E,FRENCH,Français,SK-ENR-FRENCH-4E-VOCAB-REGISTER,CH-FRENCH-4E-VOCAB,practice,REVIEW,Revue humaine pédagogique requise,draft,106788,106790,DRAFT-0012C-AI-ENR-FRENCH-4E-VOCAB-REGISTER-PRACTICE-20260726105525-1,1,True,False,structural_validity=True | answer_correctness=True | skill_alignment=True | grade_appropriateness=False | executability=True | duplicate_safety=True,Independent pedagogical review is still required.
FR-4E,FRENCH,Français,SK-ENR-FRENCH-4E-VOCAB-REGISTER,CH-FRENCH-4E-VOCAB,practice,REVIEW,Revue humaine pédagogique requise,draft,106832,106834,DRAFT-0012C-AI-ENR-FRENCH-4E-VOCAB-REGISTER-PRACTICE-20260726105540-1,3,True,False,structural_validity=True | answer_correctness=True | skill_alignment=True | grade_appropriateness=False | executability=True | duplicate_safety=True,Independent pedagogical review is still required.
FR-4E,FRENCH,Français,SK-ENR-FRENCH-4E-VOCAB-REUSE,CH-FRENCH-4E-VOCAB,assessment,REVIEW,Revue humaine pédagogique requise,draft,106796,106798,DRAFT-0012C-AI-ENR-FRENCH-4E-VOCAB-REUSE-ASSESSMENT-20260726105527-1,2,True,False,structural_validity=True | answer_correctness=True | skill_alignment=True | grade_appropriateness=False | executability=True | duplicate_safety=True,Independent pedagogical review is still required.
FR-4E,FRENCH,Français,SK-ENR-FRENCH-4E-VOCAB-REUSE,CH-FRENCH-4E-VOCAB,practice,REVIEW,Revue humaine pédagogique requise,draft,106792,106794,DRAFT-0012C-AI-ENR-FRENCH-4E-VOCAB-REUSE-PRACTICE-20260726105526-1,2,True,False,structural_validity=True | answer_correctness=True | skill_alignment=True | grade_appropriateness=False | executability=True | duplicate_safety=True,Independent pedagogical review is still required.
FR-4E,FRENCH,Français,SK-ENR-FRENCH-4E-VOCAB-REUSE,CH-FRENCH-4E-VOCAB,practice,REVIEW,Revue humaine pédagogique requise,draft,106800,106802,DRAFT-0012C-AI-ENR-FRENCH-4E-VOCAB-REUSE-PRACTICE-20260726105528-1,1,True,False,structural_validity=True | answer_correctness=True | skill_alignment=True | grade_appropriateness=False | executability=True | duplicate_safety=True,Independent pedagogical review is still required.
FR-4E,FRENCH,Français,SK-ENR-FRENCH-4E-VOCAB-REUSE,CH-FRENCH-4E-VOCAB,practice,REVIEW,Revue humaine pédagogique requise,draft,106804,106806,DRAFT-0012C-AI-ENR-FRENCH-4E-VOCAB-REUSE-PRACTICE-20260726105534-1,3,True,False,structural_validity=True | answer_correctness=True | skill_alignment=True | grade_appropriateness=False | executability=True | duplicate_safety=True,Independent pedagogical review is still required.
FR-4E,FRENCH,Français,SK-FRENCH-4E-COMPREHENSION,CH-FRENCH-4E-COMPREHENSION,assessment,REVIEW,Revue humaine pédagogique requise,draft,106344,106346,DRAFT-0012C-AI-FRENCH-4E-COMPREHENSION-ASSESSMENT-20260726104943-1,2,True,False,structural_validity=True | answer_correctness=True | skill_alignment=True | grade_appropriateness=False | executability=True | duplicate_safety=True,Independent pedagogical review is still required.
FR-4E,FRENCH,Français,SK-FRENCH-4E-COMPREHENSION,CH-FRENCH-4E-COMPREHENSION,diagnostic,REVIEW,Revue humaine pédagogique requise,draft,106348,106350,DRAFT-0012C-AI-FRENCH-4E-COMPREHENSION-DIAGNOSTIC-20260726104945-1,2,True,False,structural_validity=True | answer_correctness=True | skill_alignment=True | grade_appropriateness=False | executability=True | duplicate_safety=True,Independent pedagogical review is still required.
FR-4E,FRENCH,Français,SK-FRENCH-4E-COMPREHENSION,CH-FRENCH-4E-COMPREHENSION,practice,REVIEW,Revue humaine pédagogique requise,draft,106336,106338,DRAFT-0012C-AI-FRENCH-4E-COMPREHENSION-PRACTICE-20260726104942-1,1,True,False,structural_validity=True | answer_correctness=True | skill_alignment=True | grade_appropriateness=False | executability=True | duplicate_safety=True,Independent pedagogical review is still required.
FR-4E,FRENCH,Français,SK-FRENCH-4E-COMPREHENSION,CH-FRENCH-4E-COMPREHENSION,practice,REVIEW,Revue humaine pédagogique requise,draft,106340,106342,DRAFT-0012C-AI-FRENCH-4E-COMPREHENSION-PRACTICE-20260726104943-1,2,True,False,structural_validity=True | answer_correctness=True | skill_alignment=True | grade_appropriateness=False | executability=True | duplicate_safety=True,Independent pedagogical review is still required.
FR-4E,FRENCH,Français,SK-FRENCH-4E-COMPREHENSION,CH-FRENCH-4E-COMPREHENSION,remediation,REVIEW,Revue humaine pédagogique requise,draft,106352,106354,DRAFT-0012C-AI-FRENCH-4E-COMPREHENSION-REMEDIATION-20260726104946-1,1,True,False,structural_validity=True | answer_correctness=True | skill_alignment=True | grade_appropriateness=False | executability=True | duplicate_safety=True,Independent pedagogical review is still required.
FR-4E,FRENCH,Français,SK-FRENCH-4E-CONJUGATION,CH-FRENCH-4E-CONJUGATION,assessment,REVIEW,Revue humaine pédagogique requise,draft,106432,106434,DRAFT-0012C-AI-FRENCH-4E-CONJUGATION-ASSESSMENT-20260726105030-1,2,True,False,structural_validity=True | answer_correctness=True | skill_alignment=True | grade_appropriateness=False | executability=True | duplicate_safety=True,Independent pedagogical review is still required.
FR-4E,FRENCH,Français,SK-FRENCH-4E-CONJUGATION,CH-FRENCH-4E-CONJUGATION,diagnostic,REVIEW,Revue humaine pédagogique requise,draft,106436,106438,DRAFT-0012C-AI-FRENCH-4E-CONJUGATION-DIAGNOSTIC-20260726105032-1,2,True,False,structural_validity=True | answer_correctness=True | skill_alignment=True | grade_appropriateness=False | executability=True | duplicate_safety=True,Independent pedagogical review is still required.
FR-4E,FRENCH,Français,SK-FRENCH-4E-CONJUGATION,CH-FRENCH-4E-CONJUGATION,practice,REVIEW,Revue humaine pédagogique requise,draft,106440,106442,DRAFT-0012C-AI-FRENCH-4E-CONJUGATION-PRACTICE-20260726105032-1,1,True,False,structural_validity=True | answer_correctness=True | skill_alignment=True | grade_appropriateness=False | executability=True | duplicate_safety=True,Independent pedagogical review is still required.
FR-4E,FRENCH,Français,SK-FRENCH-4E-CONJUGATION,CH-FRENCH-4E-CONJUGATION,practice,REVIEW,Revue humaine pédagogique requise,draft,106452,106454,DRAFT-0012C-AI-FRENCH-4E-CONJUGATION-PRACTICE-20260726105037-1,2,True,False,structural_validity=True | answer_correctness=True | skill_alignment=True | grade_appropriateness=False | executability=True | duplicate_safety=True,Independent pedagogical review is still required.
FR-4E,FRENCH,Français,SK-FRENCH-4E-CONJUGATION,CH-FRENCH-4E-CONJUGATION,remediation,REVIEW,Revue humaine pédagogique requise,draft,106456,106458,DRAFT-0012C-AI-FRENCH-4E-CONJUGATION-REMEDIATION-20260726105038-1,1,True,False,structural_validity=True | answer_correctness=True | skill_alignment=True | grade_appropriateness=False | executability=True | duplicate_safety=True,Independent pedagogical review is still required.
FR-4E,FRENCH,Français,SK-FRENCH-4E-GRAMMAR,CH-FRENCH-4E-GRAMMAR,assessment,REVIEW,Revue humaine pédagogique requise,draft,106512,106514,DRAFT-0012C-AI-FRENCH-4E-GRAMMAR-ASSESSMENT-20260726105107-1,2,True,False,structural_validity=True | answer_correctness=True | skill_alignment=True | grade_appropriateness=False | executability=True | duplicate_safety=True,Independent pedagogical review is still required.
FR-4E,FRENCH,Français,SK-FRENCH-4E-GRAMMAR,CH-FRENCH-4E-GRAMMAR,diagnostic,REVIEW,Revue humaine pédagogique requise,draft,106524,106526,DRAFT-0012C-AI-FRENCH-4E-GRAMMAR-DIAGNOSTIC-20260726105110-1,2,True,False,structural_validity=True | answer_correctness=True | skill_alignment=True | grade_appropriateness=False | executability=True | duplicate_safety=True,Independent pedagogical review is still required.
FR-4E,FRENCH,Français,SK-FRENCH-4E-GRAMMAR,CH-FRENCH-4E-GRAMMAR,practice,REVIEW,Revue humaine pédagogique requise,draft,106520,106522,DRAFT-0012C-AI-FRENCH-4E-GRAMMAR-PRACTICE-20260726105109-1,1,True,False,structural_validity=True | answer_correctness=True | skill_alignment=True | grade_appropriateness=False | executability=True | duplicate_safety=True,Independent pedagogical review is still required.
FR-4E,FRENCH,Français,SK-FRENCH-4E-GRAMMAR,CH-FRENCH-4E-GRAMMAR,practice,REVIEW,Revue humaine pédagogique requise,draft,106536,106538,DRAFT-0012C-AI-FRENCH-4E-GRAMMAR-PRACTICE-20260726105122-1,2,True,False,structural_validity=True | answer_correctness=True | skill_alignment=True | grade_appropriateness=False | executability=True | duplicate_safety=True,Independent pedagogical review is still required.
FR-4E,FRENCH,Français,SK-FRENCH-4E-GRAMMAR,CH-FRENCH-4E-GRAMMAR,remediation,REVIEW,Revue humaine pédagogique requise,draft,106528,106530,DRAFT-0012C-AI-FRENCH-4E-GRAMMAR-REMEDIATION-20260726105112-1,1,True,False,structural_validity=True | answer_correctness=True | skill_alignment=True | grade_appropriateness=False | executability=True | duplicate_safety=True,Independent pedagogical review is still required.
FR-4E,FRENCH,Français,SK-FRENCH-4E-NARRATIVE,CH-FRENCH-4E-NARRATIVE,assessment,REVIEW,Revue humaine pédagogique requise,draft,106628,106630,DRAFT-0012C-AI-FRENCH-4E-NARRATIVE-ASSESSMENT-20260726105207-1,2,True,False,structural_validity=True | answer_correctness=True | skill_alignment=True | grade_appropriateness=False | executability=True | duplicate_safety=True,Independent pedagogical review is still required.
FR-4E,FRENCH,Français,SK-FRENCH-4E-NARRATIVE,CH-FRENCH-4E-NARRATIVE,diagnostic,REVIEW,Revue humaine pédagogique requise,draft,106620,106622,DRAFT-0012C-AI-FRENCH-4E-NARRATIVE-DIAGNOSTIC-20260726105206-1,2,True,False,structural_validity=True | answer_correctness=True | skill_alignment=True | grade_appropriateness=False | executability=True | duplicate_safety=True,Independent pedagogical review is still required.
FR-4E,FRENCH,Français,SK-FRENCH-4E-NARRATIVE,CH-FRENCH-4E-NARRATIVE,practice,REVIEW,Revue humaine pédagogique requise,draft,106624,106626,DRAFT-0012C-AI-FRENCH-4E-NARRATIVE-PRACTICE-20260726105206-1,1,True,False,structural_validity=True | answer_correctness=True | skill_alignment=True | grade_appropriateness=False | executability=True | duplicate_safety=True,Independent pedagogical review is still required.
FR-4E,FRENCH,Français,SK-FRENCH-4E-NARRATIVE,CH-FRENCH-4E-NARRATIVE,practice,REVIEW,Revue humaine pédagogique requise,draft,106640,106642,DRAFT-0012C-AI-FRENCH-4E-NARRATIVE-PRACTICE-20260726105218-1,2,True,False,structural_validity=True | answer_correctness=True | skill_alignment=True | grade_appropriateness=False | executability=True | duplicate_safety=True,Independent pedagogical review is still required.
FR-4E,FRENCH,Français,SK-FRENCH-4E-NARRATIVE,CH-FRENCH-4E-NARRATIVE,remediation,REVIEW,Revue humaine pédagogique requise,draft,106636,106638,DRAFT-0012C-AI-FRENCH-4E-NARRATIVE-REMEDIATION-20260726105216-1,1,True,False,structural_validity=True | answer_correctness=True | skill_alignment=True | grade_appropriateness=False | executability=True | duplicate_safety=True,Independent pedagogical review is still required.
FR-4E,FRENCH,Français,SK-FRENCH-4E-SPELLING,CH-FRENCH-4E-SPELLING,assessment,REVIEW,Revue humaine pédagogique requise,draft,106704,106706,DRAFT-0012C-AI-FRENCH-4E-SPELLING-ASSESSMENT-20260726105452-1,2,True,False,structural_validity=True | answer_correctness=True | skill_alignment=True | grade_appropriateness=False | executability=True | duplicate_safety=True,Independent pedagogical review is still required.
FR-4E,FRENCH,Français,SK-FRENCH-4E-SPELLING,CH-FRENCH-4E-SPELLING,diagnostic,REVIEW,Revue humaine pédagogique requise,draft,106716,106718,DRAFT-0012C-AI-FRENCH-4E-SPELLING-DIAGNOSTIC-20260726105456-1,2,True,False,structural_validity=True | answer_correctness=True | skill_alignment=True | grade_appropriateness=False | executability=True | duplicate_safety=True,Independent pedagogical review is still required.
FR-4E,FRENCH,Français,SK-FRENCH-4E-SPELLING,CH-FRENCH-4E-SPELLING,practice,REVIEW,Revue humaine pédagogique requise,draft,106744,106746,DRAFT-0012C-AI-FRENCH-4E-SPELLING-PRACTICE-20260726105507-1,2,True,False,structural_validity=True | answer_correctness=True | skill_alignment=True | grade_appropriateness=False | executability=True | duplicate_safety=True,Independent pedagogical review is still required.
FR-4E,FRENCH,Français,SK-FRENCH-4E-SPELLING,CH-FRENCH-4E-SPELLING,remediation,REVIEW,Revue humaine pédagogique requise,draft,106724,106726,DRAFT-0012C-AI-FRENCH-4E-SPELLING-REMEDIATION-20260726105458-1,1,True,False,structural_validity=True | answer_correctness=True | skill_alignment=True | grade_appropriateness=False | executability=True | duplicate_safety=True,Independent pedagogical review is still required.
FR-4E,FRENCH,Français,SK-FRENCH-4E-VOCAB,CH-FRENCH-4E-VOCAB,assessment,REVIEW,Revue humaine pédagogique requise,draft,106808,106810,DRAFT-0012C-AI-FRENCH-4E-VOCAB-ASSESSMENT-20260726105536-1,2,True,False,structural_validity=True | answer_correctness=True | skill_alignment=True | grade_appropriateness=False | executability=True | duplicate_safety=True,Independent pedagogical review is still required.
FR-4E,FRENCH,Français,SK-FRENCH-4E-VOCAB,CH-FRENCH-4E-VOCAB,diagnostic,REVIEW,Revue humaine pédagogique requise,draft,106820,106822,DRAFT-0012C-AI-FRENCH-4E-VOCAB-DIAGNOSTIC-20260726105538-1,2,True,False,structural_validity=True | answer_correctness=True | skill_alignment=True | grade_appropriateness=False | executability=True | duplicate_safety=True,Independent pedagogical review is still required.
FR-4E,FRENCH,Français,SK-FRENCH-4E-VOCAB,CH-FRENCH-4E-VOCAB,practice,REVIEW,Revue humaine pédagogique requise,draft,106812,106814,DRAFT-0012C-AI-FRENCH-4E-VOCAB-PRACTICE-20260726105537-1,1,True,False,structural_validity=True | answer_correctness=True | skill_alignment=True | grade_appropriateness=False | executability=True | duplicate_safety=True,Independent pedagogical review is still required.
FR-4E,FRENCH,Français,SK-FRENCH-4E-VOCAB,CH-FRENCH-4E-VOCAB,practice,REVIEW,Revue humaine pédagogique requise,draft,106848,106850,DRAFT-0012C-AI-FRENCH-4E-VOCAB-PRACTICE-20260726105548-1,2,True,False,structural_validity=True | answer_correctness=True | skill_alignment=True | grade_appropriateness=False | executability=True | duplicate_safety=True,Independent pedagogical review is still required.
FR-4E,FRENCH,Français,SK-FRENCH-4E-VOCAB,CH-FRENCH-4E-VOCAB,remediation,REVIEW,Revue humaine pédagogique requise,draft,106824,106826,DRAFT-0012C-AI-FRENCH-4E-VOCAB-REMEDIATION-20260726105539-1,1,True,False,structural_validity=True | answer_correctness=True | skill_alignment=True | grade_appropriateness=False | executability=True | duplicate_safety=True,Independent pedagogical review is still required.
FR-4E,FRENCH,Français,SK-ENR-FRENCH-4E-GRAMMAR-CLAUSES,CH-FRENCH-4E-GRAMMAR,diagnostic,PASS,Publier en production (si pas déjà fait),draft,106468,106470,DRAFT-0012C-AI-ENR-FRENCH-4E-GRAMMAR-CLAUSES-DIAGNOSTIC-20260726105046-1,2,True,True,structural_validity=True | answer_correctness=True | skill_alignment=True | grade_appropriateness=True | executability=True | duplicate_safety=True,
FR-4E,FRENCH,Français,SK-ENR-FRENCH-4E-GRAMMAR-CLAUSES,CH-FRENCH-4E-GRAMMAR,practice,PASS,Publier en production (si pas déjà fait),draft,106472,106474,DRAFT-0012C-AI-ENR-FRENCH-4E-GRAMMAR-CLAUSES-PRACTICE-20260726105050-1,3,True,True,structural_validity=True | answer_correctness=True | skill_alignment=True | grade_appropriateness=True | executability=True | duplicate_safety=True,
FR-4E,FRENCH,Français,SK-ENR-FRENCH-4E-GRAMMAR-CLAUSES,CH-FRENCH-4E-GRAMMAR,practice,PASS,Publier en production (si pas déjà fait),draft,109240,109242,DRAFT-0012C-AI-ENR-FRENCH-4E-GRAMMAR-CLAUSES-PRACTICE-20260726111929-1,2,True,True,structural_validity=True | answer_correctness=True | skill_alignment=True | grade_appropriateness=True | executability=True | duplicate_safety=True,
FR-4E,FRENCH,Français,SK-ENR-FRENCH-4E-GRAMMAR-CLAUSES,CH-FRENCH-4E-GRAMMAR,remediation,PASS,Publier en production (si pas déjà fait),draft,106476,106478,DRAFT-0012C-AI-ENR-FRENCH-4E-GRAMMAR-CLAUSES-REMEDIATION-20260726105052-1,1,True,True,structural_validity=True | answer_correctness=True | skill_alignment=True | grade_appropriateness=True | executability=True | duplicate_safety=True,
FR-4E,FRENCH,Français,SK-ENR-FRENCH-4E-GRAMMAR-FUNCTIONS,CH-FRENCH-4E-GRAMMAR,diagnostic,PASS,Publier en production (si pas déjà fait),draft,106480,106482,DRAFT-0012C-AI-ENR-FRENCH-4E-GRAMMAR-FUNCTIONS-DIAGNOSTIC-20260726105052-1,2,True,True,structural_validity=True | answer_correctness=True | skill_alignment=True | grade_appropriateness=True | executability=True | duplicate_safety=True,
FR-4E,FRENCH,Français,SK-ENR-FRENCH-4E-SPELLING-PARTICIPLE,CH-FRENCH-4E-SPELLING,assessment,PASS,Publier en production (si pas déjà fait),draft,106720,106722,DRAFT-0012C-AI-ENR-FRENCH-4E-SPELLING-PARTICIPLE-ASSESSMENT-20260726105457-1,2,True,True,structural_validity=True | answer_correctness=True | skill_alignment=True | grade_appropriateness=True | executability=True | duplicate_safety=True,
FR-4E,FRENCH,Français,SK-ENR-FRENCH-4E-VOCAB-FIGURE,CH-FRENCH-4E-VOCAB,practice,PASS,Publier en production (si pas déjà fait),draft,106748,106750,DRAFT-0012C-AI-ENR-FRENCH-4E-VOCAB-FIGURE-PRACTICE-20260726105508-1,1,True,True,structural_validity=True | answer_correctness=True | skill_alignment=True | grade_appropriateness=True | executability=True | duplicate_safety=True,
FR-4E,FRENCH,Français,SK-FRENCH-4E-SPELLING,CH-FRENCH-4E-SPELLING,practice,PASS,Publier en production (si pas déjà fait),draft,106756,106758,DRAFT-0012C-AI-FRENCH-4E-SPELLING-PRACTICE-20260726105512-1,1,True,True,structural_validity=True | answer_correctness=True | skill_alignment=True | grade_appropriateness=True | executability=True | duplicate_safety=True,
FR-4E,FRENCH,Français,SK-ENR-FRENCH-4E-COMPREHENSION-EXPLICIT,CH-FRENCH-4E-COMPREHENSION,assessment,REJECT,Rejeter / regénérer,draft,106272,106274,DRAFT-0012C-AI-ENR-FRENCH-4E-COMPREHENSION-EXPLICIT-ASSESSMENT-20260726104915-1,2,True,False,structural_validity=True | answer_correctness=True | skill_alignment=True | grade_appropriateness=True | executability=True | duplicate_safety=True,Prompt asks which information is explicit but provides no choices and has several valid answers.
