grade_code,subject_code,subject_label,chapter_code,chapter_title,chapter_status,skill_code,skill_title,content_type,difficulty,status,decision,structural_pass,active_version,eligible_for_homework,total_count,approved_count,usable_count,draft_count,last_updated_at
FR-4E,ENGLISH,Anglais,CH-ENGLISH-4E-COMMUNICATION,"Compréhension, expression et interaction",approved,SK-ENGLISH-4E-COMMUNICATION,Communiquer et argumenter dans des situations variées,exam_practice,2,approved,,,,True,1,1,1,0,
FR-4E,ENGLISH,Anglais,CH-ENGLISH-4E-COMMUNICATION,"Compréhension, expression et interaction",approved,SK-ENGLISH-4E-COMMUNICATION,Communiquer et argumenter dans des situations variées,exercise,2,approved,,,,True,1,1,1,0,
FR-4E,ENGLISH,Anglais,CH-ENGLISH-4E-COMMUNICATION,"Compréhension, expression et interaction",approved,SK-ENR-ENGLISH-4E-COMMUNICATION-ARGUE,Exprimer et justifier une opinion,assessment,2,draft,REVIEW,True,108538,False,1,0,0,1,
FR-4E,ENGLISH,Anglais,CH-ENGLISH-4E-COMMUNICATION,"Compréhension, expression et interaction",approved,SK-ENR-ENGLISH-4E-COMMUNICATION-ARGUE,Exprimer et justifier une opinion,practice,2,draft,REVIEW,True,108558,False,1,0,0,1,
FR-4E,ENGLISH,Anglais,CH-ENGLISH-4E-COMMUNICATION,"Compréhension, expression et interaction",approved,SK-ENR-ENGLISH-4E-COMMUNICATION-INTERACT,Soutenir une interaction,assessment,2,draft,REVIEW,True,108554,False,1,0,0,1,
FR-4E,ENGLISH,Anglais,CH-ENGLISH-4E-COMMUNICATION,"Compréhension, expression et interaction",approved,SK-ENR-ENGLISH-4E-COMMUNICATION-INTERACT,Soutenir une interaction,practice,2,draft,REVIEW,True,108546,False,1,0,0,1,
FR-4E,ENGLISH,Anglais,CH-ENGLISH-4E-COMMUNICATION,"Compréhension, expression et interaction",approved,SK-ENR-ENGLISH-4E-COMMUNICATION-LISTEN,Comprendre un document oral varié,assessment,2,draft,REVIEW,True,108550,False,1,0,0,1,
FR-4E,ENGLISH,Anglais,CH-ENGLISH-4E-COMMUNICATION,"Compréhension, expression et interaction",approved,SK-ENR-ENGLISH-4E-COMMUNICATION-LISTEN,Comprendre un document oral varié,practice,2,draft,REVIEW,True,108574,False,1,0,0,1,
FR-4E,ENGLISH,Anglais,CH-ENGLISH-4E-COMMUNICATION,"Compréhension, expression et interaction",approved,SK-ENR-ENGLISH-4E-COMMUNICATION-READ,Interpréter un document écrit,assessment,2,draft,REVIEW,True,108566,False,1,0,0,1,
FR-4E,ENGLISH,Anglais,CH-ENGLISH-4E-COMMUNICATION,"Compréhension, expression et interaction",approved,SK-ENR-ENGLISH-4E-COMMUNICATION-READ,Interpréter un document écrit,practice,2,draft,REVIEW,True,108570,False,1,0,0,1,
FR-4E,ENGLISH,Anglais,CH-ENGLISH-4E-COMMUNICATION,"Compréhension, expression et interaction",approved,SK-ENR-ENGLISH-4E-COMMUNICATION-WRITE,Rédiger un texte organisé,assessment,2,draft,REVIEW,True,108578,False,1,0,0,1,
FR-4E,ENGLISH,Anglais,CH-ENGLISH-4E-COMMUNICATION,"Compréhension, expression et interaction",approved,SK-ENR-ENGLISH-4E-COMMUNICATION-WRITE,Rédiger un texte organisé,practice,2,draft,REVIEW,True,108586,False,1,0,0,1,
FR-4E,ENGLISH,Anglais,CH-ENGLISH-4E-LANGUAGE,Système linguistique et médiation,approved,SK-ENGLISH-4E-LANGUAGE,Mobiliser les formes linguistiques et reformuler un message,assessment,2,draft,REVIEW,True,108590,False,1,0,0,1,
FR-4E,ENGLISH,Anglais,CH-ENGLISH-4E-LANGUAGE,Système linguistique et médiation,approved,SK-ENGLISH-4E-LANGUAGE,Mobiliser les formes linguistiques et reformuler un message,practice,2,draft,REVIEW,True,108594,False,1,0,0,1,
FR-4E,ENGLISH,Anglais,CH-ENGLISH-4E-LANGUAGE,Système linguistique et médiation,approved,SK-ENR-ENGLISH-4E-LANGUAGE-GRAMMAR,Mobiliser les structures grammaticales attendues,assessment,2,draft,REVIEW,True,108606,False,1,0,0,1,
FR-4E,ENGLISH,Anglais,CH-ENGLISH-4E-LANGUAGE,Système linguistique et médiation,approved,SK-ENR-ENGLISH-4E-LANGUAGE-GRAMMAR,Mobiliser les structures grammaticales attendues,practice,2,draft,REVIEW,True,108582,False,1,0,0,1,
FR-4E,ENGLISH,Anglais,CH-ENGLISH-4E-LANGUAGE,Système linguistique et médiation,approved,SK-ENR-ENGLISH-4E-LANGUAGE-MEDIATION,Reformuler un message pour autrui,assessment,2,draft,REVIEW,True,108602,False,1,0,0,1,
FR-4E,ENGLISH,Anglais,CH-ENGLISH-4E-LANGUAGE,Système linguistique et médiation,approved,SK-ENR-ENGLISH-4E-LANGUAGE-MEDIATION,Reformuler un message pour autrui,practice,2,draft,REVIEW,True,108598,False,1,0,0,1,
FR-4E,ENGLISH,Anglais,CH-ENGLISH-4E-LANGUAGE,Système linguistique et médiation,approved,SK-ENR-ENGLISH-4E-LANGUAGE-PHONOLOGY,Produire une prosodie intelligible,assessment,2,draft,REVIEW,True,108614,False,1,0,0,1,
FR-4E,ENGLISH,Anglais,CH-ENGLISH-4E-LANGUAGE,Système linguistique et médiation,approved,SK-ENR-ENGLISH-4E-LANGUAGE-PHONOLOGY,Produire une prosodie intelligible,practice,2,draft,REVIEW,True,108618,False,1,0,0,1,
FR-4E,ENGLISH,Anglais,CH-ENGLISH-4E-LANGUAGE,Système linguistique et médiation,approved,SK-ENR-ENGLISH-4E-LANGUAGE-TENSE,Choisir temps et aspect,assessment,2,draft,REVIEW,True,108634,False,1,0,0,1,
FR-4E,ENGLISH,Anglais,CH-ENGLISH-4E-LANGUAGE,Système linguistique et médiation,approved,SK-ENR-ENGLISH-4E-LANGUAGE-TENSE,Choisir temps et aspect,practice,2,draft,REVIEW,True,108638,False,1,0,0,1,
FR-4E,ENGLISH,Anglais,CH-ENGLISH-4E-LANGUAGE,Système linguistique et médiation,approved,SK-ENR-ENGLISH-4E-LANGUAGE-VOCAB,Employer un lexique nuancé,assessment,2,draft,REVIEW,True,108610,False,1,0,0,1,
FR-4E,ENGLISH,Anglais,CH-ENGLISH-4E-LANGUAGE,Système linguistique et médiation,approved,SK-ENR-ENGLISH-4E-LANGUAGE-VOCAB,Employer un lexique nuancé,practice,2,draft,REVIEW,True,108622,False,1,0,0,1,
FR-4E,EMC,EMC,CH-EMC-4E-INFORMATION,"Information, opinion et esprit critique",approved,SK-EMC-4E-INFORMATION,Évaluer une information et argumenter de manière raisonnée,exam_practice,2,approved,,,,True,1,1,1,0,
FR-4E,EMC,EMC,CH-EMC-4E-INFORMATION,"Information, opinion et esprit critique",approved,SK-EMC-4E-INFORMATION,Évaluer une information et argumenter de manière raisonnée,exercise,2,approved,,,,True,1,1,1,0,
FR-4E,EMC,EMC,CH-EMC-4E-INFORMATION,"Information, opinion et esprit critique",approved,SK-ENR-EMC-4E-INFORMATION-ARGUMENT,Identifier un argument fallacieux,assessment,2,draft,REVIEW,True,108478,False,1,0,0,1,
FR-4E,EMC,EMC,CH-EMC-4E-INFORMATION,"Information, opinion et esprit critique",approved,SK-ENR-EMC-4E-INFORMATION-ARGUMENT,Identifier un argument fallacieux,practice,2,draft,REVIEW,True,108470,False,1,0,0,1,
FR-4E,EMC,EMC,CH-EMC-4E-INFORMATION,"Information, opinion et esprit critique",approved,SK-ENR-EMC-4E-INFORMATION-FACT_OPINION,"Distinguer fait, opinion et croyance",assessment,2,draft,REVIEW,True,108446,False,1,0,0,1,
FR-4E,EMC,EMC,CH-EMC-4E-INFORMATION,"Information, opinion et esprit critique",approved,SK-ENR-EMC-4E-INFORMATION-FACT_OPINION,"Distinguer fait, opinion et croyance",practice,2,draft,REVIEW,True,108454,False,1,0,0,1,
FR-4E,EMC,EMC,CH-EMC-4E-INFORMATION,"Information, opinion et esprit critique",approved,SK-ENR-EMC-4E-INFORMATION-IMAGE,Vérifier le contexte d'une image,assessment,2,draft,REVIEW,True,108486,False,1,0,0,1,
FR-4E,EMC,EMC,CH-EMC-4E-INFORMATION,"Information, opinion et esprit critique",approved,SK-ENR-EMC-4E-INFORMATION-IMAGE,Vérifier le contexte d'une image,practice,2,draft,REVIEW,True,108462,False,1,0,0,1,
FR-4E,EMC,EMC,CH-EMC-4E-INFORMATION,"Information, opinion et esprit critique",approved,SK-ENR-EMC-4E-INFORMATION-PUBLISH,Adopter une publication responsable,assessment,2,draft,REVIEW,True,108458,False,1,0,0,1,
FR-4E,EMC,EMC,CH-EMC-4E-INFORMATION,"Information, opinion et esprit critique",approved,SK-ENR-EMC-4E-INFORMATION-PUBLISH,Adopter une publication responsable,practice,2,draft,REVIEW,True,108482,False,1,0,0,1,
FR-4E,EMC,EMC,CH-EMC-4E-INFORMATION,"Information, opinion et esprit critique",approved,SK-ENR-EMC-4E-INFORMATION-SOURCE,Évaluer la fiabilité d'une source,assessment,2,draft,REVIEW,True,108450,False,1,0,0,1,
FR-4E,EMC,EMC,CH-EMC-4E-INFORMATION,"Information, opinion et esprit critique",approved,SK-ENR-EMC-4E-INFORMATION-SOURCE,Évaluer la fiabilité d'une source,practice,2,draft,REVIEW,True,108466,False,1,0,0,1,
FR-4E,EMC,EMC,CH-EMC-4E-LIBERTIES,Libertés et État de droit,approved,SK-EMC-4E-LIBERTIES,"Confronter libertés, responsabilités et règles de droit",exam_practice,2,approved,,,,True,1,1,1,0,
FR-4E,EMC,EMC,CH-EMC-4E-LIBERTIES,Libertés et État de droit,approved,SK-EMC-4E-LIBERTIES,"Confronter libertés, responsabilités et règles de droit",exercise,2,approved,,,,True,1,1,1,0,
FR-4E,EMC,EMC,CH-EMC-4E-LIBERTIES,Libertés et État de droit,approved,SK-ENR-EMC-4E-LIBERTIES-ARGUE,Justifier juridiquement une position,assessment,2,draft,REVIEW,True,108510,False,1,0,0,1,
FR-4E,EMC,EMC,CH-EMC-4E-LIBERTIES,Libertés et État de droit,approved,SK-ENR-EMC-4E-LIBERTIES-ARGUE,Justifier juridiquement une position,practice,2,draft,REVIEW,True,108498,False,1,0,0,1,
FR-4E,EMC,EMC,CH-EMC-4E-LIBERTIES,Libertés et État de droit,approved,SK-ENR-EMC-4E-LIBERTIES-BALANCE,Arbitrer entre libertés concurrentes,assessment,2,draft,REVIEW,True,108514,False,1,0,0,1,
FR-4E,EMC,EMC,CH-EMC-4E-LIBERTIES,Libertés et État de droit,approved,SK-ENR-EMC-4E-LIBERTIES-BALANCE,Arbitrer entre libertés concurrentes,practice,2,draft,REVIEW,True,108506,False,1,0,0,1,
FR-4E,EMC,EMC,CH-EMC-4E-LIBERTIES,Libertés et État de droit,approved,SK-ENR-EMC-4E-LIBERTIES-LAW,Relier une situation à l'État de droit,assessment,2,draft,REVIEW,True,108494,False,1,0,0,1,
FR-4E,EMC,EMC,CH-EMC-4E-LIBERTIES,Libertés et État de droit,approved,SK-ENR-EMC-4E-LIBERTIES-LAW,Relier une situation à l'État de droit,practice,2,draft,REVIEW,True,108522,False,1,0,0,1,
FR-4E,EMC,EMC,CH-EMC-4E-LIBERTIES,Libertés et État de droit,approved,SK-ENR-EMC-4E-LIBERTIES-LIBERTY,Identifier une liberté fondamentale,assessment,2,draft,REVIEW,True,108502,False,1,0,0,1,
FR-4E,EMC,EMC,CH-EMC-4E-LIBERTIES,Libertés et État de droit,approved,SK-ENR-EMC-4E-LIBERTIES-LIBERTY,Identifier une liberté fondamentale,practice,2,draft,REVIEW,True,108518,False,1,0,0,1,
FR-4E,EMC,EMC,CH-EMC-4E-LIBERTIES,Libertés et État de droit,approved,SK-ENR-EMC-4E-LIBERTIES-LIMIT,Expliquer la limite légale d'une liberté,assessment,2,draft,REVIEW,True,108530,False,1,0,0,1,
FR-4E,EMC,EMC,CH-EMC-4E-LIBERTIES,Libertés et État de droit,approved,SK-ENR-EMC-4E-LIBERTIES-LIMIT,Expliquer la limite légale d'une liberté,practice,2,draft,REVIEW,True,108526,False,1,0,0,1,
FR-4E,SPANISH,Espagnol,CH-SPANISH-4E-COMMUNICATION,Communication et interaction,approved,SK-ENR-SPANISH-4E-COMMUNICATION-INTERACT,Interagir dans une situation variée,exam_practice,2,approved,,,,True,1,1,1,0,
FR-4E,SPANISH,Espagnol,CH-SPANISH-4E-COMMUNICATION,Communication et interaction,approved,SK-ENR-SPANISH-4E-COMMUNICATION-INTERACT,Interagir dans une situation variée,exercise,2,approved,,,,True,1,1,1,0,
FR-4E,SPANISH,Espagnol,CH-SPANISH-4E-COMMUNICATION,Communication et interaction,approved,SK-ENR-SPANISH-4E-COMMUNICATION-LISTEN,Comprendre un message oral contextualisé,assessment,2,draft,REVIEW,True,109010,False,1,0,0,1,
FR-4E,SPANISH,Espagnol,CH-SPANISH-4E-COMMUNICATION,Communication et interaction,approved,SK-ENR-SPANISH-4E-COMMUNICATION-LISTEN,Comprendre un message oral contextualisé,practice,2,draft,REVIEW,True,109014,False,1,0,0,1,
FR-4E,SPANISH,Espagnol,CH-SPANISH-4E-COMMUNICATION,Communication et interaction,approved,SK-ENR-SPANISH-4E-COMMUNICATION-READ,Comprendre un texte court,assessment,2,draft,REVIEW,True,109034,False,1,0,0,1,
FR-4E,SPANISH,Espagnol,CH-SPANISH-4E-COMMUNICATION,Communication et interaction,approved,SK-ENR-SPANISH-4E-COMMUNICATION-READ,Comprendre un texte court,practice,2,draft,REVIEW,True,109030,False,1,0,0,1,
FR-4E,SPANISH,Espagnol,CH-SPANISH-4E-COMMUNICATION,Communication et interaction,approved,SK-ENR-SPANISH-4E-COMMUNICATION-SPEAK,Produire un propos continu,assessment,2,draft,REVIEW,True,109050,False,1,0,0,1,
FR-4E,SPANISH,Espagnol,CH-SPANISH-4E-COMMUNICATION,Communication et interaction,approved,SK-ENR-SPANISH-4E-COMMUNICATION-SPEAK,Produire un propos continu,practice,2,draft,REVIEW,True,109058,False,1,0,0,1,
FR-4E,SPANISH,Espagnol,CH-SPANISH-4E-COMMUNICATION,Communication et interaction,approved,SK-ENR-SPANISH-4E-COMMUNICATION-WRITE,Rédiger un texte bref,assessment,2,draft,REVIEW,True,109042,False,1,0,0,1,
FR-4E,SPANISH,Espagnol,CH-SPANISH-4E-COMMUNICATION,Communication et interaction,approved,SK-ENR-SPANISH-4E-COMMUNICATION-WRITE,Rédiger un texte bref,practice,2,draft,REVIEW,True,109046,False,1,0,0,1,
FR-4E,SPANISH,Espagnol,CH-SPANISH-4E-COMMUNICATION,Communication et interaction,approved,SK-SPANISH-4E-COMMUNICATION,"Comprendre, produire et interagir dans des situations variées",assessment,2,draft,REVIEW,True,109038,False,1,0,0,1,
FR-4E,SPANISH,Espagnol,CH-SPANISH-4E-COMMUNICATION,Communication et interaction,approved,SK-SPANISH-4E-COMMUNICATION,"Comprendre, produire et interagir dans des situations variées",practice,2,draft,REVIEW,True,109066,False,1,0,0,1,
FR-4E,SPANISH,Espagnol,CH-SPANISH-4E-LANGUAGE,Repères linguistiques et culturels,approved,SK-ENR-SPANISH-4E-LANGUAGE-CULTURE,Interpréter un document culturel,assessment,2,draft,REVIEW,True,109070,False,1,0,0,1,
FR-4E,SPANISH,Espagnol,CH-SPANISH-4E-LANGUAGE,Repères linguistiques et culturels,approved,SK-ENR-SPANISH-4E-LANGUAGE-CULTURE,Interpréter un document culturel,practice,2,draft,REVIEW,True,109054,False,1,0,0,1,
FR-4E,SPANISH,Espagnol,CH-SPANISH-4E-LANGUAGE,Repères linguistiques et culturels,approved,SK-ENR-SPANISH-4E-LANGUAGE-GRAMMAR,Utiliser les structures étudiées,assessment,2,draft,REVIEW,True,109062,False,1,0,0,1,
FR-4E,SPANISH,Espagnol,CH-SPANISH-4E-LANGUAGE,Repères linguistiques et culturels,approved,SK-ENR-SPANISH-4E-LANGUAGE-GRAMMAR,Utiliser les structures étudiées,practice,2,draft,REVIEW,True,109074,False,1,0,0,1,
FR-4E,SPANISH,Espagnol,CH-SPANISH-4E-LANGUAGE,Repères linguistiques et culturels,approved,SK-ENR-SPANISH-4E-LANGUAGE-PHONOLOGY,Produire une parole intelligible,assessment,2,draft,REVIEW,True,109082,False,1,0,0,1,
FR-4E,SPANISH,Espagnol,CH-SPANISH-4E-LANGUAGE,Repères linguistiques et culturels,approved,SK-ENR-SPANISH-4E-LANGUAGE-PHONOLOGY,Produire une parole intelligible,practice,2,draft,REVIEW,True,109078,False,1,0,0,1,
FR-4E,SPANISH,Espagnol,CH-SPANISH-4E-LANGUAGE,Repères linguistiques et culturels,approved,SK-ENR-SPANISH-4E-LANGUAGE-TENSE,Employer les temps attendus,assessment,2,draft,REVIEW,True,109086,False,1,0,0,1,
FR-4E,SPANISH,Espagnol,CH-SPANISH-4E-LANGUAGE,Repères linguistiques et culturels,approved,SK-ENR-SPANISH-4E-LANGUAGE-TENSE,Employer les temps attendus,practice,2,draft,REVIEW,True,109134,False,1,0,0,1,
FR-4E,SPANISH,Espagnol,CH-SPANISH-4E-LANGUAGE,Repères linguistiques et culturels,approved,SK-ENR-SPANISH-4E-LANGUAGE-VOCAB,Mobiliser un lexique contextualisé,assessment,2,draft,REVIEW,True,109090,False,1,0,0,1,
FR-4E,SPANISH,Espagnol,CH-SPANISH-4E-LANGUAGE,Repères linguistiques et culturels,approved,SK-ENR-SPANISH-4E-LANGUAGE-VOCAB,Mobiliser un lexique contextualisé,practice,2,draft,REVIEW,True,109094,False,1,0,0,1,
FR-4E,SPANISH,Espagnol,CH-SPANISH-4E-LANGUAGE,Repères linguistiques et culturels,approved,SK-SPANISH-4E-LANGUAGE,Mobiliser la langue pour interpréter des documents culturels,assessment,2,draft,REVIEW,True,109102,False,1,0,0,1,
FR-4E,SPANISH,Espagnol,CH-SPANISH-4E-LANGUAGE,Repères linguistiques et culturels,approved,SK-SPANISH-4E-LANGUAGE,Mobiliser la langue pour interpréter des documents culturels,practice,2,draft,REVIEW,True,109098,False,1,0,0,1,
FR-4E,FRENCH,Français,CH-FRENCH-4E-COMPREHENSION,Compréhension,approved,SK-ENR-FRENCH-4E-COMPREHENSION-EXPLICIT,Prélever une information explicite,assessment,2,draft,REJECT,True,106274,False,1,0,0,1,
FR-4E,FRENCH,Français,CH-FRENCH-4E-COMPREHENSION,Compréhension,approved,SK-ENR-FRENCH-4E-COMPREHENSION-EXPLICIT,Prélever une information explicite,practice,1,draft,REVIEW,True,106262,False,1,0,0,1,
FR-4E,FRENCH,Français,CH-FRENCH-4E-COMPREHENSION,Compréhension,approved,SK-ENR-FRENCH-4E-COMPREHENSION-EXPLICIT,Prélever une information explicite,practice,2,draft,REVIEW,True,106270,False,1,0,0,1,
FR-4E,FRENCH,Français,CH-FRENCH-4E-COMPREHENSION,Compréhension,approved,SK-ENR-FRENCH-4E-COMPREHENSION-EXPLICIT,Prélever une information explicite,practice,3,draft,REVIEW,True,106298,False,1,0,0,1,
FR-4E,FRENCH,Français,CH-FRENCH-4E-COMPREHENSION,Compréhension,approved,SK-ENR-FRENCH-4E-COMPREHENSION-INFER,Construire une inférence,assessment,2,draft,REVIEW,True,106266,False,1,0,0,1,
FR-4E,FRENCH,Français,CH-FRENCH-4E-COMPREHENSION,Compréhension,approved,SK-ENR-FRENCH-4E-COMPREHENSION-INFER,Construire une inférence,practice,1,draft,REVIEW,True,106278,False,1,0,0,1,
FR-4E,FRENCH,Français,CH-FRENCH-4E-COMPREHENSION,Compréhension,approved,SK-ENR-FRENCH-4E-COMPREHENSION-INFER,Construire une inférence,practice,2,draft,REVIEW,True,106286,False,1,0,0,1,
FR-4E,FRENCH,Français,CH-FRENCH-4E-COMPREHENSION,Compréhension,approved,SK-ENR-FRENCH-4E-COMPREHENSION-INFER,Construire une inférence,practice,3,draft,REVIEW,True,106294,False,1,0,0,1,
FR-4E,FRENCH,Français,CH-FRENCH-4E-COMPREHENSION,Compréhension,approved,SK-ENR-FRENCH-4E-COMPREHENSION-INTERPRET,Justifier une interprétation,assessment,2,draft,REVIEW,True,106290,False,1,0,0,1,
FR-4E,FRENCH,Français,CH-FRENCH-4E-COMPREHENSION,Compréhension,approved,SK-ENR-FRENCH-4E-COMPREHENSION-INTERPRET,Justifier une interprétation,practice,1,draft,REVIEW,True,106282,False,1,0,0,1,
FR-4E,FRENCH,Français,CH-FRENCH-4E-COMPREHENSION,Compréhension,approved,SK-ENR-FRENCH-4E-COMPREHENSION-INTERPRET,Justifier une interprétation,practice,2,draft,REVIEW,True,106306,False,1,0,0,1,
FR-4E,FRENCH,Français,CH-FRENCH-4E-COMPREHENSION,Compréhension,approved,SK-ENR-FRENCH-4E-COMPREHENSION-INTERPRET,Justifier une interprétation,practice,3,draft,REVIEW,True,106318,False,1,0,0,1,
FR-4E,FRENCH,Français,CH-FRENCH-4E-COMPREHENSION,Compréhension,approved,SK-ENR-FRENCH-4E-COMPREHENSION-METHOD,Analyser un procédé,assessment,2,draft,REVIEW,True,106302,False,1,0,0,1,
FR-4E,FRENCH,Français,CH-FRENCH-4E-COMPREHENSION,Compréhension,approved,SK-ENR-FRENCH-4E-COMPREHENSION-METHOD,Analyser un procédé,practice,1,draft,REVIEW,True,106314,False,1,0,0,1,
FR-4E,FRENCH,Français,CH-FRENCH-4E-COMPREHENSION,Compréhension,approved,SK-ENR-FRENCH-4E-COMPREHENSION-METHOD,Analyser un procédé,practice,2,draft,REVIEW,True,106310,False,1,0,0,1,
FR-4E,FRENCH,Français,CH-FRENCH-4E-COMPREHENSION,Compréhension,approved,SK-ENR-FRENCH-4E-COMPREHENSION-METHOD,Analyser un procédé,practice,3,draft,REVIEW,True,106334,False,1,0,0,1,
FR-4E,FRENCH,Français,CH-FRENCH-4E-COMPREHENSION,Compréhension,approved,SK-ENR-FRENCH-4E-COMPREHENSION-VIEWPOINT,Identifier un point de vue,assessment,2,draft,REVIEW,True,106326,False,1,0,0,1,
FR-4E,FRENCH,Français,CH-FRENCH-4E-COMPREHENSION,Compréhension,approved,SK-ENR-FRENCH-4E-COMPREHENSION-VIEWPOINT,Identifier un point de vue,practice,1,draft,REVIEW,True,106322,False,1,0,0,1,
FR-4E,FRENCH,Français,CH-FRENCH-4E-COMPREHENSION,Compréhension,approved,SK-ENR-FRENCH-4E-COMPREHENSION-VIEWPOINT,Identifier un point de vue,practice,2,draft,REVIEW,True,106330,False,1,0,0,1,
FR-4E,FRENCH,Français,CH-FRENCH-4E-COMPREHENSION,Compréhension,approved,SK-ENR-FRENCH-4E-COMPREHENSION-VIEWPOINT,Identifier un point de vue,practice,3,draft,REVIEW,True,106358,False,1,0,0,1,
FR-4E,FRENCH,Français,CH-FRENCH-4E-COMPREHENSION,Compréhension,approved,SK-FRENCH-4E-COMPREHENSION,Mobiliser : Compréhension,exam_practice,2,approved,,,,True,1,1,1,0,
FR-4E,FRENCH,Français,CH-FRENCH-4E-COMPREHENSION,Compréhension,approved,SK-FRENCH-4E-COMPREHENSION,Mobiliser : Compréhension,exercise,3,approved,,,,True,1,1,1,0,
FR-4E,FRENCH,Français,CH-FRENCH-4E-COMPREHENSION,Compréhension,approved,SK-FRENCH-4E-COMPREHENSION,Mobiliser : Compréhension,worked_example,2,approved,,,,True,1,1,1,0,
FR-4E,FRENCH,Français,CH-FRENCH-4E-CONJUGATION,Conjugaison,approved,SK-ENR-FRENCH-4E-CONJUGATION-CONCORDANCE,Assurer la cohérence temporelle,assessment,2,draft,REVIEW,True,106362,False,1,0,0,1,
FR-4E,FRENCH,Français,CH-FRENCH-4E-CONJUGATION,Conjugaison,approved,SK-ENR-FRENCH-4E-CONJUGATION-CONCORDANCE,Assurer la cohérence temporelle,practice,1,draft,REVIEW,True,106366,False,1,0,0,1,
FR-4E,FRENCH,Français,CH-FRENCH-4E-CONJUGATION,Conjugaison,approved,SK-ENR-FRENCH-4E-CONJUGATION-CONCORDANCE,Assurer la cohérence temporelle,practice,2,draft,REVIEW,True,106386,False,1,0,0,1,
FR-4E,FRENCH,Français,CH-FRENCH-4E-CONJUGATION,Conjugaison,approved,SK-ENR-FRENCH-4E-CONJUGATION-CONCORDANCE,Assurer la cohérence temporelle,practice,3,draft,REVIEW,True,106382,False,1,0,0,1,
FR-4E,FRENCH,Français,CH-FRENCH-4E-CONJUGATION,Conjugaison,approved,SK-ENR-FRENCH-4E-CONJUGATION-INDICATIVE,Conjuguer les temps de l'indicatif étudiés,assessment,2,draft,REVIEW,True,106374,False,1,0,0,1,
FR-4E,FRENCH,Français,CH-FRENCH-4E-CONJUGATION,Conjugaison,approved,SK-ENR-FRENCH-4E-CONJUGATION-INDICATIVE,Conjuguer les temps de l'indicatif étudiés,practice,1,draft,REVIEW,True,106370,False,1,0,0,1,
FR-4E,FRENCH,Français,CH-FRENCH-4E-CONJUGATION,Conjugaison,approved,SK-ENR-FRENCH-4E-CONJUGATION-INDICATIVE,Conjuguer les temps de l'indicatif étudiés,practice,2,draft,REVIEW,True,106390,False,1,0,0,1,
FR-4E,FRENCH,Français,CH-FRENCH-4E-CONJUGATION,Conjugaison,approved,SK-ENR-FRENCH-4E-CONJUGATION-INDICATIVE,Conjuguer les temps de l'indicatif étudiés,practice,3,draft,REVIEW,True,106398,False,1,0,0,1,
FR-4E,FRENCH,Français,CH-FRENCH-4E-CONJUGATION,Conjugaison,approved,SK-ENR-FRENCH-4E-CONJUGATION-REWRITE,Transformer temps et personne,assessment,2,draft,REVIEW,True,106378,False,1,0,0,1,
FR-4E,FRENCH,Français,CH-FRENCH-4E-CONJUGATION,Conjugaison,approved,SK-ENR-FRENCH-4E-CONJUGATION-REWRITE,Transformer temps et personne,practice,1,draft,REVIEW,True,106410,False,1,0,0,1,
FR-4E,FRENCH,Français,CH-FRENCH-4E-CONJUGATION,Conjugaison,approved,SK-ENR-FRENCH-4E-CONJUGATION-REWRITE,Transformer temps et personne,practice,2,draft,REVIEW,True,106406,False,1,0,0,1,
FR-4E,FRENCH,Français,CH-FRENCH-4E-CONJUGATION,Conjugaison,approved,SK-ENR-FRENCH-4E-CONJUGATION-REWRITE,Transformer temps et personne,practice,3,draft,REVIEW,True,106418,False,1,0,0,1,
FR-4E,FRENCH,Français,CH-FRENCH-4E-CONJUGATION,Conjugaison,approved,SK-ENR-FRENCH-4E-CONJUGATION-SUBJUNCTIVE,Reconnaître et employer le subjonctif attendu,assessment,2,draft,REVIEW,True,106402,False,1,0,0,1,
FR-4E,FRENCH,Français,CH-FRENCH-4E-CONJUGATION,Conjugaison,approved,SK-ENR-FRENCH-4E-CONJUGATION-SUBJUNCTIVE,Reconnaître et employer le subjonctif attendu,practice,1,draft,REVIEW,True,106394,False,1,0,0,1,
FR-4E,FRENCH,Français,CH-FRENCH-4E-CONJUGATION,Conjugaison,approved,SK-ENR-FRENCH-4E-CONJUGATION-SUBJUNCTIVE,Reconnaître et employer le subjonctif attendu,practice,2,draft,REVIEW,True,106414,False,1,0,0,1,
FR-4E,FRENCH,Français,CH-FRENCH-4E-CONJUGATION,Conjugaison,approved,SK-ENR-FRENCH-4E-CONJUGATION-SUBJUNCTIVE,Reconnaître et employer le subjonctif attendu,practice,3,draft,REVIEW,True,106446,False,1,0,0,1,
FR-4E,FRENCH,Français,CH-FRENCH-4E-CONJUGATION,Conjugaison,approved,SK-ENR-FRENCH-4E-CONJUGATION-TENSE_VALUE,Interpréter la valeur d'un temps,assessment,2,draft,REVIEW,True,106426,False,1,0,0,1,
FR-4E,FRENCH,Français,CH-FRENCH-4E-CONJUGATION,Conjugaison,approved,SK-ENR-FRENCH-4E-CONJUGATION-TENSE_VALUE,Interpréter la valeur d'un temps,practice,1,draft,REVIEW,True,106430,False,1,0,0,1,
FR-4E,FRENCH,Français,CH-FRENCH-4E-CONJUGATION,Conjugaison,approved,SK-ENR-FRENCH-4E-CONJUGATION-TENSE_VALUE,Interpréter la valeur d'un temps,practice,2,draft,REVIEW,True,106422,False,1,0,0,1,
FR-4E,FRENCH,Français,CH-FRENCH-4E-CONJUGATION,Conjugaison,approved,SK-ENR-FRENCH-4E-CONJUGATION-TENSE_VALUE,Interpréter la valeur d'un temps,practice,3,draft,REVIEW,True,106450,False,1,0,0,1,
FR-4E,FRENCH,Français,CH-FRENCH-4E-CONJUGATION,Conjugaison,approved,SK-FRENCH-4E-CONJUGATION,Mobiliser : Conjugaison,exam_practice,2,approved,,,,True,1,1,1,0,
FR-4E,FRENCH,Français,CH-FRENCH-4E-CONJUGATION,Conjugaison,approved,SK-FRENCH-4E-CONJUGATION,Mobiliser : Conjugaison,exercise,3,approved,,,,True,1,1,1,0,
FR-4E,FRENCH,Français,CH-FRENCH-4E-CONJUGATION,Conjugaison,approved,SK-FRENCH-4E-CONJUGATION,Mobiliser : Conjugaison,worked_example,2,approved,,,,True,1,1,1,0,
FR-4E,FRENCH,Français,CH-FRENCH-4E-GRAMMAR,Grammaire,approved,SK-ENR-FRENCH-4E-GRAMMAR-CLAUSES,Délimiter et relier les propositions,exam_practice,2,approved,,,,True,1,1,1,0,
FR-4E,FRENCH,Français,CH-FRENCH-4E-GRAMMAR,Grammaire,approved,SK-ENR-FRENCH-4E-GRAMMAR-CLAUSES,Délimiter et relier les propositions,exercise,2,approved,,,,True,1,1,1,0,
FR-4E,FRENCH,Français,CH-FRENCH-4E-GRAMMAR,Grammaire,approved,SK-ENR-FRENCH-4E-GRAMMAR-CLAUSES,Délimiter et relier les propositions,exercise,3,approved,,,,True,1,1,1,0,
FR-4E,FRENCH,Français,CH-FRENCH-4E-GRAMMAR,Grammaire,approved,SK-ENR-FRENCH-4E-GRAMMAR-FUNCTIONS,Analyser les fonctions dans la phrase complexe,assessment,2,draft,REVIEW,True,106486,False,1,0,0,1,
FR-4E,FRENCH,Français,CH-FRENCH-4E-GRAMMAR,Grammaire,approved,SK-ENR-FRENCH-4E-GRAMMAR-FUNCTIONS,Analyser les fonctions dans la phrase complexe,diagnostic,2,draft,PASS,True,106482,False,1,0,0,1,
FR-4E,FRENCH,Français,CH-FRENCH-4E-GRAMMAR,Grammaire,approved,SK-ENR-FRENCH-4E-GRAMMAR-FUNCTIONS,Analyser les fonctions dans la phrase complexe,practice,1,draft,REVIEW,True,106502,False,1,0,0,1,
FR-4E,FRENCH,Français,CH-FRENCH-4E-GRAMMAR,Grammaire,approved,SK-ENR-FRENCH-4E-GRAMMAR-FUNCTIONS,Analyser les fonctions dans la phrase complexe,practice,2,draft,REVIEW,True,106498,False,1,0,0,1,
FR-4E,FRENCH,Français,CH-FRENCH-4E-GRAMMAR,Grammaire,approved,SK-ENR-FRENCH-4E-GRAMMAR-FUNCTIONS,Analyser les fonctions dans la phrase complexe,practice,3,draft,REVIEW,True,106510,False,1,0,0,1,
FR-4E,FRENCH,Français,CH-FRENCH-4E-GRAMMAR,Grammaire,approved,SK-ENR-FRENCH-4E-GRAMMAR-FUNCTIONS,Analyser les fonctions dans la phrase complexe,remediation,1,draft,REVIEW,True,106494,False,1,0,0,1,
FR-4E,FRENCH,Français,CH-FRENCH-4E-GRAMMAR,Grammaire,approved,SK-ENR-FRENCH-4E-GRAMMAR-FUNCTIONS,Analyser les fonctions dans la phrase complexe,revision,2,draft,REVIEW,True,104678,False,3,0,0,3,
FR-4E,FRENCH,Français,CH-FRENCH-4E-GRAMMAR,Grammaire,approved,SK-ENR-FRENCH-4E-GRAMMAR-TRANSFORM,Transformer une phrase en conservant son sens,assessment,2,draft,REVIEW,True,106490,False,1,0,0,1,
FR-4E,FRENCH,Français,CH-FRENCH-4E-GRAMMAR,Grammaire,approved,SK-ENR-FRENCH-4E-GRAMMAR-TRANSFORM,Transformer une phrase en conservant son sens,practice,1,draft,REVIEW,True,106518,False,1,0,0,1,
FR-4E,FRENCH,Français,CH-FRENCH-4E-GRAMMAR,Grammaire,approved,SK-ENR-FRENCH-4E-GRAMMAR-TRANSFORM,Transformer une phrase en conservant son sens,practice,2,draft,REVIEW,True,106506,False,1,0,0,1,
FR-4E,FRENCH,Français,CH-FRENCH-4E-GRAMMAR,Grammaire,approved,SK-ENR-FRENCH-4E-GRAMMAR-TRANSFORM,Transformer une phrase en conservant son sens,practice,3,draft,REVIEW,True,106534,False,1,0,0,1,
FR-4E,FRENCH,Français,CH-FRENCH-4E-GRAMMAR,Grammaire,approved,SK-FRENCH-4E-GRAMMAR,Mobiliser : Grammaire,exam_practice,2,approved,,,,True,1,1,1,0,
FR-4E,FRENCH,Français,CH-FRENCH-4E-GRAMMAR,Grammaire,approved,SK-FRENCH-4E-GRAMMAR,Mobiliser : Grammaire,exercise,3,approved,,,,True,1,1,1,0,
FR-4E,FRENCH,Français,CH-FRENCH-4E-GRAMMAR,Grammaire,approved,SK-FRENCH-4E-GRAMMAR,Mobiliser : Grammaire,worked_example,2,approved,,,,True,1,1,1,0,
FR-4E,FRENCH,Français,CH-FRENCH-4E-NARRATIVE,Rédaction narrative,approved,SK-ENR-FRENCH-4E-NARRATIVE-DESCRIPTION,Intégrer description et dialogue,assessment,2,draft,REVIEW,True,106550,False,1,0,0,1,
FR-4E,FRENCH,Français,CH-FRENCH-4E-NARRATIVE,Rédaction narrative,approved,SK-ENR-FRENCH-4E-NARRATIVE-DESCRIPTION,Intégrer description et dialogue,practice,1,draft,REVIEW,True,106542,False,1,0,0,1,
FR-4E,FRENCH,Français,CH-FRENCH-4E-NARRATIVE,Rédaction narrative,approved,SK-ENR-FRENCH-4E-NARRATIVE-DESCRIPTION,Intégrer description et dialogue,practice,2,draft,REVIEW,True,106546,False,1,0,0,1,
FR-4E,FRENCH,Français,CH-FRENCH-4E-NARRATIVE,Rédaction narrative,approved,SK-ENR-FRENCH-4E-NARRATIVE-DESCRIPTION,Intégrer description et dialogue,practice,3,draft,REVIEW,True,106558,False,1,0,0,1,
FR-4E,FRENCH,Français,CH-FRENCH-4E-NARRATIVE,Rédaction narrative,approved,SK-ENR-FRENCH-4E-NARRATIVE-PLOT,Construire une progression narrative,assessment,2,draft,REVIEW,True,106562,False,1,0,0,1,
FR-4E,FRENCH,Français,CH-FRENCH-4E-NARRATIVE,Rédaction narrative,approved,SK-ENR-FRENCH-4E-NARRATIVE-PLOT,Construire une progression narrative,practice,1,draft,REVIEW,True,106554,False,1,0,0,1,
FR-4E,FRENCH,Français,CH-FRENCH-4E-NARRATIVE,Rédaction narrative,approved,SK-ENR-FRENCH-4E-NARRATIVE-PLOT,Construire une progression narrative,practice,2,draft,REVIEW,True,106570,False,1,0,0,1,
FR-4E,FRENCH,Français,CH-FRENCH-4E-NARRATIVE,Rédaction narrative,approved,SK-ENR-FRENCH-4E-NARRATIVE-PLOT,Construire une progression narrative,practice,3,draft,REVIEW,True,106566,False,1,0,0,1,
FR-4E,FRENCH,Français,CH-FRENCH-4E-NARRATIVE,Rédaction narrative,approved,SK-ENR-FRENCH-4E-NARRATIVE-REVISE,Réviser cohérence et style,assessment,2,draft,REVIEW,True,106578,False,1,0,0,1,
FR-4E,FRENCH,Français,CH-FRENCH-4E-NARRATIVE,Rédaction narrative,approved,SK-ENR-FRENCH-4E-NARRATIVE-REVISE,Réviser cohérence et style,practice,1,draft,REVIEW,True,106574,False,1,0,0,1,
FR-4E,FRENCH,Français,CH-FRENCH-4E-NARRATIVE,Rédaction narrative,approved,SK-ENR-FRENCH-4E-NARRATIVE-REVISE,Réviser cohérence et style,practice,2,draft,REVIEW,True,106590,False,1,0,0,1,
FR-4E,FRENCH,Français,CH-FRENCH-4E-NARRATIVE,Rédaction narrative,approved,SK-ENR-FRENCH-4E-NARRATIVE-REVISE,Réviser cohérence et style,practice,3,draft,REVIEW,True,106598,False,1,0,0,1,
FR-4E,FRENCH,Français,CH-FRENCH-4E-NARRATIVE,Rédaction narrative,approved,SK-ENR-FRENCH-4E-NARRATIVE-TIME,Organiser la temporalité du récit,assessment,2,draft,REVIEW,True,106594,False,1,0,0,1,
FR-4E,FRENCH,Français,CH-FRENCH-4E-NARRATIVE,Rédaction narrative,approved,SK-ENR-FRENCH-4E-NARRATIVE-TIME,Organiser la temporalité du récit,practice,1,draft,REVIEW,True,106582,False,1,0,0,1,
FR-4E,FRENCH,Français,CH-FRENCH-4E-NARRATIVE,Rédaction narrative,approved,SK-ENR-FRENCH-4E-NARRATIVE-TIME,Organiser la temporalité du récit,practice,2,draft,REVIEW,True,106602,False,1,0,0,1,
FR-4E,FRENCH,Français,CH-FRENCH-4E-NARRATIVE,Rédaction narrative,approved,SK-ENR-FRENCH-4E-NARRATIVE-TIME,Organiser la temporalité du récit,practice,3,draft,REVIEW,True,106618,False,1,0,0,1,
FR-4E,FRENCH,Français,CH-FRENCH-4E-NARRATIVE,Rédaction narrative,approved,SK-ENR-FRENCH-4E-NARRATIVE-VIEWPOINT,Choisir et maintenir un point de vue,assessment,2,draft,REVIEW,True,106606,False,1,0,0,1,
FR-4E,FRENCH,Français,CH-FRENCH-4E-NARRATIVE,Rédaction narrative,approved,SK-ENR-FRENCH-4E-NARRATIVE-VIEWPOINT,Choisir et maintenir un point de vue,challenge,2,draft,REVIEW,True,104666,False,3,0,0,3,
FR-4E,FRENCH,Français,CH-FRENCH-4E-NARRATIVE,Rédaction narrative,approved,SK-ENR-FRENCH-4E-NARRATIVE-VIEWPOINT,Choisir et maintenir un point de vue,practice,1,draft,REVIEW,True,106586,False,1,0,0,1,
FR-4E,FRENCH,Français,CH-FRENCH-4E-NARRATIVE,Rédaction narrative,approved,SK-ENR-FRENCH-4E-NARRATIVE-VIEWPOINT,Choisir et maintenir un point de vue,practice,2,draft,REVIEW,True,106614,False,1,0,0,1,
FR-4E,FRENCH,Français,CH-FRENCH-4E-NARRATIVE,Rédaction narrative,approved,SK-ENR-FRENCH-4E-NARRATIVE-VIEWPOINT,Choisir et maintenir un point de vue,practice,3,draft,REVIEW,True,106610,False,1,0,0,1,
FR-4E,FRENCH,Français,CH-FRENCH-4E-NARRATIVE,Rédaction narrative,approved,SK-FRENCH-4E-NARRATIVE,Mobiliser : Rédaction narrative,exam_practice,2,approved,,,,True,1,1,1,0,
FR-4E,FRENCH,Français,CH-FRENCH-4E-NARRATIVE,Rédaction narrative,approved,SK-FRENCH-4E-NARRATIVE,Mobiliser : Rédaction narrative,exercise,3,approved,,,,True,1,1,1,0,
FR-4E,FRENCH,Français,CH-FRENCH-4E-NARRATIVE,Rédaction narrative,approved,SK-FRENCH-4E-NARRATIVE,Mobiliser : Rédaction narrative,worked_example,2,approved,,,,True,1,1,1,0,
FR-4E,FRENCH,Français,CH-FRENCH-4E-SPELLING,Orthographe,approved,SK-ENR-FRENCH-4E-SPELLING-GN,Maîtriser les accords du groupe nominal,assessment,2,draft,REVIEW,True,106646,False,1,0,0,1,
FR-4E,FRENCH,Français,CH-FRENCH-4E-SPELLING,Orthographe,approved,SK-ENR-FRENCH-4E-SPELLING-GN,Maîtriser les accords du groupe nominal,practice,1,draft,REVIEW,True,106634,False,1,0,0,1,
FR-4E,FRENCH,Français,CH-FRENCH-4E-SPELLING,Orthographe,approved,SK-ENR-FRENCH-4E-SPELLING-GN,Maîtriser les accords du groupe nominal,practice,2,draft,REVIEW,True,106650,False,1,0,0,1,
FR-4E,FRENCH,Français,CH-FRENCH-4E-SPELLING,Orthographe,approved,SK-ENR-FRENCH-4E-SPELLING-GN,Maîtriser les accords du groupe nominal,practice,3,draft,REVIEW,True,106654,False,1,0,0,1,
FR-4E,FRENCH,Français,CH-FRENCH-4E-SPELLING,Orthographe,approved,SK-ENR-FRENCH-4E-SPELLING-HOMOPHONES,Raisonner sur les homophones grammaticaux,assessment,2,draft,REVIEW,True,106662,False,1,0,0,1,
FR-4E,FRENCH,Français,CH-FRENCH-4E-SPELLING,Orthographe,approved,SK-ENR-FRENCH-4E-SPELLING-HOMOPHONES,Raisonner sur les homophones grammaticaux,practice,1,draft,REVIEW,True,106674,False,1,0,0,1,
FR-4E,FRENCH,Français,CH-FRENCH-4E-SPELLING,Orthographe,approved,SK-ENR-FRENCH-4E-SPELLING-HOMOPHONES,Raisonner sur les homophones grammaticaux,practice,2,draft,REVIEW,True,106658,False,1,0,0,1,
FR-4E,FRENCH,Français,CH-FRENCH-4E-SPELLING,Orthographe,approved,SK-ENR-FRENCH-4E-SPELLING-HOMOPHONES,Raisonner sur les homophones grammaticaux,practice,3,draft,REVIEW,True,106686,False,1,0,0,1,
FR-4E,FRENCH,Français,CH-FRENCH-4E-SPELLING,Orthographe,approved,SK-ENR-FRENCH-4E-SPELLING-PARTICIPLE,Accorder le participe passé dans les cas étudiés,exam_practice,2,approved,,,,True,1,1,1,0,
FR-4E,FRENCH,Français,CH-FRENCH-4E-SPELLING,Orthographe,approved,SK-ENR-FRENCH-4E-SPELLING-PARTICIPLE,Accorder le participe passé dans les cas étudiés,exercise,3,approved,,,,True,1,1,1,0,
FR-4E,FRENCH,Français,CH-FRENCH-4E-SPELLING,Orthographe,approved,SK-ENR-FRENCH-4E-SPELLING-REVISE,Utiliser une procédure de relecture orthographique,assessment,2,draft,REVIEW,True,106698,False,1,0,0,1,
FR-4E,FRENCH,Français,CH-FRENCH-4E-SPELLING,Orthographe,approved,SK-ENR-FRENCH-4E-SPELLING-REVISE,Utiliser une procédure de relecture orthographique,practice,1,draft,REVIEW,True,106670,False,1,0,0,1,
FR-4E,FRENCH,Français,CH-FRENCH-4E-SPELLING,Orthographe,approved,SK-ENR-FRENCH-4E-SPELLING-REVISE,Utiliser une procédure de relecture orthographique,practice,2,draft,REVIEW,True,106682,False,1,0,0,1,
FR-4E,FRENCH,Français,CH-FRENCH-4E-SPELLING,Orthographe,approved,SK-ENR-FRENCH-4E-SPELLING-REVISE,Utiliser une procédure de relecture orthographique,practice,3,draft,REVIEW,True,106702,False,1,0,0,1,
FR-4E,FRENCH,Français,CH-FRENCH-4E-SPELLING,Orthographe,approved,SK-ENR-FRENCH-4E-SPELLING-SV,Maîtriser l'accord sujet-verbe complexe,assessment,2,draft,REVIEW,True,106694,False,1,0,0,1,
FR-4E,FRENCH,Français,CH-FRENCH-4E-SPELLING,Orthographe,approved,SK-ENR-FRENCH-4E-SPELLING-SV,Maîtriser l'accord sujet-verbe complexe,diagnostic,2,draft,REVIEW,True,104642,False,3,0,0,3,
FR-4E,FRENCH,Français,CH-FRENCH-4E-SPELLING,Orthographe,approved,SK-ENR-FRENCH-4E-SPELLING-SV,Maîtriser l'accord sujet-verbe complexe,practice,1,draft,REVIEW,True,106710,False,1,0,0,1,
FR-4E,FRENCH,Français,CH-FRENCH-4E-SPELLING,Orthographe,approved,SK-ENR-FRENCH-4E-SPELLING-SV,Maîtriser l'accord sujet-verbe complexe,practice,2,draft,REVIEW,True,106714,False,1,0,0,1,
FR-4E,FRENCH,Français,CH-FRENCH-4E-SPELLING,Orthographe,approved,SK-ENR-FRENCH-4E-SPELLING-SV,Maîtriser l'accord sujet-verbe complexe,practice,3,draft,REVIEW,True,106742,False,1,0,0,1,
FR-4E,FRENCH,Français,CH-FRENCH-4E-SPELLING,Orthographe,approved,SK-FRENCH-4E-SPELLING,Mobiliser : Orthographe,exam_practice,2,approved,,,,True,1,1,1,0,
FR-4E,FRENCH,Français,CH-FRENCH-4E-SPELLING,Orthographe,approved,SK-FRENCH-4E-SPELLING,Mobiliser : Orthographe,exercise,3,approved,,,,True,1,1,1,0,
FR-4E,FRENCH,Français,CH-FRENCH-4E-SPELLING,Orthographe,approved,SK-FRENCH-4E-SPELLING,Mobiliser : Orthographe,worked_example,2,approved,,,,True,1,1,1,0,
FR-4E,FRENCH,Français,CH-FRENCH-4E-VOCAB,Vocabulaire précis,approved,SK-ENR-FRENCH-4E-VOCAB-CONTEXT,Déduire le sens en contexte,assessment,2,draft,REVIEW,True,106734,False,1,0,0,1,
FR-4E,FRENCH,Français,CH-FRENCH-4E-VOCAB,Vocabulaire précis,approved,SK-ENR-FRENCH-4E-VOCAB-CONTEXT,Déduire le sens en contexte,practice,1,draft,REVIEW,True,106730,False,1,0,0,1,
FR-4E,FRENCH,Français,CH-FRENCH-4E-VOCAB,Vocabulaire précis,approved,SK-ENR-FRENCH-4E-VOCAB-CONTEXT,Déduire le sens en contexte,practice,2,draft,REVIEW,True,106738,False,1,0,0,1,
FR-4E,FRENCH,Français,CH-FRENCH-4E-VOCAB,Vocabulaire précis,approved,SK-ENR-FRENCH-4E-VOCAB-CONTEXT,Déduire le sens en contexte,practice,3,draft,REVIEW,True,106766,False,1,0,0,1,
FR-4E,FRENCH,Français,CH-FRENCH-4E-VOCAB,Vocabulaire précis,approved,SK-ENR-FRENCH-4E-VOCAB-CONTEXT,Déduire le sens en contexte,remediation,2,draft,REVIEW,True,104654,False,3,0,0,3,
FR-4E,FRENCH,Français,CH-FRENCH-4E-VOCAB,Vocabulaire précis,approved,SK-ENR-FRENCH-4E-VOCAB-FIGURE,Interpréter une expression figurée,exam_practice,2,approved,,,,True,1,1,1,0,
FR-4E,FRENCH,Français,CH-FRENCH-4E-VOCAB,Vocabulaire précis,approved,SK-ENR-FRENCH-4E-VOCAB-FIGURE,Interpréter une expression figurée,exercise,2,approved,,,,True,1,1,1,0,
FR-4E,FRENCH,Français,CH-FRENCH-4E-VOCAB,Vocabulaire précis,approved,SK-ENR-FRENCH-4E-VOCAB-FORMATION,Analyser la formation des mots,assessment,2,draft,REVIEW,True,106762,False,1,0,0,1,
FR-4E,FRENCH,Français,CH-FRENCH-4E-VOCAB,Vocabulaire précis,approved,SK-ENR-FRENCH-4E-VOCAB-FORMATION,Analyser la formation des mots,practice,1,draft,REVIEW,True,106774,False,1,0,0,1,
FR-4E,FRENCH,Français,CH-FRENCH-4E-VOCAB,Vocabulaire précis,approved,SK-ENR-FRENCH-4E-VOCAB-FORMATION,Analyser la formation des mots,practice,2,draft,REVIEW,True,106786,False,1,0,0,1,
FR-4E,FRENCH,Français,CH-FRENCH-4E-VOCAB,Vocabulaire précis,approved,SK-ENR-FRENCH-4E-VOCAB-FORMATION,Analyser la formation des mots,practice,3,draft,REVIEW,True,106818,False,1,0,0,1,
FR-4E,FRENCH,Français,CH-FRENCH-4E-VOCAB,Vocabulaire précis,approved,SK-ENR-FRENCH-4E-VOCAB-REGISTER,Choisir un niveau de langue,assessment,2,draft,REVIEW,True,106770,False,1,0,0,1,
FR-4E,FRENCH,Français,CH-FRENCH-4E-VOCAB,Vocabulaire précis,approved,SK-ENR-FRENCH-4E-VOCAB-REGISTER,Choisir un niveau de langue,practice,1,draft,REVIEW,True,106790,False,1,0,0,1,
FR-4E,FRENCH,Français,CH-FRENCH-4E-VOCAB,Vocabulaire précis,approved,SK-ENR-FRENCH-4E-VOCAB-REGISTER,Choisir un niveau de langue,practice,2,draft,REVIEW,True,106778,False,1,0,0,1,
FR-4E,FRENCH,Français,CH-FRENCH-4E-VOCAB,Vocabulaire précis,approved,SK-ENR-FRENCH-4E-VOCAB-REGISTER,Choisir un niveau de langue,practice,3,draft,REVIEW,True,106834,False,1,0,0,1,
FR-4E,FRENCH,Français,CH-FRENCH-4E-VOCAB,Vocabulaire précis,approved,SK-ENR-FRENCH-4E-VOCAB-REUSE,Employer un terme avec précision,assessment,2,draft,REVIEW,True,106798,False,1,0,0,1,
FR-4E,FRENCH,Français,CH-FRENCH-4E-VOCAB,Vocabulaire précis,approved,SK-ENR-FRENCH-4E-VOCAB-REUSE,Employer un terme avec précision,practice,1,draft,REVIEW,True,106802,False,1,0,0,1,
FR-4E,FRENCH,Français,CH-FRENCH-4E-VOCAB,Vocabulaire précis,approved,SK-ENR-FRENCH-4E-VOCAB-REUSE,Employer un terme avec précision,practice,2,draft,REVIEW,True,106794,False,1,0,0,1,
FR-4E,FRENCH,Français,CH-FRENCH-4E-VOCAB,Vocabulaire précis,approved,SK-ENR-FRENCH-4E-VOCAB-REUSE,Employer un terme avec précision,practice,3,draft,REVIEW,True,106806,False,1,0,0,1,
FR-4E,FRENCH,Français,CH-FRENCH-4E-VOCAB,Vocabulaire précis,approved,SK-FRENCH-4E-VOCAB,Mobiliser : Vocabulaire précis,exam_practice,2,approved,,,,True,1,1,1,0,
FR-4E,FRENCH,Français,CH-FRENCH-4E-VOCAB,Vocabulaire précis,approved,SK-FRENCH-4E-VOCAB,Mobiliser : Vocabulaire précis,exercise,3,approved,,,,True,1,1,1,0,
FR-4E,FRENCH,Français,CH-FRENCH-4E-VOCAB,Vocabulaire précis,approved,SK-FRENCH-4E-VOCAB,Mobiliser : Vocabulaire précis,worked_example,2,approved,,,,True,1,1,1,0,
FR-4E,GEOGRAPHY,Géographie,CH-GEOGRAPHY-4E-GLOBALIZATION,Des espaces transformés par la mondialisation,approved,SK-ENR-GEOGRAPHY-4E-GLOBALIZATION-ACTOR,Expliquer le rôle d'un acteur,assessment,2,draft,REVIEW,True,108626,False,1,0,0,1,
FR-4E,GEOGRAPHY,Géographie,CH-GEOGRAPHY-4E-GLOBALIZATION,Des espaces transformés par la mondialisation,approved,SK-ENR-GEOGRAPHY-4E-GLOBALIZATION-ACTOR,Expliquer le rôle d'un acteur,practice,2,draft,REVIEW,True,108646,False,1,0,0,1,
FR-4E,GEOGRAPHY,Géographie,CH-GEOGRAPHY-4E-GLOBALIZATION,Des espaces transformés par la mondialisation,approved,SK-ENR-GEOGRAPHY-4E-GLOBALIZATION-FLOW,Identifier des flux mondialisés,exam_practice,2,approved,,,,True,1,1,1,0,
FR-4E,GEOGRAPHY,Géographie,CH-GEOGRAPHY-4E-GLOBALIZATION,Des espaces transformés par la mondialisation,approved,SK-ENR-GEOGRAPHY-4E-GLOBALIZATION-FLOW,Identifier des flux mondialisés,exercise,2,approved,,,,True,1,1,1,0,
FR-4E,GEOGRAPHY,Géographie,CH-GEOGRAPHY-4E-GLOBALIZATION,Des espaces transformés par la mondialisation,approved,SK-ENR-GEOGRAPHY-4E-GLOBALIZATION-INTEGRATION,Comparer l'intégration des territoires,exam_practice,2,approved,,,,True,1,1,1,0,
FR-4E,GEOGRAPHY,Géographie,CH-GEOGRAPHY-4E-GLOBALIZATION,Des espaces transformés par la mondialisation,approved,SK-ENR-GEOGRAPHY-4E-GLOBALIZATION-INTEGRATION,Comparer l'intégration des territoires,exercise,2,approved,,,,True,1,1,1,0,
FR-4E,GEOGRAPHY,Géographie,CH-GEOGRAPHY-4E-GLOBALIZATION,Des espaces transformés par la mondialisation,approved,SK-ENR-GEOGRAPHY-4E-GLOBALIZATION-MAP,Construire une représentation de réseaux,exam_practice,2,approved,,,,True,1,1,1,0,
FR-4E,GEOGRAPHY,Géographie,CH-GEOGRAPHY-4E-GLOBALIZATION,Des espaces transformés par la mondialisation,approved,SK-ENR-GEOGRAPHY-4E-GLOBALIZATION-MARITIME,Analyser un espace maritime,exam_practice,2,approved,,,,True,1,1,1,0,
FR-4E,GEOGRAPHY,Géographie,CH-GEOGRAPHY-4E-GLOBALIZATION,Des espaces transformés par la mondialisation,approved,SK-ENR-GEOGRAPHY-4E-GLOBALIZATION-MARITIME,Analyser un espace maritime,exercise,2,approved,,,,True,1,1,1,0,
FR-4E,GEOGRAPHY,Géographie,CH-GEOGRAPHY-4E-GLOBALIZATION,Des espaces transformés par la mondialisation,approved,SK-GEOGRAPHY-4E-GLOBALIZATION,Expliquer l'intégration différenciée des territoires,exam_practice,2,approved,,,,True,1,1,1,0,
FR-4E,GEOGRAPHY,Géographie,CH-GEOGRAPHY-4E-GLOBALIZATION,Des espaces transformés par la mondialisation,approved,SK-GEOGRAPHY-4E-GLOBALIZATION,Expliquer l'intégration différenciée des territoires,exercise,2,approved,,,,True,1,1,1,0,
FR-4E,GEOGRAPHY,Géographie,CH-GEOGRAPHY-4E-MOBILITY,Mobilités humaines transnationales,approved,SK-ENR-GEOGRAPHY-4E-MOBILITY-CAUSE,Distinguer causes de mobilité,exam_practice,2,approved,,,,True,1,1,1,0,
FR-4E,GEOGRAPHY,Géographie,CH-GEOGRAPHY-4E-MOBILITY,Mobilités humaines transnationales,approved,SK-ENR-GEOGRAPHY-4E-MOBILITY-CAUSE,Distinguer causes de mobilité,exercise,2,approved,,,,True,1,1,1,0,
FR-4E,GEOGRAPHY,Géographie,CH-GEOGRAPHY-4E-MOBILITY,Mobilités humaines transnationales,approved,SK-ENR-GEOGRAPHY-4E-MOBILITY-EFFECT,Analyser des effets territoriaux,exercise,2,approved,,,,True,1,1,1,0,
FR-4E,GEOGRAPHY,Géographie,CH-GEOGRAPHY-4E-MOBILITY,Mobilités humaines transnationales,approved,SK-ENR-GEOGRAPHY-4E-MOBILITY-MAP,Lire une carte de flux,exam_practice,2,approved,,,,True,1,1,1,0,
FR-4E,GEOGRAPHY,Géographie,CH-GEOGRAPHY-4E-MOBILITY,Mobilités humaines transnationales,approved,SK-ENR-GEOGRAPHY-4E-MOBILITY-MAP,Lire une carte de flux,exercise,2,approved,,,,True,1,1,1,0,
FR-4E,GEOGRAPHY,Géographie,CH-GEOGRAPHY-4E-MOBILITY,Mobilités humaines transnationales,approved,SK-ENR-GEOGRAPHY-4E-MOBILITY-MIGRATION,Expliquer un flux migratoire,exam_practice,2,approved,,,,True,1,1,1,0,
FR-4E,GEOGRAPHY,Géographie,CH-GEOGRAPHY-4E-MOBILITY,Mobilités humaines transnationales,approved,SK-ENR-GEOGRAPHY-4E-MOBILITY-MIGRATION,Expliquer un flux migratoire,exercise,2,approved,,,,True,1,1,1,0,
FR-4E,GEOGRAPHY,Géographie,CH-GEOGRAPHY-4E-MOBILITY,Mobilités humaines transnationales,approved,SK-ENR-GEOGRAPHY-4E-MOBILITY-TOURISM,Caractériser une mobilité touristique,exam_practice,2,approved,,,,True,1,1,1,0,
FR-4E,GEOGRAPHY,Géographie,CH-GEOGRAPHY-4E-MOBILITY,Mobilités humaines transnationales,approved,SK-ENR-GEOGRAPHY-4E-MOBILITY-TOURISM,Caractériser une mobilité touristique,exercise,2,approved,,,,True,1,1,1,0,
FR-4E,GEOGRAPHY,Géographie,CH-GEOGRAPHY-4E-MOBILITY,Mobilités humaines transnationales,approved,SK-GEOGRAPHY-4E-MOBILITY,Analyser des flux migratoires et touristiques,assessment,2,draft,REVIEW,True,108722,False,1,0,0,1,
FR-4E,GEOGRAPHY,Géographie,CH-GEOGRAPHY-4E-MOBILITY,Mobilités humaines transnationales,approved,SK-GEOGRAPHY-4E-MOBILITY,Analyser des flux migratoires et touristiques,practice,2,draft,REVIEW,True,108718,False,1,0,0,1,
FR-4E,GEOGRAPHY,Géographie,CH-GEOGRAPHY-4E-URBANIZATION,L'urbanisation du monde,approved,SK-ENR-GEOGRAPHY-4E-URBANIZATION-GROWTH,Décrire la croissance urbaine,exam_practice,2,approved,,,,True,1,1,1,0,
FR-4E,GEOGRAPHY,Géographie,CH-GEOGRAPHY-4E-URBANIZATION,L'urbanisation du monde,approved,SK-ENR-GEOGRAPHY-4E-URBANIZATION-GROWTH,Décrire la croissance urbaine,exercise,2,approved,,,,True,1,1,1,0,
FR-4E,GEOGRAPHY,Géographie,CH-GEOGRAPHY-4E-URBANIZATION,L'urbanisation du monde,approved,SK-ENR-GEOGRAPHY-4E-URBANIZATION-INEQUALITY,Analyser des inégalités urbaines,exercise,2,approved,,,,True,1,1,1,0,
FR-4E,GEOGRAPHY,Géographie,CH-GEOGRAPHY-4E-URBANIZATION,L'urbanisation du monde,approved,SK-ENR-GEOGRAPHY-4E-URBANIZATION-LANDSCAPE,Interpréter un paysage urbain,exam_practice,2,approved,,,,True,1,1,1,0,
FR-4E,GEOGRAPHY,Géographie,CH-GEOGRAPHY-4E-URBANIZATION,L'urbanisation du monde,approved,SK-ENR-GEOGRAPHY-4E-URBANIZATION-LANDSCAPE,Interpréter un paysage urbain,exercise,2,approved,,,,True,1,1,1,0,
FR-4E,GEOGRAPHY,Géographie,CH-GEOGRAPHY-4E-URBANIZATION,L'urbanisation du monde,approved,SK-ENR-GEOGRAPHY-4E-URBANIZATION-MAP,Construire un croquis d'organisation,assessment,2,draft,REVIEW,True,108746,False,1,0,0,1,
FR-4E,GEOGRAPHY,Géographie,CH-GEOGRAPHY-4E-URBANIZATION,L'urbanisation du monde,approved,SK-ENR-GEOGRAPHY-4E-URBANIZATION-MAP,Construire un croquis d'organisation,practice,2,draft,REVIEW,True,108754,False,1,0,0,1,
FR-4E,GEOGRAPHY,Géographie,CH-GEOGRAPHY-4E-URBANIZATION,L'urbanisation du monde,approved,SK-ENR-GEOGRAPHY-4E-URBANIZATION-METROPOLIZATION,Expliquer la métropolisation,exam_practice,2,approved,,,,True,1,1,1,0,
FR-4E,GEOGRAPHY,Géographie,CH-GEOGRAPHY-4E-URBANIZATION,L'urbanisation du monde,approved,SK-ENR-GEOGRAPHY-4E-URBANIZATION-METROPOLIZATION,Expliquer la métropolisation,exercise,2,approved,,,,True,1,1,1,0,
FR-4E,GEOGRAPHY,Géographie,CH-GEOGRAPHY-4E-URBANIZATION,L'urbanisation du monde,approved,SK-GEOGRAPHY-4E-URBANIZATION,Comparer des espaces et dynamiques urbaines,exam_practice,2,approved,,,,True,1,1,1,0,
FR-4E,GEOGRAPHY,Géographie,CH-GEOGRAPHY-4E-URBANIZATION,L'urbanisation du monde,approved,SK-GEOGRAPHY-4E-URBANIZATION,Comparer des espaces et dynamiques urbaines,exercise,2,approved,,,,True,1,1,1,0,
FR-4E,HISTORY,Histoire,CH-HISTORY-4E-18TH,"Le XVIIIe siècle : expansions, Lumières et révolutions",approved,SK-ENR-HISTORY-4E-18TH-ENLIGHTENMENT,Expliquer les idées des Lumières,exam_practice,2,approved,,,,True,1,1,1,0,
FR-4E,HISTORY,Histoire,CH-HISTORY-4E-18TH,"Le XVIIIe siècle : expansions, Lumières et révolutions",approved,SK-ENR-HISTORY-4E-18TH-ENLIGHTENMENT,Expliquer les idées des Lumières,exercise,2,approved,,,,True,1,1,1,0,
FR-4E,HISTORY,Histoire,CH-HISTORY-4E-18TH,"Le XVIIIe siècle : expansions, Lumières et révolutions",approved,SK-ENR-HISTORY-4E-18TH-REVOLUTION,Comparer les révolutions atlantiques,exam_practice,2,approved,,,,True,1,1,1,0,
FR-4E,HISTORY,Histoire,CH-HISTORY-4E-18TH,"Le XVIIIe siècle : expansions, Lumières et révolutions",approved,SK-ENR-HISTORY-4E-18TH-REVOLUTION,Comparer les révolutions atlantiques,exercise,2,approved,,,,True,1,1,1,0,
FR-4E,HISTORY,Histoire,CH-HISTORY-4E-18TH,"Le XVIIIe siècle : expansions, Lumières et révolutions",approved,SK-ENR-HISTORY-4E-18TH-SLAVERY,Caractériser traites et esclavage,exam_practice,2,approved,,,,True,1,1,1,0,
FR-4E,HISTORY,Histoire,CH-HISTORY-4E-18TH,"Le XVIIIe siècle : expansions, Lumières et révolutions",approved,SK-ENR-HISTORY-4E-18TH-SLAVERY,Caractériser traites et esclavage,exercise,2,approved,,,,True,1,1,1,0,
FR-4E,HISTORY,Histoire,CH-HISTORY-4E-18TH,"Le XVIIIe siècle : expansions, Lumières et révolutions",approved,SK-ENR-HISTORY-4E-18TH-SOURCE,Interpréter une source du XVIIIe siècle,exam_practice,2,approved,,,,True,1,1,1,0,
FR-4E,HISTORY,Histoire,CH-HISTORY-4E-18TH,"Le XVIIIe siècle : expansions, Lumières et révolutions",approved,SK-ENR-HISTORY-4E-18TH-TRADE,Expliquer les échanges atlantiques,exam_practice,2,approved,,,,True,1,1,1,0,
FR-4E,HISTORY,Histoire,CH-HISTORY-4E-18TH,"Le XVIIIe siècle : expansions, Lumières et révolutions",approved,SK-ENR-HISTORY-4E-18TH-TRADE,Expliquer les échanges atlantiques,exercise,2,approved,,,,True,1,1,1,0,
FR-4E,HISTORY,Histoire,CH-HISTORY-4E-18TH,"Le XVIIIe siècle : expansions, Lumières et révolutions",approved,SK-HISTORY-4E-18TH,Expliquer les transformations politiques et économiques du XVIIIe siècle,exam_practice,2,approved,,,,True,1,1,1,0,
FR-4E,HISTORY,Histoire,CH-HISTORY-4E-18TH,"Le XVIIIe siècle : expansions, Lumières et révolutions",approved,SK-HISTORY-4E-18TH,Expliquer les transformations politiques et économiques du XVIIIe siècle,exercise,2,approved,,,,True,1,1,1,0,
FR-4E,HISTORY,Histoire,CH-HISTORY-4E-19TH,L'Europe et le monde au XIXe siècle,approved,SK-ENR-HISTORY-4E-19TH-COLONIZATION,Caractériser la colonisation,exam_practice,2,approved,,,,True,1,1,1,0,
FR-4E,HISTORY,Histoire,CH-HISTORY-4E-19TH,L'Europe et le monde au XIXe siècle,approved,SK-ENR-HISTORY-4E-19TH-COLONIZATION,Caractériser la colonisation,exercise,2,approved,,,,True,1,1,1,0,
FR-4E,HISTORY,Histoire,CH-HISTORY-4E-19TH,L'Europe et le monde au XIXe siècle,approved,SK-ENR-HISTORY-4E-19TH-INDUSTRIALIZATION,Expliquer l'industrialisation,exam_practice,2,approved,,,,True,1,1,1,0,
FR-4E,HISTORY,Histoire,CH-HISTORY-4E-19TH,L'Europe et le monde au XIXe siècle,approved,SK-ENR-HISTORY-4E-19TH-INDUSTRIALIZATION,Expliquer l'industrialisation,exercise,2,approved,,,,True,1,1,1,0,
FR-4E,HISTORY,Histoire,CH-HISTORY-4E-19TH,L'Europe et le monde au XIXe siècle,approved,SK-ENR-HISTORY-4E-19TH-MIGRATION,Relier industrialisation et mobilités,exam_practice,2,approved,,,,True,1,1,1,0,
FR-4E,HISTORY,Histoire,CH-HISTORY-4E-19TH,L'Europe et le monde au XIXe siècle,approved,SK-ENR-HISTORY-4E-19TH-MIGRATION,Relier industrialisation et mobilités,exercise,2,approved,,,,True,1,1,1,0,
FR-4E,HISTORY,Histoire,CH-HISTORY-4E-19TH,L'Europe et le monde au XIXe siècle,approved,SK-ENR-HISTORY-4E-19TH-SOCIETY,Analyser les transformations sociales,exam_practice,2,approved,,,,True,1,1,1,0,
FR-4E,HISTORY,Histoire,CH-HISTORY-4E-19TH,L'Europe et le monde au XIXe siècle,approved,SK-ENR-HISTORY-4E-19TH-SOCIETY,Analyser les transformations sociales,exercise,2,approved,,,,True,1,1,1,0,
FR-4E,HISTORY,Histoire,CH-HISTORY-4E-19TH,L'Europe et le monde au XIXe siècle,approved,SK-ENR-HISTORY-4E-19TH-SOURCE,Confronter des documents,exam_practice,2,approved,,,,True,1,1,1,0,
FR-4E,HISTORY,Histoire,CH-HISTORY-4E-19TH,L'Europe et le monde au XIXe siècle,approved,SK-ENR-HISTORY-4E-19TH-SOURCE,Confronter des documents,exercise,2,approved,,,,True,1,1,1,0,
FR-4E,HISTORY,Histoire,CH-HISTORY-4E-19TH,L'Europe et le monde au XIXe siècle,approved,SK-HISTORY-4E-19TH,"Analyser industrialisation, sociétés et colonisation",exam_practice,2,approved,,,,True,1,1,1,0,
FR-4E,HISTORY,Histoire,CH-HISTORY-4E-19TH,L'Europe et le monde au XIXe siècle,approved,SK-HISTORY-4E-19TH,"Analyser industrialisation, sociétés et colonisation",exercise,2,approved,,,,True,1,1,1,0,
FR-4E,HISTORY,Histoire,CH-HISTORY-4E-FRANCE,"Société, culture et politique dans la France du XIXe siècle",approved,SK-ENR-HISTORY-4E-FRANCE-CHRONOLOGY,Construire une chronologie argumentée,exam_practice,2,approved,,,,True,1,1,1,0,
FR-4E,HISTORY,Histoire,CH-HISTORY-4E-FRANCE,"Société, culture et politique dans la France du XIXe siècle",approved,SK-ENR-HISTORY-4E-FRANCE-CHRONOLOGY,Construire une chronologie argumentée,exercise,2,approved,,,,True,1,1,1,0,
FR-4E,HISTORY,Histoire,CH-HISTORY-4E-FRANCE,"Société, culture et politique dans la France du XIXe siècle",approved,SK-ENR-HISTORY-4E-FRANCE-CITIZENSHIP,Expliquer l'élargissement de la citoyenneté,exam_practice,2,approved,,,,True,1,1,1,0,
FR-4E,HISTORY,Histoire,CH-HISTORY-4E-FRANCE,"Société, culture et politique dans la France du XIXe siècle",approved,SK-ENR-HISTORY-4E-FRANCE-CITIZENSHIP,Expliquer l'élargissement de la citoyenneté,exercise,2,approved,,,,True,1,1,1,0,
FR-4E,HISTORY,Histoire,CH-HISTORY-4E-FRANCE,"Société, culture et politique dans la France du XIXe siècle",approved,SK-ENR-HISTORY-4E-FRANCE-CULTURE,Identifier une évolution culturelle,exam_practice,2,approved,,,,True,1,1,1,0,
FR-4E,HISTORY,Histoire,CH-HISTORY-4E-FRANCE,"Société, culture et politique dans la France du XIXe siècle",approved,SK-ENR-HISTORY-4E-FRANCE-REGIMES,Ordonner les régimes politiques,exam_practice,2,approved,,,,True,1,1,1,0,
FR-4E,HISTORY,Histoire,CH-HISTORY-4E-FRANCE,"Société, culture et politique dans la France du XIXe siècle",approved,SK-ENR-HISTORY-4E-FRANCE-REGIMES,Ordonner les régimes politiques,exercise,2,approved,,,,True,1,1,1,0,
FR-4E,HISTORY,Histoire,CH-HISTORY-4E-FRANCE,"Société, culture et politique dans la France du XIXe siècle",approved,SK-ENR-HISTORY-4E-FRANCE-SOCIETY,Analyser une transformation sociale,exam_practice,2,approved,,,,True,1,1,1,0,
FR-4E,HISTORY,Histoire,CH-HISTORY-4E-FRANCE,"Société, culture et politique dans la France du XIXe siècle",approved,SK-ENR-HISTORY-4E-FRANCE-SOCIETY,Analyser une transformation sociale,exercise,2,approved,,,,True,1,1,1,0,
FR-4E,HISTORY,Histoire,CH-HISTORY-4E-FRANCE,"Société, culture et politique dans la France du XIXe siècle",approved,SK-HISTORY-4E-FRANCE,Construire des repères politiques et sociaux de la France,exam_practice,2,approved,,,,True,1,1,1,0,
FR-4E,HISTORY,Histoire,CH-HISTORY-4E-FRANCE,"Société, culture et politique dans la France du XIXe siècle",approved,SK-HISTORY-4E-FRANCE,Construire des repères politiques et sociaux de la France,exercise,2,approved,,,,True,1,1,1,0,
FR-4E,MATHEMATICS,Mathématiques,CH-MATHEMATICS-4E-FRACT,Fractions,approved,SK-ENR-MATHEMATICS-4E-FRACT-ADD,Additionner et soustraire des fractions,exam_practice,2,approved,,,,True,1,1,1,0,
FR-4E,MATHEMATICS,Mathématiques,CH-MATHEMATICS-4E-FRACT,Fractions,approved,SK-ENR-MATHEMATICS-4E-FRACT-ADD,Additionner et soustraire des fractions,exercise,2,approved,,,,True,1,1,1,0,
FR-4E,MATHEMATICS,Mathématiques,CH-MATHEMATICS-4E-FRACT,Fractions,approved,SK-ENR-MATHEMATICS-4E-FRACT-DIVIDE,Diviser par une fraction,exam_practice,2,approved,,,,True,1,1,1,0,
FR-4E,MATHEMATICS,Mathématiques,CH-MATHEMATICS-4E-FRACT,Fractions,approved,SK-ENR-MATHEMATICS-4E-FRACT-DIVIDE,Diviser par une fraction,exercise,3,approved,,,,True,1,1,1,0,
FR-4E,MATHEMATICS,Mathématiques,CH-MATHEMATICS-4E-FRACT,Fractions,approved,SK-ENR-MATHEMATICS-4E-FRACT-EQUIVALENT,Simplifier et produire des fractions égales,assessment,2,draft,REVIEW,True,106854,False,1,0,0,1,
FR-4E,MATHEMATICS,Mathématiques,CH-MATHEMATICS-4E-FRACT,Fractions,approved,SK-ENR-MATHEMATICS-4E-FRACT-EQUIVALENT,Simplifier et produire des fractions égales,practice,1,draft,REVIEW,True,106858,False,1,0,0,1,
FR-4E,MATHEMATICS,Mathématiques,CH-MATHEMATICS-4E-FRACT,Fractions,approved,SK-ENR-MATHEMATICS-4E-FRACT-EQUIVALENT,Simplifier et produire des fractions égales,practice,2,draft,REVIEW,True,106866,False,1,0,0,1,
FR-4E,MATHEMATICS,Mathématiques,CH-MATHEMATICS-4E-FRACT,Fractions,approved,SK-ENR-MATHEMATICS-4E-FRACT-EQUIVALENT,Simplifier et produire des fractions égales,practice,3,draft,REVIEW,True,106894,False,1,0,0,1,
FR-4E,MATHEMATICS,Mathématiques,CH-MATHEMATICS-4E-FRACT,Fractions,approved,SK-ENR-MATHEMATICS-4E-FRACT-MULTIPLY,Multiplier des fractions,exam_practice,2,approved,,,,True,1,1,1,0,
FR-4E,MATHEMATICS,Mathématiques,CH-MATHEMATICS-4E-FRACT,Fractions,approved,SK-ENR-MATHEMATICS-4E-FRACT-MULTIPLY,Multiplier des fractions,exercise,3,approved,,,,True,1,1,1,0,
FR-4E,MATHEMATICS,Mathématiques,CH-MATHEMATICS-4E-FRACT,Fractions,approved,SK-ENR-MATHEMATICS-4E-FRACT-PROBLEM,Résoudre un problème fractionnaire,exam_practice,2,approved,,,,True,1,1,1,0,
FR-4E,MATHEMATICS,Mathématiques,CH-MATHEMATICS-4E-FRACT,Fractions,approved,SK-ENR-MATHEMATICS-4E-FRACT-PROBLEM,Résoudre un problème fractionnaire,exercise,2,approved,,,,True,1,1,1,0,
FR-4E,MATHEMATICS,Mathématiques,CH-MATHEMATICS-4E-FRACT,Fractions,approved,SK-MATHEMATICS-4E-FRACT,Mobiliser : Fractions,exam_practice,2,approved,,,,True,1,1,1,0,
FR-4E,MATHEMATICS,Mathématiques,CH-MATHEMATICS-4E-FRACT,Fractions,approved,SK-MATHEMATICS-4E-FRACT,Mobiliser : Fractions,exercise,3,approved,,,,True,1,1,1,0,
FR-4E,MATHEMATICS,Mathématiques,CH-MATHEMATICS-4E-FRACT,Fractions,approved,SK-MATHEMATICS-4E-FRACT,Mobiliser : Fractions,worked_example,2,approved,,,,True,1,1,1,0,
FR-4E,MATHEMATICS,Mathématiques,CH-MATHEMATICS-4E-LITERAL,Calcul littéral,approved,SK-ENR-MATHEMATICS-4E-LITERAL-DISTRIBUTE,Développer avec la distributivité,assessment,2,draft,REVIEW,True,106918,False,1,0,0,1,
FR-4E,MATHEMATICS,Mathématiques,CH-MATHEMATICS-4E-LITERAL,Calcul littéral,approved,SK-ENR-MATHEMATICS-4E-LITERAL-DISTRIBUTE,Développer avec la distributivité,diagnostic,1,draft,REVIEW,True,104838,False,1,0,0,1,
FR-4E,MATHEMATICS,Mathématiques,CH-MATHEMATICS-4E-LITERAL,Calcul littéral,approved,SK-ENR-MATHEMATICS-4E-LITERAL-DISTRIBUTE,Développer avec la distributivité,guided_practice,2,draft,REVIEW,True,104522,False,3,0,0,3,
FR-4E,MATHEMATICS,Mathématiques,CH-MATHEMATICS-4E-LITERAL,Calcul littéral,approved,SK-ENR-MATHEMATICS-4E-LITERAL-DISTRIBUTE,Développer avec la distributivité,practice,1,draft,REVIEW,True,104786,False,1,0,0,1,
FR-4E,MATHEMATICS,Mathématiques,CH-MATHEMATICS-4E-LITERAL,Calcul littéral,approved,SK-ENR-MATHEMATICS-4E-LITERAL-DISTRIBUTE,Développer avec la distributivité,practice,2,draft,REVIEW,True,104790,False,1,0,0,1,
FR-4E,MATHEMATICS,Mathématiques,CH-MATHEMATICS-4E-LITERAL,Calcul littéral,approved,SK-ENR-MATHEMATICS-4E-LITERAL-DISTRIBUTE,Développer avec la distributivité,practice,3,draft,REVIEW,True,104794,False,1,0,0,1,
FR-4E,MATHEMATICS,Mathématiques,CH-MATHEMATICS-4E-LITERAL,Calcul littéral,approved,SK-ENR-MATHEMATICS-4E-LITERAL-DISTRIBUTE,Développer avec la distributivité,remediation,1,draft,REVIEW,True,104842,False,1,0,0,1,
FR-4E,MATHEMATICS,Mathématiques,CH-MATHEMATICS-4E-LITERAL,Calcul littéral,approved,SK-ENR-MATHEMATICS-4E-LITERAL-FACTOR,Factoriser dans des cas simples,assessment,2,draft,REVIEW,True,106922,False,1,0,0,1,
FR-4E,MATHEMATICS,Mathématiques,CH-MATHEMATICS-4E-LITERAL,Calcul littéral,approved,SK-ENR-MATHEMATICS-4E-LITERAL-FACTOR,Factoriser dans des cas simples,practice,1,draft,REVIEW,True,106914,False,1,0,0,1,
FR-4E,MATHEMATICS,Mathématiques,CH-MATHEMATICS-4E-LITERAL,Calcul littéral,approved,SK-ENR-MATHEMATICS-4E-LITERAL-FACTOR,Factoriser dans des cas simples,practice,2,draft,REVIEW,True,106938,False,1,0,0,1,
FR-4E,MATHEMATICS,Mathématiques,CH-MATHEMATICS-4E-LITERAL,Calcul littéral,approved,SK-ENR-MATHEMATICS-4E-LITERAL-FACTOR,Factoriser dans des cas simples,practice,3,draft,REVIEW,True,106950,False,1,0,0,1,
FR-4E,MATHEMATICS,Mathématiques,CH-MATHEMATICS-4E-LITERAL,Calcul littéral,approved,SK-ENR-MATHEMATICS-4E-LITERAL-MODEL,Traduire un problème par une expression,exam_practice,2,approved,,,,True,1,1,1,0,
FR-4E,MATHEMATICS,Mathématiques,CH-MATHEMATICS-4E-LITERAL,Calcul littéral,approved,SK-ENR-MATHEMATICS-4E-LITERAL-MODEL,Traduire un problème par une expression,exercise,2,approved,,,,True,1,1,1,0,
FR-4E,MATHEMATICS,Mathématiques,CH-MATHEMATICS-4E-LITERAL,Calcul littéral,approved,SK-ENR-MATHEMATICS-4E-LITERAL-REDUCE,Réduire une expression,exam_practice,2,approved,,,,True,1,1,1,0,
FR-4E,MATHEMATICS,Mathématiques,CH-MATHEMATICS-4E-LITERAL,Calcul littéral,approved,SK-ENR-MATHEMATICS-4E-LITERAL-REDUCE,Réduire une expression,exercise,1,approved,,,,True,1,1,1,0,
FR-4E,MATHEMATICS,Mathématiques,CH-MATHEMATICS-4E-LITERAL,Calcul littéral,approved,SK-ENR-MATHEMATICS-4E-LITERAL-SUBSTITUTE,Calculer une expression littérale,exam_practice,2,approved,,,,True,1,1,1,0,
FR-4E,MATHEMATICS,Mathématiques,CH-MATHEMATICS-4E-LITERAL,Calcul littéral,approved,SK-ENR-MATHEMATICS-4E-LITERAL-SUBSTITUTE,Calculer une expression littérale,exercise,3,approved,,,,True,1,1,1,0,
FR-4E,MATHEMATICS,Mathématiques,CH-MATHEMATICS-4E-LITERAL,Calcul littéral,approved,SK-MATHEMATICS-4E-LITERAL,Mobiliser : Calcul littéral,exam_practice,2,approved,,,,True,1,1,1,0,
FR-4E,MATHEMATICS,Mathématiques,CH-MATHEMATICS-4E-LITERAL,Calcul littéral,approved,SK-MATHEMATICS-4E-LITERAL,Mobiliser : Calcul littéral,exercise,3,approved,,,,True,1,1,1,0,
FR-4E,MATHEMATICS,Mathématiques,CH-MATHEMATICS-4E-LITERAL,Calcul littéral,approved,SK-MATHEMATICS-4E-LITERAL,Mobiliser : Calcul littéral,worked_example,2,approved,,,,True,1,1,1,0,
FR-4E,MATHEMATICS,Mathématiques,CH-MATHEMATICS-4E-POWERS,Puissances,approved,SK-ENR-MATHEMATICS-4E-POWERS-CALCULATE,Calculer avec des puissances entières,exam_practice,2,approved,,,,True,1,1,1,0,
FR-4E,MATHEMATICS,Mathématiques,CH-MATHEMATICS-4E-POWERS,Puissances,approved,SK-ENR-MATHEMATICS-4E-POWERS-CALCULATE,Calculer avec des puissances entières,exercise,1,approved,,,,True,1,1,1,0,
FR-4E,MATHEMATICS,Mathématiques,CH-MATHEMATICS-4E-POWERS,Puissances,approved,SK-ENR-MATHEMATICS-4E-POWERS-MEANING,Interpréter une puissance,exam_practice,2,approved,,,,True,1,1,1,0,
FR-4E,MATHEMATICS,Mathématiques,CH-MATHEMATICS-4E-POWERS,Puissances,approved,SK-ENR-MATHEMATICS-4E-POWERS-MEANING,Interpréter une puissance,exercise,1,approved,,,,True,1,1,1,0,
FR-4E,MATHEMATICS,Mathématiques,CH-MATHEMATICS-4E-POWERS,Puissances,approved,SK-ENR-MATHEMATICS-4E-POWERS-RULES,Appliquer les règles sur les puissances,exam_practice,2,approved,,,,True,1,1,1,0,
FR-4E,MATHEMATICS,Mathématiques,CH-MATHEMATICS-4E-POWERS,Puissances,approved,SK-ENR-MATHEMATICS-4E-POWERS-RULES,Appliquer les règles sur les puissances,exercise,2,approved,,,,True,1,1,1,0,
FR-4E,MATHEMATICS,Mathématiques,CH-MATHEMATICS-4E-POWERS,Puissances,approved,SK-ENR-MATHEMATICS-4E-POWERS-SCIENTIFIC,Écrire un nombre en notation scientifique,assessment,2,draft,REVIEW,True,107038,False,1,0,0,1,
FR-4E,MATHEMATICS,Mathématiques,CH-MATHEMATICS-4E-POWERS,Puissances,approved,SK-ENR-MATHEMATICS-4E-POWERS-SCIENTIFIC,Écrire un nombre en notation scientifique,practice,1,draft,REVIEW,True,107050,False,1,0,0,1,
FR-4E,MATHEMATICS,Mathématiques,CH-MATHEMATICS-4E-POWERS,Puissances,approved,SK-ENR-MATHEMATICS-4E-POWERS-SCIENTIFIC,Écrire un nombre en notation scientifique,practice,2,draft,REVIEW,True,107058,False,1,0,0,1,
FR-4E,MATHEMATICS,Mathématiques,CH-MATHEMATICS-4E-POWERS,Puissances,approved,SK-ENR-MATHEMATICS-4E-POWERS-SCIENTIFIC,Écrire un nombre en notation scientifique,practice,3,draft,REVIEW,True,107066,False,1,0,0,1,
FR-4E,MATHEMATICS,Mathématiques,CH-MATHEMATICS-4E-POWERS,Puissances,approved,SK-ENR-MATHEMATICS-4E-POWERS-TEN,Utiliser les puissances de dix,exam_practice,2,approved,,,,True,1,1,1,0,
FR-4E,MATHEMATICS,Mathématiques,CH-MATHEMATICS-4E-POWERS,Puissances,approved,SK-ENR-MATHEMATICS-4E-POWERS-TEN,Utiliser les puissances de dix,exercise,3,approved,,,,True,1,1,1,0,
FR-4E,MATHEMATICS,Mathématiques,CH-MATHEMATICS-4E-POWERS,Puissances,approved,SK-MATHEMATICS-4E-POWERS,Mobiliser : Puissances,exam_practice,2,approved,,,,True,1,1,1,0,
FR-4E,MATHEMATICS,Mathématiques,CH-MATHEMATICS-4E-POWERS,Puissances,approved,SK-MATHEMATICS-4E-POWERS,Mobiliser : Puissances,exercise,3,approved,,,,True,1,1,1,0,
FR-4E,MATHEMATICS,Mathématiques,CH-MATHEMATICS-4E-POWERS,Puissances,approved,SK-MATHEMATICS-4E-POWERS,Mobiliser : Puissances,worked_example,2,approved,,,,True,1,1,1,0,
FR-4E,MATHEMATICS,Mathématiques,CH-MATHEMATICS-4E-PROP,Proportionnalité,approved,SK-ENR-MATHEMATICS-4E-PROP-GRAPH,Reconnaître une représentation proportionnelle,assessment,2,draft,REVIEW,True,107106,False,1,0,0,1,
FR-4E,MATHEMATICS,Mathématiques,CH-MATHEMATICS-4E-PROP,Proportionnalité,approved,SK-ENR-MATHEMATICS-4E-PROP-GRAPH,Reconnaître une représentation proportionnelle,practice,1,draft,REVIEW,True,107102,False,1,0,0,1,
FR-4E,MATHEMATICS,Mathématiques,CH-MATHEMATICS-4E-PROP,Proportionnalité,approved,SK-ENR-MATHEMATICS-4E-PROP-GRAPH,Reconnaître une représentation proportionnelle,practice,2,draft,REVIEW,True,107110,False,1,0,0,1,
FR-4E,MATHEMATICS,Mathématiques,CH-MATHEMATICS-4E-PROP,Proportionnalité,approved,SK-ENR-MATHEMATICS-4E-PROP-GRAPH,Reconnaître une représentation proportionnelle,practice,3,draft,REVIEW,True,107130,False,1,0,0,1,
FR-4E,MATHEMATICS,Mathématiques,CH-MATHEMATICS-4E-PROP,Proportionnalité,approved,SK-ENR-MATHEMATICS-4E-PROP-IDENTIFY,Identifier une proportionnalité,assessment,2,draft,REVIEW,True,107122,False,1,0,0,1,
FR-4E,MATHEMATICS,Mathématiques,CH-MATHEMATICS-4E-PROP,Proportionnalité,approved,SK-ENR-MATHEMATICS-4E-PROP-IDENTIFY,Identifier une proportionnalité,practice,1,draft,REVIEW,True,107118,False,1,0,0,1,
FR-4E,MATHEMATICS,Mathématiques,CH-MATHEMATICS-4E-PROP,Proportionnalité,approved,SK-ENR-MATHEMATICS-4E-PROP-IDENTIFY,Identifier une proportionnalité,practice,2,draft,REVIEW,True,109246,False,1,0,0,1,
FR-4E,MATHEMATICS,Mathématiques,CH-MATHEMATICS-4E-PROP,Proportionnalité,approved,SK-ENR-MATHEMATICS-4E-PROP-IDENTIFY,Identifier une proportionnalité,practice,3,draft,REVIEW,True,107146,False,1,0,0,1,
FR-4E,MATHEMATICS,Mathématiques,CH-MATHEMATICS-4E-PROP,Proportionnalité,approved,SK-ENR-MATHEMATICS-4E-PROP-PERCENT,Calculer une évolution en pourcentage,exam_practice,2,approved,,,,True,1,1,1,0,
FR-4E,MATHEMATICS,Mathématiques,CH-MATHEMATICS-4E-PROP,Proportionnalité,approved,SK-ENR-MATHEMATICS-4E-PROP-PERCENT,Calculer une évolution en pourcentage,exercise,3,approved,,,,True,1,1,1,0,
FR-4E,MATHEMATICS,Mathématiques,CH-MATHEMATICS-4E-PROP,Proportionnalité,approved,SK-ENR-MATHEMATICS-4E-PROP-PRODUCT,Utiliser le produit en croix avec sens,exam_practice,2,approved,,,,True,1,1,1,0,
FR-4E,MATHEMATICS,Mathématiques,CH-MATHEMATICS-4E-PROP,Proportionnalité,approved,SK-ENR-MATHEMATICS-4E-PROP-PRODUCT,Utiliser le produit en croix avec sens,exercise,2,approved,,,,True,1,1,1,0,
FR-4E,MATHEMATICS,Mathématiques,CH-MATHEMATICS-4E-PROP,Proportionnalité,approved,SK-ENR-MATHEMATICS-4E-PROP-SCALE,Utiliser échelle et vitesse,exam_practice,2,approved,,,,True,1,1,1,0,
FR-4E,MATHEMATICS,Mathématiques,CH-MATHEMATICS-4E-PROP,Proportionnalité,approved,SK-ENR-MATHEMATICS-4E-PROP-SCALE,Utiliser échelle et vitesse,exercise,3,approved,,,,True,1,1,1,0,
FR-4E,MATHEMATICS,Mathématiques,CH-MATHEMATICS-4E-PROP,Proportionnalité,approved,SK-MATHEMATICS-4E-PROP,Mobiliser : Proportionnalité,exam_practice,2,approved,,,,True,1,1,1,0,
FR-4E,MATHEMATICS,Mathématiques,CH-MATHEMATICS-4E-PROP,Proportionnalité,approved,SK-MATHEMATICS-4E-PROP,Mobiliser : Proportionnalité,exercise,3,approved,,,,True,1,1,1,0,
FR-4E,MATHEMATICS,Mathématiques,CH-MATHEMATICS-4E-PROP,Proportionnalité,approved,SK-MATHEMATICS-4E-PROP,Mobiliser : Proportionnalité,worked_example,2,approved,,,,True,1,1,1,0,
FR-4E,MATHEMATICS,Mathématiques,CH-MATHEMATICS-4E-PYTH,Théorème de Pythagore,approved,SK-ENR-MATHEMATICS-4E-PYTH-CALCULATE,Calculer une longueur avec le théorème de Pythagore,exam_practice,2,approved,,,,True,1,1,1,0,
FR-4E,MATHEMATICS,Mathématiques,CH-MATHEMATICS-4E-PYTH,Théorème de Pythagore,approved,SK-ENR-MATHEMATICS-4E-PYTH-CALCULATE,Calculer une longueur avec le théorème de Pythagore,exercise,2,approved,,,,True,1,1,1,0,
FR-4E,MATHEMATICS,Mathématiques,CH-MATHEMATICS-4E-PYTH,Théorème de Pythagore,approved,SK-ENR-MATHEMATICS-4E-PYTH-IDENTIFY,Identifier une configuration de Pythagore,assessment,2,draft,REVIEW,True,107218,False,1,0,0,1,
FR-4E,MATHEMATICS,Mathématiques,CH-MATHEMATICS-4E-PYTH,Théorème de Pythagore,approved,SK-ENR-MATHEMATICS-4E-PYTH-IDENTIFY,Identifier une configuration de Pythagore,diagnostic,2,draft,PASS,True,107230,False,1,0,0,1,
FR-4E,MATHEMATICS,Mathématiques,CH-MATHEMATICS-4E-PYTH,Théorème de Pythagore,approved,SK-ENR-MATHEMATICS-4E-PYTH-IDENTIFY,Identifier une configuration de Pythagore,practice,1,draft,REVIEW,True,107206,False,1,0,0,1,
FR-4E,MATHEMATICS,Mathématiques,CH-MATHEMATICS-4E-PYTH,Théorème de Pythagore,approved,SK-ENR-MATHEMATICS-4E-PYTH-IDENTIFY,Identifier une configuration de Pythagore,practice,2,draft,REVIEW,True,107226,False,1,0,0,1,
FR-4E,MATHEMATICS,Mathématiques,CH-MATHEMATICS-4E-PYTH,Théorème de Pythagore,approved,SK-ENR-MATHEMATICS-4E-PYTH-IDENTIFY,Identifier une configuration de Pythagore,practice,3,draft,REVIEW,True,109270,False,1,0,0,1,
FR-4E,MATHEMATICS,Mathématiques,CH-MATHEMATICS-4E-PYTH,Théorème de Pythagore,approved,SK-ENR-MATHEMATICS-4E-PYTH-IDENTIFY,Identifier une configuration de Pythagore,remediation,1,draft,REVIEW,True,107222,False,1,0,0,1,
FR-4E,MATHEMATICS,Mathématiques,CH-MATHEMATICS-4E-PYTH,Théorème de Pythagore,approved,SK-ENR-MATHEMATICS-4E-PYTH-TEST,Déterminer si un triangle est rectangle,assessment,2,draft,REVIEW,True,107214,False,1,0,0,1,
FR-4E,MATHEMATICS,Mathématiques,CH-MATHEMATICS-4E-PYTH,Théorème de Pythagore,approved,SK-ENR-MATHEMATICS-4E-PYTH-TEST,Déterminer si un triangle est rectangle,practice,1,draft,REVIEW,True,107246,False,1,0,0,1,
FR-4E,MATHEMATICS,Mathématiques,CH-MATHEMATICS-4E-PYTH,Théorème de Pythagore,approved,SK-ENR-MATHEMATICS-4E-PYTH-TEST,Déterminer si un triangle est rectangle,practice,2,draft,REVIEW,True,107258,False,1,0,0,1,
FR-4E,MATHEMATICS,Mathématiques,CH-MATHEMATICS-4E-PYTH,Théorème de Pythagore,approved,SK-ENR-MATHEMATICS-4E-PYTH-TEST,Déterminer si un triangle est rectangle,practice,3,draft,REVIEW,True,107274,False,1,0,0,1,
FR-4E,MATHEMATICS,Mathématiques,CH-MATHEMATICS-4E-PYTH,Théorème de Pythagore,approved,SK-MATHEMATICS-4E-PYTH,Mobiliser : Théorème de Pythagore,exam_practice,2,approved,,,,True,1,1,1,0,
FR-4E,MATHEMATICS,Mathématiques,CH-MATHEMATICS-4E-PYTH,Théorème de Pythagore,approved,SK-MATHEMATICS-4E-PYTH,Mobiliser : Théorème de Pythagore,exercise,3,approved,,,,True,1,1,1,0,
FR-4E,MATHEMATICS,Mathématiques,CH-MATHEMATICS-4E-PYTH,Théorème de Pythagore,approved,SK-MATHEMATICS-4E-PYTH,Mobiliser : Théorème de Pythagore,worked_example,2,approved,,,,True,1,1,1,0,
FR-4E,MATHEMATICS,Mathématiques,CH-MATHEMATICS-4E-RELNUM,Nombres relatifs,approved,SK-ENR-MATHEMATICS-4E-RELNUM-CHAIN,Calculer une expression avec plusieurs opérations,exam_practice,2,approved,,,,True,1,1,1,0,
FR-4E,MATHEMATICS,Mathématiques,CH-MATHEMATICS-4E-RELNUM,Nombres relatifs,approved,SK-ENR-MATHEMATICS-4E-RELNUM-CHAIN,Calculer une expression avec plusieurs opérations,exercise,3,approved,,,,True,1,1,1,0,
FR-4E,MATHEMATICS,Mathématiques,CH-MATHEMATICS-4E-RELNUM,Nombres relatifs,approved,SK-ENR-MATHEMATICS-4E-RELNUM-MULTIPLY,Multiplier et diviser des nombres relatifs,exam_practice,2,approved,,,,True,1,1,1,0,
FR-4E,MATHEMATICS,Mathématiques,CH-MATHEMATICS-4E-RELNUM,Nombres relatifs,approved,SK-ENR-MATHEMATICS-4E-RELNUM-MULTIPLY,Multiplier et diviser des nombres relatifs,exercise,3,approved,,,,True,1,1,1,0,
FR-4E,MATHEMATICS,Mathématiques,CH-MATHEMATICS-4E-RELNUM,Nombres relatifs,approved,SK-ENR-MATHEMATICS-4E-RELNUM-PROBLEM,Résoudre un problème avec nombres relatifs,exam_practice,2,approved,,,,True,1,1,1,0,
FR-4E,MATHEMATICS,Mathématiques,CH-MATHEMATICS-4E-RELNUM,Nombres relatifs,approved,SK-ENR-MATHEMATICS-4E-RELNUM-PROBLEM,Résoudre un problème avec nombres relatifs,exercise,2,approved,,,,True,1,1,1,0,
FR-4E,MATHEMATICS,Mathématiques,CH-MATHEMATICS-4E-RELNUM,Nombres relatifs,approved,SK-ENR-MATHEMATICS-4E-RELNUM-SIGN,Déterminer le signe d'un produit ou quotient,assessment,2,draft,REVIEW,True,107298,False,1,0,0,1,
FR-4E,MATHEMATICS,Mathématiques,CH-MATHEMATICS-4E-RELNUM,Nombres relatifs,approved,SK-ENR-MATHEMATICS-4E-RELNUM-SIGN,Déterminer le signe d'un produit ou quotient,practice,1,draft,REVIEW,True,107290,False,1,0,0,1,
FR-4E,MATHEMATICS,Mathématiques,CH-MATHEMATICS-4E-RELNUM,Nombres relatifs,approved,SK-ENR-MATHEMATICS-4E-RELNUM-SIGN,Déterminer le signe d'un produit ou quotient,practice,2,draft,REVIEW,True,107314,False,1,0,0,1,
FR-4E,MATHEMATICS,Mathématiques,CH-MATHEMATICS-4E-RELNUM,Nombres relatifs,approved,SK-ENR-MATHEMATICS-4E-RELNUM-SIGN,Déterminer le signe d'un produit ou quotient,practice,3,draft,REVIEW,True,107322,False,1,0,0,1,
FR-4E,MATHEMATICS,Mathématiques,CH-MATHEMATICS-4E-RELNUM,Nombres relatifs,approved,SK-MATHEMATICS-4E-RELNUM,Mobiliser : Nombres relatifs,exam_practice,2,approved,,,,True,1,1,1,0,
FR-4E,MATHEMATICS,Mathématiques,CH-MATHEMATICS-4E-RELNUM,Nombres relatifs,approved,SK-MATHEMATICS-4E-RELNUM,Mobiliser : Nombres relatifs,exercise,3,approved,,,,True,1,1,1,0,
FR-4E,MATHEMATICS,Mathématiques,CH-MATHEMATICS-4E-RELNUM,Nombres relatifs,approved,SK-MATHEMATICS-4E-RELNUM,Mobiliser : Nombres relatifs,worked_example,2,approved,,,,True,1,1,1,0,
FR-4E,MATHEMATICS,Mathématiques,CH-MATHEMATICS-4E-STATS,Statistiques,approved,SK-ENR-MATHEMATICS-4E-STATS-COMPARE,Comparer deux séries,exam_practice,2,approved,,,,True,1,1,1,0,
FR-4E,MATHEMATICS,Mathématiques,CH-MATHEMATICS-4E-STATS,Statistiques,approved,SK-ENR-MATHEMATICS-4E-STATS-COMPARE,Comparer deux séries,exercise,3,approved,,,,True,1,1,1,0,
FR-4E,MATHEMATICS,Mathématiques,CH-MATHEMATICS-4E-STATS,Statistiques,approved,SK-ENR-MATHEMATICS-4E-STATS-FREQUENCY,Calculer une fréquence,exam_practice,2,approved,,,,True,1,1,1,0,
FR-4E,MATHEMATICS,Mathématiques,CH-MATHEMATICS-4E-STATS,Statistiques,approved,SK-ENR-MATHEMATICS-4E-STATS-FREQUENCY,Calculer une fréquence,exercise,2,approved,,,,True,1,1,1,0,
FR-4E,MATHEMATICS,Mathématiques,CH-MATHEMATICS-4E-STATS,Statistiques,approved,SK-ENR-MATHEMATICS-4E-STATS-MEAN,Calculer et interpréter une moyenne,exam_practice,2,approved,,,,True,1,1,1,0,
FR-4E,MATHEMATICS,Mathématiques,CH-MATHEMATICS-4E-STATS,Statistiques,approved,SK-ENR-MATHEMATICS-4E-STATS-MEAN,Calculer et interpréter une moyenne,exercise,2,approved,,,,True,1,1,1,0,
FR-4E,MATHEMATICS,Mathématiques,CH-MATHEMATICS-4E-STATS,Statistiques,approved,SK-ENR-MATHEMATICS-4E-STATS-POPULATION,"Identifier population, caractère et effectif",assessment,2,draft,REVIEW,True,107378,False,1,0,0,1,
FR-4E,MATHEMATICS,Mathématiques,CH-MATHEMATICS-4E-STATS,Statistiques,approved,SK-ENR-MATHEMATICS-4E-STATS-POPULATION,"Identifier population, caractère et effectif",practice,1,draft,REVIEW,True,107386,False,1,0,0,1,
FR-4E,MATHEMATICS,Mathématiques,CH-MATHEMATICS-4E-STATS,Statistiques,approved,SK-ENR-MATHEMATICS-4E-STATS-POPULATION,"Identifier population, caractère et effectif",practice,2,draft,REVIEW,True,107402,False,1,0,0,1,
FR-4E,MATHEMATICS,Mathématiques,CH-MATHEMATICS-4E-STATS,Statistiques,approved,SK-ENR-MATHEMATICS-4E-STATS-POPULATION,"Identifier population, caractère et effectif",practice,3,draft,REVIEW,True,107426,False,1,0,0,1,
FR-4E,MATHEMATICS,Mathématiques,CH-MATHEMATICS-4E-STATS,Statistiques,approved,SK-ENR-MATHEMATICS-4E-STATS-REPRESENT,Lire et construire une représentation,assessment,2,draft,REVIEW,True,107398,False,1,0,0,1,
FR-4E,MATHEMATICS,Mathématiques,CH-MATHEMATICS-4E-STATS,Statistiques,approved,SK-ENR-MATHEMATICS-4E-STATS-REPRESENT,Lire et construire une représentation,practice,1,draft,REVIEW,True,107390,False,1,0,0,1,
FR-4E,MATHEMATICS,Mathématiques,CH-MATHEMATICS-4E-STATS,Statistiques,approved,SK-ENR-MATHEMATICS-4E-STATS-REPRESENT,Lire et construire une représentation,practice,2,draft,REVIEW,True,107454,False,1,0,0,1,
FR-4E,MATHEMATICS,Mathématiques,CH-MATHEMATICS-4E-STATS,Statistiques,approved,SK-ENR-MATHEMATICS-4E-STATS-REPRESENT,Lire et construire une représentation,practice,3,draft,REVIEW,True,107462,False,1,0,0,1,
FR-4E,MATHEMATICS,Mathématiques,CH-MATHEMATICS-4E-STATS,Statistiques,approved,SK-MATHEMATICS-4E-STATS,Mobiliser : Statistiques,exam_practice,2,approved,,,,True,1,1,1,0,
FR-4E,MATHEMATICS,Mathématiques,CH-MATHEMATICS-4E-STATS,Statistiques,approved,SK-MATHEMATICS-4E-STATS,Mobiliser : Statistiques,exercise,3,approved,,,,True,1,1,1,0,
FR-4E,MATHEMATICS,Mathématiques,CH-MATHEMATICS-4E-STATS,Statistiques,approved,SK-MATHEMATICS-4E-STATS,Mobiliser : Statistiques,worked_example,2,approved,,,,True,1,1,1,0,
FR-4E,MATHEMATICS,Mathématiques,CH-MATHEMATICS-4E-VOLUMES,Conversions et volumes,approved,SK-ENR-MATHEMATICS-4E-VOLUMES-CONVERT,Convertir des unités de volume et capacité,exam_practice,2,approved,,,,True,1,1,1,0,
FR-4E,MATHEMATICS,Mathématiques,CH-MATHEMATICS-4E-VOLUMES,Conversions et volumes,approved,SK-ENR-MATHEMATICS-4E-VOLUMES-CONVERT,Convertir des unités de volume et capacité,exercise,2,approved,,,,True,1,1,1,0,
FR-4E,MATHEMATICS,Mathématiques,CH-MATHEMATICS-4E-VOLUMES,Conversions et volumes,approved,SK-ENR-MATHEMATICS-4E-VOLUMES-CYLINDER,Calculer le volume d'un cylindre,exam_practice,2,approved,,,,True,1,1,1,0,
FR-4E,MATHEMATICS,Mathématiques,CH-MATHEMATICS-4E-VOLUMES,Conversions et volumes,approved,SK-ENR-MATHEMATICS-4E-VOLUMES-CYLINDER,Calculer le volume d'un cylindre,exercise,2,approved,,,,True,1,1,1,0,
FR-4E,MATHEMATICS,Mathématiques,CH-MATHEMATICS-4E-VOLUMES,Conversions et volumes,approved,SK-ENR-MATHEMATICS-4E-VOLUMES-MODEL,Décomposer un solide,exam_practice,2,approved,,,,True,1,1,1,0,
FR-4E,MATHEMATICS,Mathématiques,CH-MATHEMATICS-4E-VOLUMES,Conversions et volumes,approved,SK-ENR-MATHEMATICS-4E-VOLUMES-MODEL,Décomposer un solide,exercise,3,approved,,,,True,1,1,1,0,
FR-4E,MATHEMATICS,Mathématiques,CH-MATHEMATICS-4E-VOLUMES,Conversions et volumes,approved,SK-ENR-MATHEMATICS-4E-VOLUMES-PRISM,Calculer le volume d'un prisme droit,exam_practice,2,approved,,,,True,1,1,1,0,
FR-4E,MATHEMATICS,Mathématiques,CH-MATHEMATICS-4E-VOLUMES,Conversions et volumes,approved,SK-ENR-MATHEMATICS-4E-VOLUMES-PRISM,Calculer le volume d'un prisme droit,exercise,1,approved,,,,True,1,1,1,0,
FR-4E,MATHEMATICS,Mathématiques,CH-MATHEMATICS-4E-VOLUMES,Conversions et volumes,approved,SK-ENR-MATHEMATICS-4E-VOLUMES-PROBLEM,Résoudre un problème de volume,exam_practice,2,approved,,,,True,1,1,1,0,
FR-4E,MATHEMATICS,Mathématiques,CH-MATHEMATICS-4E-VOLUMES,Conversions et volumes,approved,SK-ENR-MATHEMATICS-4E-VOLUMES-PROBLEM,Résoudre un problème de volume,exercise,2,approved,,,,True,1,1,1,0,
FR-4E,MATHEMATICS,Mathématiques,CH-MATHEMATICS-4E-VOLUMES,Conversions et volumes,approved,SK-MATHEMATICS-4E-VOLUMES,Mobiliser : Conversions et volumes,exam_practice,2,approved,,,,True,1,1,1,0,
FR-4E,MATHEMATICS,Mathématiques,CH-MATHEMATICS-4E-VOLUMES,Conversions et volumes,approved,SK-MATHEMATICS-4E-VOLUMES,Mobiliser : Conversions et volumes,exercise,3,approved,,,,True,1,1,1,0,
FR-4E,MATHEMATICS,Mathématiques,CH-MATHEMATICS-4E-VOLUMES,Conversions et volumes,approved,SK-MATHEMATICS-4E-VOLUMES,Mobiliser : Conversions et volumes,worked_example,2,approved,,,,True,1,1,1,0,
FR-4E,PHYSICS_CHEMISTRY,Physique-Chimie,CH-PHYSICS_CHEMISTRY-4E-CHEMISTRY,Transformations chimiques et constitution de la matière,approved,SK-ENR-PHYSICS_CHEMISTRY-4E-CHEMISTRY-ACID_BASE,Interpréter une mesure de pH,assessment,2,draft,REJECT,True,108914,False,1,0,0,1,
FR-4E,PHYSICS_CHEMISTRY,Physique-Chimie,CH-PHYSICS_CHEMISTRY-4E-CHEMISTRY,Transformations chimiques et constitution de la matière,approved,SK-ENR-PHYSICS_CHEMISTRY-4E-CHEMISTRY-ACID_BASE,Interpréter une mesure de pH,practice,2,draft,REJECT,True,108918,False,1,0,0,1,
FR-4E,PHYSICS_CHEMISTRY,Physique-Chimie,CH-PHYSICS_CHEMISTRY-4E-CHEMISTRY,Transformations chimiques et constitution de la matière,approved,SK-ENR-PHYSICS_CHEMISTRY-4E-CHEMISTRY-ATOM,Utiliser le modèle atomique simple,exam_practice,2,approved,,,,True,1,1,1,0,
FR-4E,PHYSICS_CHEMISTRY,Physique-Chimie,CH-PHYSICS_CHEMISTRY-4E-CHEMISTRY,Transformations chimiques et constitution de la matière,approved,SK-ENR-PHYSICS_CHEMISTRY-4E-CHEMISTRY-ATOM,Utiliser le modèle atomique simple,exercise,2,approved,,,,True,1,1,1,0,
FR-4E,PHYSICS_CHEMISTRY,Physique-Chimie,CH-PHYSICS_CHEMISTRY-4E-CHEMISTRY,Transformations chimiques et constitution de la matière,approved,SK-ENR-PHYSICS_CHEMISTRY-4E-CHEMISTRY-CONSERVATION,Appliquer la conservation des atomes et de la masse,assessment,2,draft,REVIEW,True,108926,False,1,0,0,1,
FR-4E,PHYSICS_CHEMISTRY,Physique-Chimie,CH-PHYSICS_CHEMISTRY-4E-CHEMISTRY,Transformations chimiques et constitution de la matière,approved,SK-ENR-PHYSICS_CHEMISTRY-4E-CHEMISTRY-CONSERVATION,Appliquer la conservation des atomes et de la masse,challenge,2,draft,REVIEW,True,104758,False,3,0,0,3,
FR-4E,PHYSICS_CHEMISTRY,Physique-Chimie,CH-PHYSICS_CHEMISTRY-4E-CHEMISTRY,Transformations chimiques et constitution de la matière,approved,SK-ENR-PHYSICS_CHEMISTRY-4E-CHEMISTRY-CONSERVATION,Appliquer la conservation des atomes et de la masse,practice,2,draft,REVIEW,True,108934,False,1,0,0,1,
FR-4E,PHYSICS_CHEMISTRY,Physique-Chimie,CH-PHYSICS_CHEMISTRY-4E-CHEMISTRY,Transformations chimiques et constitution de la matière,approved,SK-ENR-PHYSICS_CHEMISTRY-4E-CHEMISTRY-EQUATION,Interpréter une équation de réaction,assessment,2,draft,REVIEW,True,108930,False,1,0,0,1,
FR-4E,PHYSICS_CHEMISTRY,Physique-Chimie,CH-PHYSICS_CHEMISTRY-4E-CHEMISTRY,Transformations chimiques et constitution de la matière,approved,SK-ENR-PHYSICS_CHEMISTRY-4E-CHEMISTRY-EQUATION,Interpréter une équation de réaction,practice,2,draft,REVIEW,True,108946,False,1,0,0,1,
FR-4E,PHYSICS_CHEMISTRY,Physique-Chimie,CH-PHYSICS_CHEMISTRY-4E-CHEMISTRY,Transformations chimiques et constitution de la matière,approved,SK-ENR-PHYSICS_CHEMISTRY-4E-CHEMISTRY-EXPERIMENT,Exploiter une transformation chimique,assessment,2,draft,REVIEW,True,108954,False,1,0,0,1,
FR-4E,PHYSICS_CHEMISTRY,Physique-Chimie,CH-PHYSICS_CHEMISTRY-4E-CHEMISTRY,Transformations chimiques et constitution de la matière,approved,SK-ENR-PHYSICS_CHEMISTRY-4E-CHEMISTRY-EXPERIMENT,Exploiter une transformation chimique,practice,2,draft,REVIEW,True,108938,False,1,0,0,1,
FR-4E,PHYSICS_CHEMISTRY,Physique-Chimie,CH-PHYSICS_CHEMISTRY-4E-CHEMISTRY,Transformations chimiques et constitution de la matière,approved,SK-PHYSICS_CHEMISTRY-4E-CHEMISTRY,Modéliser une transformation et conserver la matière,assessment,2,draft,REVIEW,True,108942,False,1,0,0,1,
FR-4E,PHYSICS_CHEMISTRY,Physique-Chimie,CH-PHYSICS_CHEMISTRY-4E-CHEMISTRY,Transformations chimiques et constitution de la matière,approved,SK-PHYSICS_CHEMISTRY-4E-CHEMISTRY,Modéliser une transformation et conserver la matière,practice,2,draft,REVIEW,True,108962,False,1,0,0,1,
FR-4E,PHYSICS_CHEMISTRY,Physique-Chimie,CH-PHYSICS_CHEMISTRY-4E-ELECTRICITY,"Électricité, énergie et signaux",approved,SK-ENR-PHYSICS_CHEMISTRY-4E-ELECTRICITY-CIRCUIT,Schématiser et analyser un circuit,assessment,2,draft,REVIEW,True,108958,False,1,0,0,1,
FR-4E,PHYSICS_CHEMISTRY,Physique-Chimie,CH-PHYSICS_CHEMISTRY-4E-ELECTRICITY,"Électricité, énergie et signaux",approved,SK-ENR-PHYSICS_CHEMISTRY-4E-ELECTRICITY-CIRCUIT,Schématiser et analyser un circuit,practice,2,draft,REVIEW,True,108950,False,1,0,0,1,
FR-4E,PHYSICS_CHEMISTRY,Physique-Chimie,CH-PHYSICS_CHEMISTRY-4E-ELECTRICITY,"Électricité, énergie et signaux",approved,SK-ENR-PHYSICS_CHEMISTRY-4E-ELECTRICITY-CURRENT,Mesurer et utiliser l'intensité,assessment,2,draft,REVIEW,True,108966,False,1,0,0,1,
FR-4E,PHYSICS_CHEMISTRY,Physique-Chimie,CH-PHYSICS_CHEMISTRY-4E-ELECTRICITY,"Électricité, énergie et signaux",approved,SK-ENR-PHYSICS_CHEMISTRY-4E-ELECTRICITY-CURRENT,Mesurer et utiliser l'intensité,practice,2,draft,REVIEW,True,108974,False,1,0,0,1,
FR-4E,PHYSICS_CHEMISTRY,Physique-Chimie,CH-PHYSICS_CHEMISTRY-4E-ELECTRICITY,"Électricité, énergie et signaux",approved,SK-ENR-PHYSICS_CHEMISTRY-4E-ELECTRICITY-ENERGY,"Relier puissance, énergie et durée",assessment,2,draft,REVIEW,True,108970,False,1,0,0,1,
FR-4E,PHYSICS_CHEMISTRY,Physique-Chimie,CH-PHYSICS_CHEMISTRY-4E-ELECTRICITY,"Électricité, énergie et signaux",approved,SK-ENR-PHYSICS_CHEMISTRY-4E-ELECTRICITY-ENERGY,"Relier puissance, énergie et durée",practice,2,draft,REVIEW,True,108978,False,1,0,0,1,
FR-4E,PHYSICS_CHEMISTRY,Physique-Chimie,CH-PHYSICS_CHEMISTRY-4E-ELECTRICITY,"Électricité, énergie et signaux",approved,SK-ENR-PHYSICS_CHEMISTRY-4E-ELECTRICITY-LAW,Appliquer une loi de circuit,assessment,2,draft,REVIEW,True,108990,False,1,0,0,1,
FR-4E,PHYSICS_CHEMISTRY,Physique-Chimie,CH-PHYSICS_CHEMISTRY-4E-ELECTRICITY,"Électricité, énergie et signaux",approved,SK-ENR-PHYSICS_CHEMISTRY-4E-ELECTRICITY-LAW,Appliquer une loi de circuit,practice,2,draft,REVIEW,True,108982,False,1,0,0,1,
FR-4E,PHYSICS_CHEMISTRY,Physique-Chimie,CH-PHYSICS_CHEMISTRY-4E-ELECTRICITY,"Électricité, énergie et signaux",approved,SK-ENR-PHYSICS_CHEMISTRY-4E-ELECTRICITY-SIGNAL,Interpréter un signal électrique,assessment,2,draft,REVIEW,True,108998,False,1,0,0,1,
FR-4E,PHYSICS_CHEMISTRY,Physique-Chimie,CH-PHYSICS_CHEMISTRY-4E-ELECTRICITY,"Électricité, énergie et signaux",approved,SK-ENR-PHYSICS_CHEMISTRY-4E-ELECTRICITY-SIGNAL,Interpréter un signal électrique,practice,2,draft,REVIEW,True,108986,False,1,0,0,1,
FR-4E,PHYSICS_CHEMISTRY,Physique-Chimie,CH-PHYSICS_CHEMISTRY-4E-ELECTRICITY,"Électricité, énergie et signaux",approved,SK-ENR-PHYSICS_CHEMISTRY-4E-ELECTRICITY-VOLTAGE,Mesurer et utiliser la tension,assessment,2,draft,REVIEW,True,108994,False,1,0,0,1,
FR-4E,PHYSICS_CHEMISTRY,Physique-Chimie,CH-PHYSICS_CHEMISTRY-4E-ELECTRICITY,"Électricité, énergie et signaux",approved,SK-ENR-PHYSICS_CHEMISTRY-4E-ELECTRICITY-VOLTAGE,Mesurer et utiliser la tension,practice,2,draft,REVIEW,True,109006,False,1,0,0,1,
FR-4E,PHYSICS_CHEMISTRY,Physique-Chimie,CH-PHYSICS_CHEMISTRY-4E-ELECTRICITY,"Électricité, énergie et signaux",approved,SK-PHYSICS_CHEMISTRY-4E-ELECTRICITY,Analyser un circuit et des transferts d'énergie,assessment,2,draft,REVIEW,True,109002,False,1,0,0,1,
FR-4E,PHYSICS_CHEMISTRY,Physique-Chimie,CH-PHYSICS_CHEMISTRY-4E-ELECTRICITY,"Électricité, énergie et signaux",approved,SK-PHYSICS_CHEMISTRY-4E-ELECTRICITY,Analyser un circuit et des transferts d'énergie,practice,2,draft,REVIEW,True,109026,False,1,0,0,1,
FR-4E,SVT,SVT,CH-SVT-4E-EARTH,Dynamique de la Terre et risques,approved,SK-ENR-SVT-4E-EARTH-EARTHQUAKE,Expliquer un séisme,exam_practice,2,approved,,,,True,1,1,1,0,
FR-4E,SVT,SVT,CH-SVT-4E-EARTH,Dynamique de la Terre et risques,approved,SK-ENR-SVT-4E-EARTH-EARTHQUAKE,Expliquer un séisme,exercise,2,approved,,,,True,1,1,1,0,
FR-4E,SVT,SVT,CH-SVT-4E-EARTH,Dynamique de la Terre et risques,approved,SK-ENR-SVT-4E-EARTH-MOTION,Relier mouvements et phénomènes géologiques,exam_practice,2,approved,,,,True,1,1,1,0,
FR-4E,SVT,SVT,CH-SVT-4E-EARTH,Dynamique de la Terre et risques,approved,SK-ENR-SVT-4E-EARTH-MOTION,Relier mouvements et phénomènes géologiques,exercise,2,approved,,,,True,1,1,1,0,
FR-4E,SVT,SVT,CH-SVT-4E-EARTH,Dynamique de la Terre et risques,approved,SK-ENR-SVT-4E-EARTH-PLATE,Identifier les principales plaques,exam_practice,2,approved,,,,True,1,1,1,0,
FR-4E,SVT,SVT,CH-SVT-4E-EARTH,Dynamique de la Terre et risques,approved,SK-ENR-SVT-4E-EARTH-PLATE,Identifier les principales plaques,exercise,2,approved,,,,True,1,1,1,0,
FR-4E,SVT,SVT,CH-SVT-4E-EARTH,Dynamique de la Terre et risques,approved,SK-ENR-SVT-4E-EARTH-RISK,"Relier aléa, vulnérabilité et prévention",exam_practice,2,approved,,,,True,1,1,1,0,
FR-4E,SVT,SVT,CH-SVT-4E-EARTH,Dynamique de la Terre et risques,approved,SK-ENR-SVT-4E-EARTH-VOLCANO,Expliquer un volcanisme,exam_practice,2,approved,,,,True,1,1,1,0,
FR-4E,SVT,SVT,CH-SVT-4E-EARTH,Dynamique de la Terre et risques,approved,SK-ENR-SVT-4E-EARTH-VOLCANO,Expliquer un volcanisme,exercise,2,approved,,,,True,1,1,1,0,
FR-4E,SVT,SVT,CH-SVT-4E-EARTH,Dynamique de la Terre et risques,approved,SK-SVT-4E-EARTH,Expliquer des phénomènes géologiques et leurs risques,exam_practice,2,approved,,,,True,1,1,1,0,
FR-4E,SVT,SVT,CH-SVT-4E-EARTH,Dynamique de la Terre et risques,approved,SK-SVT-4E-EARTH,Expliquer des phénomènes géologiques et leurs risques,exercise,2,approved,,,,True,1,1,1,0,
FR-4E,SVT,SVT,CH-SVT-4E-GENETICS,Transmission et diversité du vivant,approved,SK-ENR-SVT-4E-GENETICS-CHROMOSOME,Relier chromosome et information héréditaire,exam_practice,2,approved,,,,True,1,1,1,0,
FR-4E,SVT,SVT,CH-SVT-4E-GENETICS,Transmission et diversité du vivant,approved,SK-ENR-SVT-4E-GENETICS-CHROMOSOME,Relier chromosome et information héréditaire,exercise,2,approved,,,,True,1,1,1,0,
FR-4E,SVT,SVT,CH-SVT-4E-GENETICS,Transmission et diversité du vivant,approved,SK-ENR-SVT-4E-GENETICS-DATA,Exploiter des données génétiques,exam_practice,2,approved,,,,True,1,1,1,0,
FR-4E,SVT,SVT,CH-SVT-4E-GENETICS,Transmission et diversité du vivant,approved,SK-ENR-SVT-4E-GENETICS-DATA,Exploiter des données génétiques,exercise,2,approved,,,,True,1,1,1,0,
FR-4E,SVT,SVT,CH-SVT-4E-GENETICS,Transmission et diversité du vivant,approved,SK-ENR-SVT-4E-GENETICS-HEREDITY,Interpréter une transmission simple,exam_practice,2,approved,,,,True,1,1,1,0,
FR-4E,SVT,SVT,CH-SVT-4E-GENETICS,Transmission et diversité du vivant,approved,SK-ENR-SVT-4E-GENETICS-HEREDITY,Interpréter une transmission simple,exercise,2,approved,,,,True,1,1,1,0,
FR-4E,SVT,SVT,CH-SVT-4E-GENETICS,Transmission et diversité du vivant,approved,SK-ENR-SVT-4E-GENETICS-REPRODUCTION,Distinguer reproduction sexuée et asexuée,exam_practice,2,approved,,,,True,1,1,1,0,
FR-4E,SVT,SVT,CH-SVT-4E-GENETICS,Transmission et diversité du vivant,approved,SK-ENR-SVT-4E-GENETICS-REPRODUCTION,Distinguer reproduction sexuée et asexuée,exercise,2,approved,,,,True,1,1,1,0,
FR-4E,SVT,SVT,CH-SVT-4E-GENETICS,Transmission et diversité du vivant,approved,SK-ENR-SVT-4E-GENETICS-VARIATION,Expliquer une variation individuelle,exam_practice,2,approved,,,,True,1,1,1,0,
FR-4E,SVT,SVT,CH-SVT-4E-GENETICS,Transmission et diversité du vivant,approved,SK-SVT-4E-GENETICS,"Relier reproduction, information héréditaire et diversité",exam_practice,2,approved,,,,True,1,1,1,0,
FR-4E,SVT,SVT,CH-SVT-4E-GENETICS,Transmission et diversité du vivant,approved,SK-SVT-4E-GENETICS,"Relier reproduction, information héréditaire et diversité",exercise,2,approved,,,,True,1,1,1,0,
