content_id,subject,from_skill,to_skill,to_chapter,source_type
1979,MATHEMATICS,,107,91,OFFICIAL_ARCHIVE
1980,MATHEMATICS,,107,91,OFFICIAL_ARCHIVE
1981,MATHEMATICS,,107,91,OFFICIAL_ARCHIVE
1988,PHYSICS_CHEMISTRY,,244,148,OFFICIAL_ARCHIVE
1989,FRENCH,,92,84,OFFICIAL_ARCHIVE
1990,FRENCH,,92,84,OFFICIAL_ARCHIVE
1991,FRENCH,,92,84,OFFICIAL_ARCHIVE
1992,FRENCH,,92,84,OFFICIAL_ARCHIVE
1993,FRENCH,,92,84,OFFICIAL_ARCHIVE
1994,FRENCH,,92,84,OFFICIAL_ARCHIVE
1995,FRENCH,,92,84,OFFICIAL_ARCHIVE
1996,FRENCH,,79,79,OFFICIAL_ARCHIVE
1997,FRENCH,,79,79,OFFICIAL_ARCHIVE
1998,FRENCH,,79,79,OFFICIAL_ARCHIVE
1999,FRENCH,,103,89,OFFICIAL_ARCHIVE
2000,FRENCH,,93,84,OFFICIAL_ARCHIVE
2001,FRENCH,,103,89,OFFICIAL_ARCHIVE
2002,FRENCH,,103,89,OFFICIAL_ARCHIVE
2003,FRENCH,,103,89,OFFICIAL_ARCHIVE
2004,FRENCH,,92,84,OFFICIAL_ARCHIVE
2005,FRENCH,,92,84,OFFICIAL_ARCHIVE
2006,FRENCH,,92,84,OFFICIAL_ARCHIVE
2007,FRENCH,,92,84,OFFICIAL_ARCHIVE
2008,FRENCH,,79,79,OFFICIAL_ARCHIVE
2009,FRENCH,,92,84,OFFICIAL_ARCHIVE
2010,FRENCH,,92,84,OFFICIAL_ARCHIVE
2011,FRENCH,,92,84,OFFICIAL_ARCHIVE
2012,FRENCH,,92,84,OFFICIAL_ARCHIVE
2013,FRENCH,,92,84,OFFICIAL_ARCHIVE
2014,FRENCH,,92,84,OFFICIAL_ARCHIVE
2015,FRENCH,,92,84,OFFICIAL_ARCHIVE
2016,FRENCH,,92,84,OFFICIAL_ARCHIVE
2017,FRENCH,,92,84,OFFICIAL_ARCHIVE
2018,FRENCH,,92,84,OFFICIAL_ARCHIVE
2019,FRENCH,,84,81,OFFICIAL_ARCHIVE
2020,FRENCH,,84,81,OFFICIAL_ARCHIVE
2021,FRENCH,,84,81,OFFICIAL_ARCHIVE
2022,FRENCH,,92,84,OFFICIAL_ARCHIVE
2023,FRENCH,,92,84,OFFICIAL_ARCHIVE
2024,FRENCH,,92,84,OFFICIAL_ARCHIVE
2025,FRENCH,,92,84,OFFICIAL_ARCHIVE
2026,FRENCH,,92,84,OFFICIAL_ARCHIVE
2027,FRENCH,,92,84,OFFICIAL_ARCHIVE
2028,FRENCH,,92,84,OFFICIAL_ARCHIVE
2029,FRENCH,,92,84,OFFICIAL_ARCHIVE
2030,FRENCH,,92,84,OFFICIAL_ARCHIVE
2031,FRENCH,,92,84,OFFICIAL_ARCHIVE
2032,FRENCH,,92,84,OFFICIAL_ARCHIVE
2033,FRENCH,,92,84,OFFICIAL_ARCHIVE
2034,FRENCH,,92,84,OFFICIAL_ARCHIVE
2035,FRENCH,,92,84,OFFICIAL_ARCHIVE
2036,PHYSICS_CHEMISTRY,,248,150,OFFICIAL_ARCHIVE
2037,MATHEMATICS,,146,106,OFFICIAL_ARCHIVE
2038,MATHEMATICS,,146,106,OFFICIAL_ARCHIVE
2039,MATHEMATICS,,146,106,OFFICIAL_ARCHIVE
2040,MATHEMATICS,,146,106,OFFICIAL_ARCHIVE
2041,MATHEMATICS,,146,106,OFFICIAL_ARCHIVE
2042,MATHEMATICS,,136,102,OFFICIAL_ARCHIVE
2043,MATHEMATICS,,146,106,OFFICIAL_ARCHIVE
2044,MATHEMATICS,,146,106,OFFICIAL_ARCHIVE
2045,MATHEMATICS,,141,104,OFFICIAL_ARCHIVE
2046,MATHEMATICS,,146,106,OFFICIAL_ARCHIVE
2047,MATHEMATICS,,146,106,OFFICIAL_ARCHIVE
2048,MATHEMATICS,,121,96,OFFICIAL_ARCHIVE
1988,PHYSICS_CHEMISTRY,,256,154,OFFICIAL_ARCHIVE
1989,FRENCH,,84,81,OFFICIAL_ARCHIVE
1990,FRENCH,,84,81,OFFICIAL_ARCHIVE
1991,FRENCH,,84,81,OFFICIAL_ARCHIVE
1992,FRENCH,,84,81,OFFICIAL_ARCHIVE
1993,FRENCH,,84,81,OFFICIAL_ARCHIVE
1994,FRENCH,,84,81,OFFICIAL_ARCHIVE
2005,FRENCH,,89,83,OFFICIAL_ARCHIVE
2009,FRENCH,,84,81,OFFICIAL_ARCHIVE
2026,FRENCH,,84,81,OFFICIAL_ARCHIVE
2027,FRENCH,,84,81,OFFICIAL_ARCHIVE
2028,FRENCH,,84,81,OFFICIAL_ARCHIVE
2029,FRENCH,,84,81,OFFICIAL_ARCHIVE
2030,FRENCH,,84,81,OFFICIAL_ARCHIVE
2035,FRENCH,,84,81,OFFICIAL_ARCHIVE
2036,PHYSICS_CHEMISTRY,,250,151,OFFICIAL_ARCHIVE
2038,MATHEMATICS,,121,96,OFFICIAL_ARCHIVE
2042,MATHEMATICS,,146,106,OFFICIAL_ARCHIVE
2045,MATHEMATICS,,146,106,OFFICIAL_ARCHIVE
2049,MATHEMATICS,,121,96,OFFICIAL_ARCHIVE
2050,MATHEMATICS,,121,96,OFFICIAL_ARCHIVE
2051,MATHEMATICS,,121,96,OFFICIAL_ARCHIVE
2052,MATHEMATICS,,121,96,OFFICIAL_ARCHIVE
2053,MATHEMATICS,,121,96,OFFICIAL_ARCHIVE
2054,MATHEMATICS,,121,96,OFFICIAL_ARCHIVE
2055,MATHEMATICS,,121,96,OFFICIAL_ARCHIVE
2056,MATHEMATICS,,107,91,OFFICIAL_ARCHIVE
2057,MATHEMATICS,,107,91,OFFICIAL_ARCHIVE
2058,MATHEMATICS,,107,91,OFFICIAL_ARCHIVE
2059,MATHEMATICS,,107,91,OFFICIAL_ARCHIVE
2060,MATHEMATICS,,107,91,OFFICIAL_ARCHIVE
2061,MATHEMATICS,,107,91,OFFICIAL_ARCHIVE
2062,MATHEMATICS,,121,96,OFFICIAL_ARCHIVE
2063,MATHEMATICS,,121,96,OFFICIAL_ARCHIVE
2064,MATHEMATICS,,107,91,OFFICIAL_ARCHIVE
2065,MATHEMATICS,,146,106,OFFICIAL_ARCHIVE
2066,MATHEMATICS,,146,106,OFFICIAL_ARCHIVE
2067,FRENCH,,92,84,OFFICIAL_ARCHIVE
2068,FRENCH,,83,80,OFFICIAL_ARCHIVE
2069,FRENCH,,83,80,OFFICIAL_ARCHIVE
2070,FRENCH,,83,80,OFFICIAL_ARCHIVE
2071,FRENCH,,83,80,OFFICIAL_ARCHIVE
2072,FRENCH,,79,79,OFFICIAL_ARCHIVE
2073,FRENCH,,79,79,OFFICIAL_ARCHIVE
2074,FRENCH,,92,84,OFFICIAL_ARCHIVE
2075,FRENCH,,92,84,OFFICIAL_ARCHIVE
2076,FRENCH,,92,84,OFFICIAL_ARCHIVE
2077,FRENCH,,92,84,OFFICIAL_ARCHIVE
2078,FRENCH,,92,84,OFFICIAL_ARCHIVE
2079,FRENCH,,103,89,OFFICIAL_ARCHIVE
2080,FRENCH,,103,89,OFFICIAL_ARCHIVE
2081,FRENCH,,103,89,OFFICIAL_ARCHIVE
2082,FRENCH,,103,89,OFFICIAL_ARCHIVE
2083,FRENCH,,103,89,OFFICIAL_ARCHIVE
2084,FRENCH,,103,89,OFFICIAL_ARCHIVE
2085,FRENCH,,103,89,OFFICIAL_ARCHIVE
2086,FRENCH,,103,89,OFFICIAL_ARCHIVE
2087,FRENCH,,103,89,OFFICIAL_ARCHIVE
2088,FRENCH,,103,89,OFFICIAL_ARCHIVE
2089,FRENCH,,103,89,OFFICIAL_ARCHIVE
2090,FRENCH,,103,89,OFFICIAL_ARCHIVE
2091,FRENCH,,103,89,OFFICIAL_ARCHIVE
2092,FRENCH,,103,89,OFFICIAL_ARCHIVE
2093,FRENCH,,103,89,OFFICIAL_ARCHIVE
2094,FRENCH,,103,89,OFFICIAL_ARCHIVE
2095,FRENCH,,89,83,OFFICIAL_ARCHIVE
2096,FRENCH,,89,83,OFFICIAL_ARCHIVE
2097,FRENCH,,89,83,OFFICIAL_ARCHIVE
2098,FRENCH,,89,83,OFFICIAL_ARCHIVE
2099,FRENCH,,89,83,OFFICIAL_ARCHIVE
2100,FRENCH,,89,83,OFFICIAL_ARCHIVE
2101,FRENCH,,89,83,OFFICIAL_ARCHIVE
2102,FRENCH,,89,83,OFFICIAL_ARCHIVE
2103,FRENCH,,89,83,OFFICIAL_ARCHIVE
2104,FRENCH,,89,83,OFFICIAL_ARCHIVE
2105,FRENCH,,89,83,OFFICIAL_ARCHIVE
2106,FRENCH,,89,83,OFFICIAL_ARCHIVE
2107,FRENCH,,89,83,OFFICIAL_ARCHIVE
2108,FRENCH,,89,83,OFFICIAL_ARCHIVE
2109,FRENCH,,79,79,OFFICIAL_ARCHIVE
2110,FRENCH,,79,79,OFFICIAL_ARCHIVE
2111,FRENCH,,79,79,OFFICIAL_ARCHIVE
2112,FRENCH,,79,79,OFFICIAL_ARCHIVE
2113,FRENCH,,79,79,OFFICIAL_ARCHIVE
2114,FRENCH,,79,79,OFFICIAL_ARCHIVE
2115,FRENCH,,92,84,OFFICIAL_ARCHIVE
2116,FRENCH,,79,79,OFFICIAL_ARCHIVE
2117,FRENCH,,103,89,OFFICIAL_ARCHIVE
2118,FRENCH,,79,79,OFFICIAL_ARCHIVE
2119,FRENCH,,79,79,OFFICIAL_ARCHIVE
2120,FRENCH,,92,84,OFFICIAL_ARCHIVE
2121,MATHEMATICS,,131,100,OFFICIAL_ARCHIVE
2122,MATHEMATICS,,107,91,OFFICIAL_ARCHIVE
2123,MATHEMATICS,,107,91,OFFICIAL_ARCHIVE
2124,MATHEMATICS,,107,91,OFFICIAL_ARCHIVE
2125,MATHEMATICS,,107,91,OFFICIAL_ARCHIVE
2126,MATHEMATICS,,146,106,OFFICIAL_ARCHIVE
2127,MATHEMATICS,,107,91,OFFICIAL_ARCHIVE
2128,MATHEMATICS,,121,96,OFFICIAL_ARCHIVE
2129,MATHEMATICS,,121,96,OFFICIAL_ARCHIVE
2130,MATHEMATICS,,121,96,OFFICIAL_ARCHIVE
2131,MATHEMATICS,,121,96,OFFICIAL_ARCHIVE
2132,MATHEMATICS,,121,96,OFFICIAL_ARCHIVE
2133,MATHEMATICS,,107,91,OFFICIAL_ARCHIVE
2134,MATHEMATICS,,107,91,OFFICIAL_ARCHIVE
2135,MATHEMATICS,,107,91,OFFICIAL_ARCHIVE
2136,MATHEMATICS,,141,104,OFFICIAL_ARCHIVE
2137,MATHEMATICS,,141,104,OFFICIAL_ARCHIVE
2138,MATHEMATICS,,107,91,OFFICIAL_ARCHIVE
2139,MATHEMATICS,,121,96,OFFICIAL_ARCHIVE
2140,MATHEMATICS,,141,104,OFFICIAL_ARCHIVE
2141,MATHEMATICS,,141,104,OFFICIAL_ARCHIVE
2142,MATHEMATICS,,107,91,OFFICIAL_ARCHIVE
2143,MATHEMATICS,,107,91,OFFICIAL_ARCHIVE
2144,MATHEMATICS,,121,96,OFFICIAL_ARCHIVE
2145,MATHEMATICS,,107,91,OFFICIAL_ARCHIVE
2146,MATHEMATICS,,107,91,OFFICIAL_ARCHIVE
2147,MATHEMATICS,,107,91,OFFICIAL_ARCHIVE
2148,MATHEMATICS,,107,91,OFFICIAL_ARCHIVE
2149,MATHEMATICS,,107,91,OFFICIAL_ARCHIVE
2150,MATHEMATICS,,107,91,OFFICIAL_ARCHIVE
2151,MATHEMATICS,,107,91,OFFICIAL_ARCHIVE
2152,MATHEMATICS,,107,91,OFFICIAL_ARCHIVE
2153,PHYSICS_CHEMISTRY,,252,152,OFFICIAL_ARCHIVE
2154,FRENCH,,89,83,OFFICIAL_ARCHIVE
2155,FRENCH,,89,83,OFFICIAL_ARCHIVE
2156,FRENCH,,89,83,OFFICIAL_ARCHIVE
2157,FRENCH,,89,83,OFFICIAL_ARCHIVE
2158,FRENCH,,89,83,OFFICIAL_ARCHIVE
2159,FRENCH,,89,83,OFFICIAL_ARCHIVE
2160,FRENCH,,89,83,OFFICIAL_ARCHIVE
2161,FRENCH,,89,83,OFFICIAL_ARCHIVE
2162,FRENCH,,89,83,OFFICIAL_ARCHIVE
2163,FRENCH,,89,83,OFFICIAL_ARCHIVE
2164,FRENCH,,89,83,OFFICIAL_ARCHIVE
2165,HISTORY,,206,129,OFFICIAL_ARCHIVE
2166,HISTORY,,206,129,OFFICIAL_ARCHIVE
2167,HISTORY,,206,129,OFFICIAL_ARCHIVE
2168,HISTORY,,206,129,OFFICIAL_ARCHIVE
2169,HISTORY,,206,129,OFFICIAL_ARCHIVE
2170,HISTORY,,206,129,OFFICIAL_ARCHIVE
2171,HISTORY,,189,122,OFFICIAL_ARCHIVE
2172,HISTORY,,189,122,OFFICIAL_ARCHIVE
2173,HISTORY,,186,120,OFFICIAL_ARCHIVE
2174,HISTORY,,186,120,OFFICIAL_ARCHIVE
2175,HISTORY,,186,120,OFFICIAL_ARCHIVE
2176,HISTORY,,186,120,OFFICIAL_ARCHIVE
2177,HISTORY,,181,119,OFFICIAL_ARCHIVE
2178,MATHEMATICS,,146,106,OFFICIAL_ARCHIVE
2179,MATHEMATICS,,146,106,OFFICIAL_ARCHIVE
2180,MATHEMATICS,,113,93,OFFICIAL_ARCHIVE
2181,MATHEMATICS,,141,104,OFFICIAL_ARCHIVE
2182,MATHEMATICS,,107,91,OFFICIAL_ARCHIVE
2183,MATHEMATICS,,121,96,OFFICIAL_ARCHIVE
2184,MATHEMATICS,,146,106,OFFICIAL_ARCHIVE
2185,MATHEMATICS,,146,106,OFFICIAL_ARCHIVE
2186,MATHEMATICS,,146,106,OFFICIAL_ARCHIVE
2187,MATHEMATICS,,113,93,OFFICIAL_ARCHIVE
2188,MATHEMATICS,,146,106,OFFICIAL_ARCHIVE
2189,MATHEMATICS,,146,106,OFFICIAL_ARCHIVE
2190,MATHEMATICS,,113,93,OFFICIAL_ARCHIVE
2191,MATHEMATICS,,113,93,OFFICIAL_ARCHIVE
2192,MATHEMATICS,,146,106,OFFICIAL_ARCHIVE
2193,MATHEMATICS,,146,106,OFFICIAL_ARCHIVE
2194,MATHEMATICS,,107,91,OFFICIAL_ARCHIVE
2195,MATHEMATICS,,136,102,OFFICIAL_ARCHIVE
2196,MATHEMATICS,,136,102,OFFICIAL_ARCHIVE
2197,MATHEMATICS,,107,91,OFFICIAL_ARCHIVE
2198,MATHEMATICS,,141,104,OFFICIAL_ARCHIVE
2199,MATHEMATICS,,170,116,OFFICIAL_ARCHIVE
2200,MATHEMATICS,,170,116,OFFICIAL_ARCHIVE
2201,MATHEMATICS,,170,116,OFFICIAL_ARCHIVE
2202,HISTORY,,181,119,OFFICIAL_ARCHIVE
2203,HISTORY,,181,119,OFFICIAL_ARCHIVE
2204,HISTORY,,181,119,OFFICIAL_ARCHIVE
2205,HISTORY,,181,119,OFFICIAL_ARCHIVE
2206,HISTORY,,181,119,OFFICIAL_ARCHIVE
2207,HISTORY,,181,119,OFFICIAL_ARCHIVE
2208,HISTORY,,188,121,OFFICIAL_ARCHIVE
2209,HISTORY,,188,121,OFFICIAL_ARCHIVE
2210,HISTORY,,205,129,OFFICIAL_ARCHIVE
2211,HISTORY,,205,129,OFFICIAL_ARCHIVE
2212,HISTORY,,207,129,OFFICIAL_ARCHIVE
2213,HISTORY,,205,129,OFFICIAL_ARCHIVE
2214,HISTORY,,205,129,OFFICIAL_ARCHIVE
2215,FRENCH,,92,84,OFFICIAL_ARCHIVE
2216,MATHEMATICS,,107,91,OFFICIAL_ARCHIVE
2217,MATHEMATICS,,107,91,OFFICIAL_ARCHIVE
2218,MATHEMATICS,,136,102,OFFICIAL_ARCHIVE
2219,MATHEMATICS,,146,106,OFFICIAL_ARCHIVE
2220,MATHEMATICS,,121,96,OFFICIAL_ARCHIVE
2221,MATHEMATICS,,121,96,OFFICIAL_ARCHIVE
2222,MATHEMATICS,,121,96,OFFICIAL_ARCHIVE
2223,MATHEMATICS,,107,91,OFFICIAL_ARCHIVE
2224,MATHEMATICS,,121,96,OFFICIAL_ARCHIVE
2225,MATHEMATICS,,107,91,OFFICIAL_ARCHIVE
2226,MATHEMATICS,,107,91,OFFICIAL_ARCHIVE
2227,MATHEMATICS,,141,104,OFFICIAL_ARCHIVE
2228,MATHEMATICS,,129,99,OFFICIAL_ARCHIVE
2229,MATHEMATICS,,107,91,OFFICIAL_ARCHIVE
2230,MATHEMATICS,,107,91,OFFICIAL_ARCHIVE
2231,MATHEMATICS,,107,91,OFFICIAL_ARCHIVE
2232,MATHEMATICS,,107,91,OFFICIAL_ARCHIVE
2233,MATHEMATICS,,107,91,OFFICIAL_ARCHIVE
2234,MATHEMATICS,,107,91,OFFICIAL_ARCHIVE
2235,MATHEMATICS,,107,91,OFFICIAL_ARCHIVE
2236,MATHEMATICS,,146,106,OFFICIAL_ARCHIVE
2237,MATHEMATICS,,146,106,OFFICIAL_ARCHIVE
2238,MATHEMATICS,,146,106,OFFICIAL_ARCHIVE
2239,MATHEMATICS,,146,106,OFFICIAL_ARCHIVE
2240,MATHEMATICS,,107,91,OFFICIAL_ARCHIVE
2241,MATHEMATICS,,107,91,OFFICIAL_ARCHIVE
2242,MATHEMATICS,,107,91,OFFICIAL_ARCHIVE
2243,MATHEMATICS,,107,91,OFFICIAL_ARCHIVE
2244,MATHEMATICS,,107,91,OFFICIAL_ARCHIVE
2245,MATHEMATICS,,107,91,OFFICIAL_ARCHIVE
2246,PHYSICS_CHEMISTRY,,256,154,OFFICIAL_ARCHIVE
2247,FRENCH,,103,89,OFFICIAL_ARCHIVE
2248,FRENCH,,103,89,OFFICIAL_ARCHIVE
2249,FRENCH,,103,89,OFFICIAL_ARCHIVE
2250,FRENCH,,103,89,OFFICIAL_ARCHIVE
2251,FRENCH,,103,89,OFFICIAL_ARCHIVE
2252,FRENCH,,103,89,OFFICIAL_ARCHIVE
2253,FRENCH,,103,89,OFFICIAL_ARCHIVE
2254,FRENCH,,103,89,OFFICIAL_ARCHIVE
2255,FRENCH,,103,89,OFFICIAL_ARCHIVE
2256,FRENCH,,103,89,OFFICIAL_ARCHIVE
2257,FRENCH,,103,89,OFFICIAL_ARCHIVE
2258,FRENCH,,103,89,OFFICIAL_ARCHIVE
2259,FRENCH,,103,89,OFFICIAL_ARCHIVE
2260,FRENCH,,103,89,OFFICIAL_ARCHIVE
2261,FRENCH,,103,89,OFFICIAL_ARCHIVE
2262,FRENCH,,103,89,OFFICIAL_ARCHIVE
2263,FRENCH,,103,89,OFFICIAL_ARCHIVE
2264,FRENCH,,89,83,OFFICIAL_ARCHIVE
2265,FRENCH,,103,89,OFFICIAL_ARCHIVE
2266,FRENCH,,103,89,OFFICIAL_ARCHIVE
2267,FRENCH,,103,89,OFFICIAL_ARCHIVE
2268,FRENCH,,103,89,OFFICIAL_ARCHIVE
2269,FRENCH,,103,89,OFFICIAL_ARCHIVE
2270,FRENCH,,103,89,OFFICIAL_ARCHIVE
2271,FRENCH,,103,89,OFFICIAL_ARCHIVE
2272,FRENCH,,103,89,OFFICIAL_ARCHIVE
2273,FRENCH,,103,89,OFFICIAL_ARCHIVE
2274,FRENCH,,103,89,OFFICIAL_ARCHIVE
2275,FRENCH,,103,89,OFFICIAL_ARCHIVE
2276,FRENCH,,103,89,OFFICIAL_ARCHIVE
2277,FRENCH,,103,89,OFFICIAL_ARCHIVE
2278,FRENCH,,92,84,OFFICIAL_ARCHIVE
2279,MATHEMATICS,,136,102,OFFICIAL_ARCHIVE
2280,MATHEMATICS,,146,106,OFFICIAL_ARCHIVE
2281,MATHEMATICS,,146,106,OFFICIAL_ARCHIVE
2282,MATHEMATICS,,146,106,OFFICIAL_ARCHIVE
2283,MATHEMATICS,,146,106,OFFICIAL_ARCHIVE
2284,MATHEMATICS,,141,104,OFFICIAL_ARCHIVE
2285,MATHEMATICS,,121,96,OFFICIAL_ARCHIVE
2286,MATHEMATICS,,141,104,OFFICIAL_ARCHIVE
2287,MATHEMATICS,,141,104,OFFICIAL_ARCHIVE
2288,MATHEMATICS,,141,104,OFFICIAL_ARCHIVE
2289,MATHEMATICS,,141,104,OFFICIAL_ARCHIVE
2290,MATHEMATICS,,124,97,OFFICIAL_ARCHIVE
2291,MATHEMATICS,,136,102,OFFICIAL_ARCHIVE
2292,MATHEMATICS,,107,91,OFFICIAL_ARCHIVE
2293,MATHEMATICS,,107,91,OFFICIAL_ARCHIVE
2294,MATHEMATICS,,107,91,OFFICIAL_ARCHIVE
2295,MATHEMATICS,,107,91,OFFICIAL_ARCHIVE
2296,MATHEMATICS,,107,91,OFFICIAL_ARCHIVE
2297,MATHEMATICS,,146,106,OFFICIAL_ARCHIVE
2298,MATHEMATICS,,107,91,OFFICIAL_ARCHIVE
2299,MATHEMATICS,,107,91,OFFICIAL_ARCHIVE
2300,MATHEMATICS,,107,91,OFFICIAL_ARCHIVE
2301,FRENCH,,89,83,OFFICIAL_ARCHIVE
2302,FRENCH,,89,83,OFFICIAL_ARCHIVE
2303,FRENCH,,89,83,OFFICIAL_ARCHIVE
2304,FRENCH,,89,83,OFFICIAL_ARCHIVE
2305,FRENCH,,89,83,OFFICIAL_ARCHIVE
2306,FRENCH,,89,83,OFFICIAL_ARCHIVE
2307,FRENCH,,89,83,OFFICIAL_ARCHIVE
2308,FRENCH,,89,83,OFFICIAL_ARCHIVE
2309,FRENCH,,103,89,OFFICIAL_ARCHIVE
2310,FRENCH,,89,83,OFFICIAL_ARCHIVE
2311,FRENCH,,89,83,OFFICIAL_ARCHIVE
2312,FRENCH,,89,83,OFFICIAL_ARCHIVE
2313,FRENCH,,89,83,OFFICIAL_ARCHIVE
2314,FRENCH,,89,83,OFFICIAL_ARCHIVE
2315,FRENCH,,89,83,OFFICIAL_ARCHIVE
2316,FRENCH,,89,83,OFFICIAL_ARCHIVE
2317,FRENCH,,89,83,OFFICIAL_ARCHIVE
2318,FRENCH,,92,84,OFFICIAL_ARCHIVE
2319,FRENCH,,103,89,OFFICIAL_ARCHIVE
2320,FRENCH,,103,89,OFFICIAL_ARCHIVE
2321,FRENCH,,103,89,OFFICIAL_ARCHIVE
2322,FRENCH,,103,89,OFFICIAL_ARCHIVE
2323,FRENCH,,103,89,OFFICIAL_ARCHIVE
2324,FRENCH,,103,89,OFFICIAL_ARCHIVE
2325,FRENCH,,79,79,OFFICIAL_ARCHIVE
2326,FRENCH,,79,79,OFFICIAL_ARCHIVE
2327,FRENCH,,92,84,OFFICIAL_ARCHIVE
2328,FRENCH,,92,84,OFFICIAL_ARCHIVE
2329,FRENCH,,92,84,OFFICIAL_ARCHIVE
2330,FRENCH,,92,84,OFFICIAL_ARCHIVE
2331,FRENCH,,92,84,OFFICIAL_ARCHIVE
2332,FRENCH,,92,84,OFFICIAL_ARCHIVE
2333,FRENCH,,92,84,OFFICIAL_ARCHIVE
2334,MATHEMATICS,,107,91,OFFICIAL_ARCHIVE
2335,MATHEMATICS,,107,91,OFFICIAL_ARCHIVE
2336,MATHEMATICS,,107,91,OFFICIAL_ARCHIVE
2337,MATHEMATICS,,136,102,OFFICIAL_ARCHIVE
2338,MATHEMATICS,,146,106,OFFICIAL_ARCHIVE
2339,MATHEMATICS,,146,106,OFFICIAL_ARCHIVE
2340,MATHEMATICS,,146,106,OFFICIAL_ARCHIVE
2341,MATHEMATICS,,146,106,OFFICIAL_ARCHIVE
2342,MATHEMATICS,,146,106,OFFICIAL_ARCHIVE
2343,MATHEMATICS,,146,106,OFFICIAL_ARCHIVE
2344,MATHEMATICS,,107,91,OFFICIAL_ARCHIVE
2345,MATHEMATICS,,107,91,OFFICIAL_ARCHIVE
2346,MATHEMATICS,,107,91,OFFICIAL_ARCHIVE
2347,MATHEMATICS,,107,91,OFFICIAL_ARCHIVE
2348,MATHEMATICS,,141,104,OFFICIAL_ARCHIVE
2349,MATHEMATICS,,141,104,OFFICIAL_ARCHIVE
2350,MATHEMATICS,,124,97,OFFICIAL_ARCHIVE
2351,MATHEMATICS,,107,91,OFFICIAL_ARCHIVE
2352,MATHEMATICS,,107,91,OFFICIAL_ARCHIVE
2353,MATHEMATICS,,141,104,OFFICIAL_ARCHIVE
2354,MATHEMATICS,,107,91,OFFICIAL_ARCHIVE
2355,MATHEMATICS,,107,91,OFFICIAL_ARCHIVE
2356,MATHEMATICS,,107,91,OFFICIAL_ARCHIVE
2357,MATHEMATICS,,107,91,OFFICIAL_ARCHIVE
2358,MATHEMATICS,,107,91,OFFICIAL_ARCHIVE
2359,MATHEMATICS,,107,91,OFFICIAL_ARCHIVE
2360,FRENCH,,92,84,OFFICIAL_ARCHIVE
2361,FRENCH,,103,89,OFFICIAL_ARCHIVE
2362,FRENCH,,103,89,OFFICIAL_ARCHIVE
2363,FRENCH,,103,89,OFFICIAL_ARCHIVE
2364,FRENCH,,103,89,OFFICIAL_ARCHIVE
2365,FRENCH,,103,89,OFFICIAL_ARCHIVE
2366,FRENCH,,103,89,OFFICIAL_ARCHIVE
2367,FRENCH,,103,89,OFFICIAL_ARCHIVE
2368,FRENCH,,103,89,OFFICIAL_ARCHIVE
2369,FRENCH,,103,89,OFFICIAL_ARCHIVE
2370,FRENCH,,103,89,OFFICIAL_ARCHIVE
2371,FRENCH,,103,89,OFFICIAL_ARCHIVE
2372,FRENCH,,103,89,OFFICIAL_ARCHIVE
2373,FRENCH,,103,89,OFFICIAL_ARCHIVE
2374,FRENCH,,103,89,OFFICIAL_ARCHIVE
2375,FRENCH,,89,83,OFFICIAL_ARCHIVE
2376,FRENCH,,103,89,OFFICIAL_ARCHIVE
2377,FRENCH,,103,89,OFFICIAL_ARCHIVE
2378,FRENCH,,103,89,OFFICIAL_ARCHIVE
2379,FRENCH,,103,89,OFFICIAL_ARCHIVE
2380,FRENCH,,89,83,OFFICIAL_ARCHIVE
2381,FRENCH,,89,83,OFFICIAL_ARCHIVE
2382,FRENCH,,89,83,OFFICIAL_ARCHIVE
2383,FRENCH,,89,83,OFFICIAL_ARCHIVE
2384,FRENCH,,89,83,OFFICIAL_ARCHIVE
2385,FRENCH,,89,83,OFFICIAL_ARCHIVE
2386,FRENCH,,89,83,OFFICIAL_ARCHIVE
2387,FRENCH,,89,83,OFFICIAL_ARCHIVE
2388,FRENCH,,89,83,OFFICIAL_ARCHIVE
2389,FRENCH,,89,83,OFFICIAL_ARCHIVE
2390,FRENCH,,89,83,OFFICIAL_ARCHIVE
2391,FRENCH,,89,83,OFFICIAL_ARCHIVE
2392,FRENCH,,89,83,OFFICIAL_ARCHIVE
2393,FRENCH,,92,84,OFFICIAL_ARCHIVE
2394,FRENCH,,92,84,OFFICIAL_ARCHIVE
2395,FRENCH,,84,81,OFFICIAL_ARCHIVE
2396,FRENCH,,92,84,OFFICIAL_ARCHIVE
2397,FRENCH,,84,81,OFFICIAL_ARCHIVE
2398,FRENCH,,84,81,OFFICIAL_ARCHIVE
2399,FRENCH,,84,81,OFFICIAL_ARCHIVE
2400,FRENCH,,92,84,OFFICIAL_ARCHIVE
2401,FRENCH,,84,81,OFFICIAL_ARCHIVE
2402,FRENCH,,92,84,OFFICIAL_ARCHIVE
2403,FRENCH,,92,84,OFFICIAL_ARCHIVE
2404,FRENCH,,92,84,OFFICIAL_ARCHIVE
2405,FRENCH,,92,84,OFFICIAL_ARCHIVE
2406,FRENCH,,92,84,OFFICIAL_ARCHIVE
2407,FRENCH,,79,79,OFFICIAL_ARCHIVE
2408,FRENCH,,79,79,OFFICIAL_ARCHIVE
2409,FRENCH,,79,79,OFFICIAL_ARCHIVE
2410,FRENCH,,79,79,OFFICIAL_ARCHIVE
2411,FRENCH,,79,79,OFFICIAL_ARCHIVE
2412,FRENCH,,79,79,OFFICIAL_ARCHIVE
2413,FRENCH,,79,79,OFFICIAL_ARCHIVE
2414,FRENCH,,92,84,OFFICIAL_ARCHIVE
2415,FRENCH,,92,84,OFFICIAL_ARCHIVE
2416,FRENCH,,92,84,OFFICIAL_ARCHIVE
2417,FRENCH,,92,84,OFFICIAL_ARCHIVE
2418,FRENCH,,103,89,OFFICIAL_ARCHIVE
2419,FRENCH,,103,89,OFFICIAL_ARCHIVE
2420,FRENCH,,103,89,OFFICIAL_ARCHIVE
2421,FRENCH,,103,89,OFFICIAL_ARCHIVE
2422,FRENCH,,103,89,OFFICIAL_ARCHIVE
2423,FRENCH,,103,89,OFFICIAL_ARCHIVE
2424,FRENCH,,103,89,OFFICIAL_ARCHIVE
2425,FRENCH,,103,89,OFFICIAL_ARCHIVE
2426,FRENCH,,103,89,OFFICIAL_ARCHIVE
2427,FRENCH,,103,89,OFFICIAL_ARCHIVE
2428,FRENCH,,103,89,OFFICIAL_ARCHIVE
2429,FRENCH,,103,89,OFFICIAL_ARCHIVE
2430,FRENCH,,103,89,OFFICIAL_ARCHIVE
2431,FRENCH,,103,89,OFFICIAL_ARCHIVE
2432,FRENCH,,103,89,OFFICIAL_ARCHIVE
2433,FRENCH,,103,89,OFFICIAL_ARCHIVE
2434,FRENCH,,103,89,OFFICIAL_ARCHIVE
2435,FRENCH,,103,89,OFFICIAL_ARCHIVE
2436,FRENCH,,103,89,OFFICIAL_ARCHIVE
2437,FRENCH,,103,89,OFFICIAL_ARCHIVE
2438,FRENCH,,103,89,OFFICIAL_ARCHIVE
2439,FRENCH,,103,89,OFFICIAL_ARCHIVE
2440,FRENCH,,103,89,OFFICIAL_ARCHIVE
2441,FRENCH,,103,89,OFFICIAL_ARCHIVE
2442,FRENCH,,92,84,OFFICIAL_ARCHIVE
2443,FRENCH,,89,83,OFFICIAL_ARCHIVE
2444,FRENCH,,103,89,OFFICIAL_ARCHIVE
2445,FRENCH,,103,89,OFFICIAL_ARCHIVE
2446,FRENCH,,103,89,OFFICIAL_ARCHIVE
2447,FRENCH,,103,89,OFFICIAL_ARCHIVE
2448,FRENCH,,103,89,OFFICIAL_ARCHIVE
2449,FRENCH,,103,89,OFFICIAL_ARCHIVE
2450,FRENCH,,92,84,OFFICIAL_ARCHIVE
2451,FRENCH,,89,83,OFFICIAL_ARCHIVE
2452,FRENCH,,89,83,OFFICIAL_ARCHIVE
2453,FRENCH,,89,83,OFFICIAL_ARCHIVE
2454,FRENCH,,89,83,OFFICIAL_ARCHIVE
2455,FRENCH,,89,83,OFFICIAL_ARCHIVE
2456,FRENCH,,89,83,OFFICIAL_ARCHIVE
2457,FRENCH,,82,80,OFFICIAL_ARCHIVE
2458,FRENCH,,82,80,OFFICIAL_ARCHIVE
2459,FRENCH,,89,83,OFFICIAL_ARCHIVE
2460,FRENCH,,89,83,OFFICIAL_ARCHIVE
2461,FRENCH,,89,83,OFFICIAL_ARCHIVE
2462,FRENCH,,89,83,OFFICIAL_ARCHIVE
2463,FRENCH,,89,83,OFFICIAL_ARCHIVE
2464,FRENCH,,89,83,OFFICIAL_ARCHIVE
2465,FRENCH,,89,83,OFFICIAL_ARCHIVE
2466,FRENCH,,89,83,OFFICIAL_ARCHIVE
2467,FRENCH,,89,83,OFFICIAL_ARCHIVE
2468,FRENCH,,89,83,OFFICIAL_ARCHIVE
2469,FRENCH,,89,83,OFFICIAL_ARCHIVE
2470,FRENCH,,89,83,OFFICIAL_ARCHIVE
2471,FRENCH,,89,83,OFFICIAL_ARCHIVE
2472,FRENCH,,89,83,OFFICIAL_ARCHIVE
2473,FRENCH,,89,83,OFFICIAL_ARCHIVE
2474,FRENCH,,89,83,OFFICIAL_ARCHIVE
2475,MATHEMATICS,,121,96,OFFICIAL_ARCHIVE
2476,MATHEMATICS,,121,96,OFFICIAL_ARCHIVE
2477,MATHEMATICS,,121,96,OFFICIAL_ARCHIVE
2478,MATHEMATICS,,121,96,OFFICIAL_ARCHIVE
2479,MATHEMATICS,,121,96,OFFICIAL_ARCHIVE
2480,MATHEMATICS,,121,96,OFFICIAL_ARCHIVE
2481,MATHEMATICS,,121,96,OFFICIAL_ARCHIVE
2482,MATHEMATICS,,121,96,OFFICIAL_ARCHIVE
2483,FRENCH,,92,84,OFFICIAL_ARCHIVE
2484,FRENCH,,92,84,OFFICIAL_ARCHIVE
2485,FRENCH,,92,84,OFFICIAL_ARCHIVE
2486,FRENCH,,92,84,OFFICIAL_ARCHIVE
2487,FRENCH,,92,84,OFFICIAL_ARCHIVE
2488,FRENCH,,92,84,OFFICIAL_ARCHIVE
2489,FRENCH,,92,84,OFFICIAL_ARCHIVE
2490,FRENCH,,92,84,OFFICIAL_ARCHIVE
2491,FRENCH,,92,84,OFFICIAL_ARCHIVE
2492,FRENCH,,92,84,OFFICIAL_ARCHIVE
2493,FRENCH,,92,84,OFFICIAL_ARCHIVE
2494,FRENCH,,92,84,OFFICIAL_ARCHIVE
2495,FRENCH,,92,84,OFFICIAL_ARCHIVE
2496,MATHEMATICS,,146,106,OFFICIAL_ARCHIVE
2497,MATHEMATICS,,146,106,OFFICIAL_ARCHIVE
2498,MATHEMATICS,,136,102,OFFICIAL_ARCHIVE
2499,MATHEMATICS,,146,106,OFFICIAL_ARCHIVE
2500,MATHEMATICS,,141,104,OFFICIAL_ARCHIVE
2501,MATHEMATICS,,146,106,OFFICIAL_ARCHIVE
2502,MATHEMATICS,,146,106,OFFICIAL_ARCHIVE
2503,MATHEMATICS,,121,96,OFFICIAL_ARCHIVE
2504,MATHEMATICS,,121,96,OFFICIAL_ARCHIVE
2505,MATHEMATICS,,146,106,OFFICIAL_ARCHIVE
2506,MATHEMATICS,,121,96,OFFICIAL_ARCHIVE
2507,MATHEMATICS,,121,96,OFFICIAL_ARCHIVE
2508,MATHEMATICS,,121,96,OFFICIAL_ARCHIVE
2509,MATHEMATICS,,146,106,OFFICIAL_ARCHIVE
2510,MATHEMATICS,,121,96,OFFICIAL_ARCHIVE
2511,MATHEMATICS,,146,106,OFFICIAL_ARCHIVE
2512,MATHEMATICS,,146,106,OFFICIAL_ARCHIVE
2513,MATHEMATICS,,146,106,OFFICIAL_ARCHIVE
2514,MATHEMATICS,,121,96,OFFICIAL_ARCHIVE
2515,MATHEMATICS,,170,116,OFFICIAL_ARCHIVE
2516,MATHEMATICS,,107,91,OFFICIAL_ARCHIVE
2517,PHYSICS_CHEMISTRY,,246,149,OFFICIAL_ARCHIVE
2518,PHYSICS_CHEMISTRY,,256,154,OFFICIAL_ARCHIVE
2519,FRENCH,,92,84,OFFICIAL_ARCHIVE
2520,FRENCH,,93,84,OFFICIAL_ARCHIVE
2521,FRENCH,,93,84,OFFICIAL_ARCHIVE
2522,FRENCH,,93,84,OFFICIAL_ARCHIVE
2523,FRENCH,,93,84,OFFICIAL_ARCHIVE
2524,FRENCH,,93,84,OFFICIAL_ARCHIVE
2525,FRENCH,,79,79,OFFICIAL_ARCHIVE
2526,FRENCH,,92,84,OFFICIAL_ARCHIVE
2527,FRENCH,,92,84,OFFICIAL_ARCHIVE
2528,FRENCH,,92,84,OFFICIAL_ARCHIVE
2529,FRENCH,,92,84,OFFICIAL_ARCHIVE
2530,FRENCH,,92,84,OFFICIAL_ARCHIVE
2531,MATHEMATICS,,136,102,OFFICIAL_ARCHIVE
2532,MATHEMATICS,,121,96,OFFICIAL_ARCHIVE
2533,MATHEMATICS,,107,91,OFFICIAL_ARCHIVE
2534,MATHEMATICS,,107,91,OFFICIAL_ARCHIVE
2535,MATHEMATICS,,107,91,OFFICIAL_ARCHIVE
2536,MATHEMATICS,,146,106,OFFICIAL_ARCHIVE
2537,MATHEMATICS,,121,96,OFFICIAL_ARCHIVE
2538,MATHEMATICS,,121,96,OFFICIAL_ARCHIVE
2539,MATHEMATICS,,121,96,OFFICIAL_ARCHIVE
2540,MATHEMATICS,,121,96,OFFICIAL_ARCHIVE
2541,MATHEMATICS,,121,96,OFFICIAL_ARCHIVE
2542,MATHEMATICS,,129,99,OFFICIAL_ARCHIVE
2543,MATHEMATICS,,141,104,OFFICIAL_ARCHIVE
2544,MATHEMATICS,,141,104,OFFICIAL_ARCHIVE
2545,MATHEMATICS,,141,104,OFFICIAL_ARCHIVE
2546,MATHEMATICS,,141,104,OFFICIAL_ARCHIVE
2547,MATHEMATICS,,141,104,OFFICIAL_ARCHIVE
2548,MATHEMATICS,,141,104,OFFICIAL_ARCHIVE
2549,MATHEMATICS,,107,91,OFFICIAL_ARCHIVE
2550,MATHEMATICS,,107,91,OFFICIAL_ARCHIVE
2551,MATHEMATICS,,107,91,OFFICIAL_ARCHIVE
2552,MATHEMATICS,,107,91,OFFICIAL_ARCHIVE
2553,MATHEMATICS,,107,91,OFFICIAL_ARCHIVE
2554,MATHEMATICS,,136,102,OFFICIAL_ARCHIVE
2555,MATHEMATICS,,107,91,OFFICIAL_ARCHIVE
2556,MATHEMATICS,,121,96,OFFICIAL_ARCHIVE
2557,MATHEMATICS,,107,91,OFFICIAL_ARCHIVE
2558,FRENCH,,103,89,OFFICIAL_ARCHIVE
2559,FRENCH,,103,89,OFFICIAL_ARCHIVE
2560,FRENCH,,103,89,OFFICIAL_ARCHIVE
2561,FRENCH,,103,89,OFFICIAL_ARCHIVE
2562,FRENCH,,103,89,OFFICIAL_ARCHIVE
2563,FRENCH,,103,89,OFFICIAL_ARCHIVE
2564,FRENCH,,103,89,OFFICIAL_ARCHIVE
2565,FRENCH,,103,89,OFFICIAL_ARCHIVE
2566,FRENCH,,103,89,OFFICIAL_ARCHIVE
2567,FRENCH,,103,89,OFFICIAL_ARCHIVE
2568,FRENCH,,103,89,OFFICIAL_ARCHIVE
2569,FRENCH,,103,89,OFFICIAL_ARCHIVE
2570,FRENCH,,103,89,OFFICIAL_ARCHIVE
2571,FRENCH,,103,89,OFFICIAL_ARCHIVE
2572,FRENCH,,103,89,OFFICIAL_ARCHIVE
2573,FRENCH,,103,89,OFFICIAL_ARCHIVE
2574,FRENCH,,103,89,OFFICIAL_ARCHIVE
2575,FRENCH,,103,89,OFFICIAL_ARCHIVE
2576,PHYSICS_CHEMISTRY,,252,152,OFFICIAL_ARCHIVE
2577,MATHEMATICS,,141,104,OFFICIAL_ARCHIVE
2578,MATHEMATICS,,107,91,OFFICIAL_ARCHIVE
2579,MATHEMATICS,,121,96,OFFICIAL_ARCHIVE
2580,MATHEMATICS,,121,96,OFFICIAL_ARCHIVE
2581,MATHEMATICS,,146,106,OFFICIAL_ARCHIVE
2582,MATHEMATICS,,146,106,OFFICIAL_ARCHIVE
2583,MATHEMATICS,,107,91,OFFICIAL_ARCHIVE
2584,MATHEMATICS,,121,96,OFFICIAL_ARCHIVE
2585,MATHEMATICS,,107,91,OFFICIAL_ARCHIVE
2586,MATHEMATICS,,107,91,OFFICIAL_ARCHIVE
2587,MATHEMATICS,,121,96,OFFICIAL_ARCHIVE
2588,MATHEMATICS,,107,91,OFFICIAL_ARCHIVE
2589,MATHEMATICS,,107,91,OFFICIAL_ARCHIVE
2590,MATHEMATICS,,107,91,OFFICIAL_ARCHIVE
2591,MATHEMATICS,,124,97,OFFICIAL_ARCHIVE
2592,MATHEMATICS,,107,91,OFFICIAL_ARCHIVE
2593,MATHEMATICS,,107,91,OFFICIAL_ARCHIVE
2594,MATHEMATICS,,107,91,OFFICIAL_ARCHIVE
2595,MATHEMATICS,,107,91,OFFICIAL_ARCHIVE
2596,MATHEMATICS,,107,91,OFFICIAL_ARCHIVE
2597,MATHEMATICS,,107,91,OFFICIAL_ARCHIVE
2598,MATHEMATICS,,107,91,OFFICIAL_ARCHIVE
2599,MATHEMATICS,,146,106,OFFICIAL_ARCHIVE
2600,MATHEMATICS,,107,91,OFFICIAL_ARCHIVE
2601,FRENCH,,92,84,OFFICIAL_ARCHIVE
2602,FRENCH,,92,84,OFFICIAL_ARCHIVE
2603,FRENCH,,92,84,OFFICIAL_ARCHIVE
2604,FRENCH,,92,84,OFFICIAL_ARCHIVE
2605,FRENCH,,92,84,OFFICIAL_ARCHIVE
2606,FRENCH,,92,84,OFFICIAL_ARCHIVE
2607,FRENCH,,79,79,OFFICIAL_ARCHIVE
2608,FRENCH,,79,79,OFFICIAL_ARCHIVE
2609,FRENCH,,79,79,OFFICIAL_ARCHIVE
2610,FRENCH,,79,79,OFFICIAL_ARCHIVE
2611,FRENCH,,79,79,OFFICIAL_ARCHIVE
2612,FRENCH,,103,89,OFFICIAL_ARCHIVE
2613,FRENCH,,103,89,OFFICIAL_ARCHIVE
2614,FRENCH,,103,89,OFFICIAL_ARCHIVE
2615,FRENCH,,103,89,OFFICIAL_ARCHIVE
2616,FRENCH,,103,89,OFFICIAL_ARCHIVE
2617,FRENCH,,103,89,OFFICIAL_ARCHIVE
2618,FRENCH,,103,89,OFFICIAL_ARCHIVE
2619,FRENCH,,103,89,OFFICIAL_ARCHIVE
2620,FRENCH,,103,89,OFFICIAL_ARCHIVE
2621,FRENCH,,103,89,OFFICIAL_ARCHIVE
2622,FRENCH,,103,89,OFFICIAL_ARCHIVE
2623,FRENCH,,103,89,OFFICIAL_ARCHIVE
2624,FRENCH,,89,83,OFFICIAL_ARCHIVE
2625,FRENCH,,89,83,OFFICIAL_ARCHIVE
2626,FRENCH,,89,83,OFFICIAL_ARCHIVE
2627,FRENCH,,89,83,OFFICIAL_ARCHIVE
2628,FRENCH,,89,83,OFFICIAL_ARCHIVE
2629,FRENCH,,89,83,OFFICIAL_ARCHIVE
2630,FRENCH,,89,83,OFFICIAL_ARCHIVE
2631,FRENCH,,89,83,OFFICIAL_ARCHIVE
2632,FRENCH,,89,83,OFFICIAL_ARCHIVE
2633,FRENCH,,89,83,OFFICIAL_ARCHIVE
2634,FRENCH,,89,83,OFFICIAL_ARCHIVE
2635,FRENCH,,89,83,OFFICIAL_ARCHIVE
2636,FRENCH,,89,83,OFFICIAL_ARCHIVE
2637,FRENCH,,89,83,OFFICIAL_ARCHIVE
2638,FRENCH,,89,83,OFFICIAL_ARCHIVE
2639,FRENCH,,89,83,OFFICIAL_ARCHIVE
2640,FRENCH,,89,83,OFFICIAL_ARCHIVE
2641,MATHEMATICS,,146,106,OFFICIAL_ARCHIVE
2642,MATHEMATICS,,146,106,OFFICIAL_ARCHIVE
2643,MATHEMATICS,,121,96,OFFICIAL_ARCHIVE
2644,MATHEMATICS,,107,91,OFFICIAL_ARCHIVE
2645,MATHEMATICS,,121,96,OFFICIAL_ARCHIVE
2646,MATHEMATICS,,146,106,OFFICIAL_ARCHIVE
2647,MATHEMATICS,,121,96,OFFICIAL_ARCHIVE
2648,MATHEMATICS,,107,91,OFFICIAL_ARCHIVE
2649,MATHEMATICS,,121,96,OFFICIAL_ARCHIVE
2650,MATHEMATICS,,121,96,OFFICIAL_ARCHIVE
2651,MATHEMATICS,,121,96,OFFICIAL_ARCHIVE
2652,MATHEMATICS,,121,96,OFFICIAL_ARCHIVE
2653,MATHEMATICS,,121,96,OFFICIAL_ARCHIVE
2654,MATHEMATICS,,121,96,OFFICIAL_ARCHIVE
2655,MATHEMATICS,,107,91,OFFICIAL_ARCHIVE
2656,MATHEMATICS,,107,91,OFFICIAL_ARCHIVE
2657,MATHEMATICS,,107,91,OFFICIAL_ARCHIVE
2658,MATHEMATICS,,146,106,OFFICIAL_ARCHIVE
2659,MATHEMATICS,,107,91,OFFICIAL_ARCHIVE
2660,MATHEMATICS,,121,96,OFFICIAL_ARCHIVE
2661,MATHEMATICS,,121,96,OFFICIAL_ARCHIVE
2662,MATHEMATICS,,107,91,OFFICIAL_ARCHIVE
2663,MATHEMATICS,,136,102,OFFICIAL_ARCHIVE
2664,MATHEMATICS,,136,102,OFFICIAL_ARCHIVE
2665,MATHEMATICS,,107,91,OFFICIAL_ARCHIVE
2666,MATHEMATICS,,107,91,OFFICIAL_ARCHIVE
2667,MATHEMATICS,,107,91,OFFICIAL_ARCHIVE
2668,MATHEMATICS,,107,91,OFFICIAL_ARCHIVE
2669,MATHEMATICS,,107,91,OFFICIAL_ARCHIVE
2670,MATHEMATICS,,107,91,OFFICIAL_ARCHIVE
2671,FRENCH,,92,84,OFFICIAL_ARCHIVE
2672,PHYSICS_CHEMISTRY,,246,149,OFFICIAL_ARCHIVE
2673,PHYSICS_CHEMISTRY,,240,146,OFFICIAL_ARCHIVE
2674,PHYSICS_CHEMISTRY,,244,148,OFFICIAL_ARCHIVE
2675,PHYSICS_CHEMISTRY,,246,149,OFFICIAL_ARCHIVE
2676,PHYSICS_CHEMISTRY,,244,148,OFFICIAL_ARCHIVE
2677,PHYSICS_CHEMISTRY,,246,149,OFFICIAL_ARCHIVE
2678,PHYSICS_CHEMISTRY,,246,149,OFFICIAL_ARCHIVE
2679,PHYSICS_CHEMISTRY,,256,154,OFFICIAL_ARCHIVE
2680,HISTORY,,194,124,OFFICIAL_ARCHIVE
2681,HISTORY,,189,122,OFFICIAL_ARCHIVE
2682,HISTORY,,189,122,OFFICIAL_ARCHIVE
2683,HISTORY,,189,122,OFFICIAL_ARCHIVE
2684,HISTORY,,189,122,OFFICIAL_ARCHIVE
2685,HISTORY,,189,122,OFFICIAL_ARCHIVE
2686,HISTORY,,188,121,OFFICIAL_ARCHIVE
2687,HISTORY,,181,119,OFFICIAL_ARCHIVE
2688,HISTORY,,181,119,OFFICIAL_ARCHIVE
2689,HISTORY,,181,119,OFFICIAL_ARCHIVE
2690,HISTORY,,181,119,OFFICIAL_ARCHIVE
2691,HISTORY,,181,119,OFFICIAL_ARCHIVE
2692,HISTORY,,181,119,OFFICIAL_ARCHIVE
2693,FRENCH,,103,89,OFFICIAL_ARCHIVE
2694,FRENCH,,103,89,OFFICIAL_ARCHIVE
2695,FRENCH,,103,89,OFFICIAL_ARCHIVE
2696,FRENCH,,103,89,OFFICIAL_ARCHIVE
2697,FRENCH,,103,89,OFFICIAL_ARCHIVE
2698,FRENCH,,103,89,OFFICIAL_ARCHIVE
2699,FRENCH,,103,89,OFFICIAL_ARCHIVE
2700,FRENCH,,103,89,OFFICIAL_ARCHIVE
2701,FRENCH,,103,89,OFFICIAL_ARCHIVE
2702,FRENCH,,103,89,OFFICIAL_ARCHIVE
2703,FRENCH,,103,89,OFFICIAL_ARCHIVE
2704,FRENCH,,103,89,OFFICIAL_ARCHIVE
2705,FRENCH,,103,89,OFFICIAL_ARCHIVE
2706,FRENCH,,103,89,OFFICIAL_ARCHIVE
2707,FRENCH,,103,89,OFFICIAL_ARCHIVE
2708,FRENCH,,103,89,OFFICIAL_ARCHIVE
2709,FRENCH,,103,89,OFFICIAL_ARCHIVE
2710,FRENCH,,103,89,OFFICIAL_ARCHIVE
2711,FRENCH,,103,89,OFFICIAL_ARCHIVE
2712,FRENCH,,103,89,OFFICIAL_ARCHIVE
2713,FRENCH,,103,89,OFFICIAL_ARCHIVE
2714,FRENCH,,103,89,OFFICIAL_ARCHIVE
2715,FRENCH,,103,89,OFFICIAL_ARCHIVE
2716,FRENCH,,103,89,OFFICIAL_ARCHIVE
2717,FRENCH,,103,89,OFFICIAL_ARCHIVE
2718,FRENCH,,103,89,OFFICIAL_ARCHIVE
2719,FRENCH,,103,89,OFFICIAL_ARCHIVE
2720,FRENCH,,103,89,OFFICIAL_ARCHIVE
2721,FRENCH,,103,89,OFFICIAL_ARCHIVE
2722,FRENCH,,103,89,OFFICIAL_ARCHIVE
2723,FRENCH,,103,89,OFFICIAL_ARCHIVE
2724,FRENCH,,103,89,OFFICIAL_ARCHIVE
2725,FRENCH,,103,89,OFFICIAL_ARCHIVE
2726,FRENCH,,103,89,OFFICIAL_ARCHIVE
2727,FRENCH,,103,89,OFFICIAL_ARCHIVE
2728,FRENCH,,103,89,OFFICIAL_ARCHIVE
2729,FRENCH,,103,89,OFFICIAL_ARCHIVE
2730,FRENCH,,103,89,OFFICIAL_ARCHIVE
2731,FRENCH,,103,89,OFFICIAL_ARCHIVE
2732,FRENCH,,103,89,OFFICIAL_ARCHIVE
2733,FRENCH,,103,89,OFFICIAL_ARCHIVE
2734,MATHEMATICS,,121,96,OFFICIAL_ARCHIVE
2735,MATHEMATICS,,121,96,OFFICIAL_ARCHIVE
2736,MATHEMATICS,,121,96,OFFICIAL_ARCHIVE
2737,MATHEMATICS,,146,106,OFFICIAL_ARCHIVE
2738,MATHEMATICS,,107,91,OFFICIAL_ARCHIVE
2739,MATHEMATICS,,121,96,OFFICIAL_ARCHIVE
2740,MATHEMATICS,,107,91,OFFICIAL_ARCHIVE
2741,MATHEMATICS,,121,96,OFFICIAL_ARCHIVE
2742,MATHEMATICS,,107,91,OFFICIAL_ARCHIVE
2743,MATHEMATICS,,121,96,OFFICIAL_ARCHIVE
2744,MATHEMATICS,,141,104,OFFICIAL_ARCHIVE
2745,MATHEMATICS,,107,91,OFFICIAL_ARCHIVE
2746,MATHEMATICS,,141,104,OFFICIAL_ARCHIVE
2747,MATHEMATICS,,124,97,OFFICIAL_ARCHIVE
2748,MATHEMATICS,,141,104,OFFICIAL_ARCHIVE
2749,MATHEMATICS,,141,104,OFFICIAL_ARCHIVE
2750,MATHEMATICS,,124,97,OFFICIAL_ARCHIVE
2751,MATHEMATICS,,124,97,OFFICIAL_ARCHIVE
2752,MATHEMATICS,,107,91,OFFICIAL_ARCHIVE
2753,MATHEMATICS,,121,96,OFFICIAL_ARCHIVE
2754,MATHEMATICS,,131,100,OFFICIAL_ARCHIVE
2755,MATHEMATICS,,136,102,OFFICIAL_ARCHIVE
2756,MATHEMATICS,,107,91,OFFICIAL_ARCHIVE
2757,MATHEMATICS,,107,91,OFFICIAL_ARCHIVE
2758,MATHEMATICS,,107,91,OFFICIAL_ARCHIVE
2759,MATHEMATICS,,107,91,OFFICIAL_ARCHIVE
2760,MATHEMATICS,,107,91,OFFICIAL_ARCHIVE
2761,MATHEMATICS,,107,91,OFFICIAL_ARCHIVE
2762,FRENCH,,103,89,OFFICIAL_ARCHIVE
2763,FRENCH,,103,89,OFFICIAL_ARCHIVE
2764,FRENCH,,103,89,OFFICIAL_ARCHIVE
2765,FRENCH,,103,89,OFFICIAL_ARCHIVE
2766,FRENCH,,103,89,OFFICIAL_ARCHIVE
2767,FRENCH,,103,89,OFFICIAL_ARCHIVE
2768,FRENCH,,103,89,OFFICIAL_ARCHIVE
2769,FRENCH,,103,89,OFFICIAL_ARCHIVE
2770,FRENCH,,103,89,OFFICIAL_ARCHIVE
2771,FRENCH,,103,89,OFFICIAL_ARCHIVE
2772,FRENCH,,103,89,OFFICIAL_ARCHIVE
2773,FRENCH,,103,89,OFFICIAL_ARCHIVE
2774,FRENCH,,103,89,OFFICIAL_ARCHIVE
2775,FRENCH,,103,89,OFFICIAL_ARCHIVE
2776,FRENCH,,103,89,OFFICIAL_ARCHIVE
2777,FRENCH,,103,89,OFFICIAL_ARCHIVE
2778,FRENCH,,103,89,OFFICIAL_ARCHIVE
2779,HISTORY,,207,129,OFFICIAL_ARCHIVE
2780,HISTORY,,207,129,OFFICIAL_ARCHIVE
2781,HISTORY,,207,129,OFFICIAL_ARCHIVE
2782,HISTORY,,207,129,OFFICIAL_ARCHIVE
2783,HISTORY,,207,129,OFFICIAL_ARCHIVE
2784,HISTORY,,181,119,OFFICIAL_ARCHIVE
2785,HISTORY,,181,119,OFFICIAL_ARCHIVE
2786,HISTORY,,181,119,OFFICIAL_ARCHIVE
2787,HISTORY,,181,119,OFFICIAL_ARCHIVE
2788,HISTORY,,181,119,OFFICIAL_ARCHIVE
2789,HISTORY,,181,119,OFFICIAL_ARCHIVE
2790,HISTORY,,181,119,OFFICIAL_ARCHIVE
2791,HISTORY,,181,119,OFFICIAL_ARCHIVE
2792,HISTORY,,189,122,OFFICIAL_ARCHIVE
2793,HISTORY,,181,119,OFFICIAL_ARCHIVE
2794,PHYSICS_CHEMISTRY,,252,152,OFFICIAL_ARCHIVE
2795,HISTORY,,207,129,OFFICIAL_ARCHIVE
2796,HISTORY,,207,129,OFFICIAL_ARCHIVE
2797,HISTORY,,207,129,OFFICIAL_ARCHIVE
2798,HISTORY,,207,129,OFFICIAL_ARCHIVE
2799,HISTORY,,207,129,OFFICIAL_ARCHIVE
2800,HISTORY,,181,119,OFFICIAL_ARCHIVE
2801,HISTORY,,181,119,OFFICIAL_ARCHIVE
2802,HISTORY,,205,129,OFFICIAL_ARCHIVE
2803,HISTORY,,205,129,OFFICIAL_ARCHIVE
2804,HISTORY,,205,129,OFFICIAL_ARCHIVE
2805,HISTORY,,205,129,OFFICIAL_ARCHIVE
2806,HISTORY,,205,129,OFFICIAL_ARCHIVE
2807,PHYSICS_CHEMISTRY,,256,154,OFFICIAL_ARCHIVE
2808,HISTORY,,205,129,OFFICIAL_ARCHIVE
2809,HISTORY,,205,129,OFFICIAL_ARCHIVE
2810,HISTORY,,205,129,OFFICIAL_ARCHIVE
2811,HISTORY,,205,129,OFFICIAL_ARCHIVE
2812,HISTORY,,205,129,OFFICIAL_ARCHIVE
2813,HISTORY,,181,119,OFFICIAL_ARCHIVE
2814,HISTORY,,205,129,OFFICIAL_ARCHIVE
2815,HISTORY,,181,119,OFFICIAL_ARCHIVE
2816,HISTORY,,181,119,OFFICIAL_ARCHIVE
2817,HISTORY,,184,120,OFFICIAL_ARCHIVE
2818,HISTORY,,184,120,OFFICIAL_ARCHIVE
2819,HISTORY,,205,129,OFFICIAL_ARCHIVE
2820,HISTORY,,205,129,OFFICIAL_ARCHIVE
2821,HISTORY,,188,121,OFFICIAL_ARCHIVE
2822,HISTORY,,181,119,OFFICIAL_ARCHIVE
2823,HISTORY,,181,119,OFFICIAL_ARCHIVE
2824,HISTORY,,181,119,OFFICIAL_ARCHIVE
2825,HISTORY,,188,121,OFFICIAL_ARCHIVE
2826,HISTORY,,181,119,OFFICIAL_ARCHIVE
2827,HISTORY,,181,119,OFFICIAL_ARCHIVE
2828,HISTORY,,181,119,OFFICIAL_ARCHIVE
2829,HISTORY,,181,119,OFFICIAL_ARCHIVE
2830,HISTORY,,181,119,OFFICIAL_ARCHIVE
2831,HISTORY,,181,119,OFFICIAL_ARCHIVE
2832,HISTORY,,181,119,OFFICIAL_ARCHIVE
2833,HISTORY,,181,119,OFFICIAL_ARCHIVE
2834,HISTORY,,181,119,OFFICIAL_ARCHIVE
2835,HISTORY,,181,119,OFFICIAL_ARCHIVE
2836,HISTORY,,181,119,OFFICIAL_ARCHIVE
2837,HISTORY,,188,121,OFFICIAL_ARCHIVE
2838,HISTORY,,184,120,OFFICIAL_ARCHIVE
2839,HISTORY,,188,121,OFFICIAL_ARCHIVE
2840,HISTORY,,188,121,OFFICIAL_ARCHIVE
2841,HISTORY,,205,129,OFFICIAL_ARCHIVE
2842,HISTORY,,205,129,OFFICIAL_ARCHIVE
2843,HISTORY,,205,129,OFFICIAL_ARCHIVE
2844,HISTORY,,205,129,OFFICIAL_ARCHIVE
2845,HISTORY,,205,129,OFFICIAL_ARCHIVE
2846,HISTORY,,205,129,OFFICIAL_ARCHIVE
2847,HISTORY,,205,129,OFFICIAL_ARCHIVE
2848,HISTORY,,181,119,OFFICIAL_ARCHIVE
2849,HISTORY,,207,129,OFFICIAL_ARCHIVE
2850,HISTORY,,207,129,OFFICIAL_ARCHIVE
2851,HISTORY,,207,129,OFFICIAL_ARCHIVE
2852,HISTORY,,207,129,OFFICIAL_ARCHIVE
2853,HISTORY,,207,129,OFFICIAL_ARCHIVE
2854,HISTORY,,197,125,OFFICIAL_ARCHIVE
2855,HISTORY,,197,125,OFFICIAL_ARCHIVE
2856,HISTORY,,197,125,OFFICIAL_ARCHIVE
2857,HISTORY,,197,125,OFFICIAL_ARCHIVE
2858,HISTORY,,197,125,OFFICIAL_ARCHIVE
2859,HISTORY,,197,125,OFFICIAL_ARCHIVE
2860,HISTORY,,187,121,OFFICIAL_ARCHIVE
2861,HISTORY,,181,119,OFFICIAL_ARCHIVE
2862,HISTORY,,199,126,OFFICIAL_ARCHIVE
2863,HISTORY,,199,126,OFFICIAL_ARCHIVE
2864,HISTORY,,199,126,OFFICIAL_ARCHIVE
2865,HISTORY,,199,126,OFFICIAL_ARCHIVE
2866,HISTORY,,188,121,OFFICIAL_ARCHIVE
2867,HISTORY,,184,120,OFFICIAL_ARCHIVE
2868,HISTORY,,184,120,OFFICIAL_ARCHIVE
2869,HISTORY,,188,121,OFFICIAL_ARCHIVE
2870,HISTORY,,188,121,OFFICIAL_ARCHIVE
2871,HISTORY,,206,129,OFFICIAL_ARCHIVE
2872,HISTORY,,181,119,OFFICIAL_ARCHIVE
2873,HISTORY,,205,129,OFFICIAL_ARCHIVE
2874,HISTORY,,207,129,OFFICIAL_ARCHIVE
2875,HISTORY,,207,129,OFFICIAL_ARCHIVE
2876,HISTORY,,207,129,OFFICIAL_ARCHIVE
2877,HISTORY,,207,129,OFFICIAL_ARCHIVE
2878,HISTORY,,207,129,OFFICIAL_ARCHIVE
2879,HISTORY,,207,129,OFFICIAL_ARCHIVE
2880,HISTORY,,181,119,OFFICIAL_ARCHIVE
2881,PHYSICS_CHEMISTRY,,248,150,OFFICIAL_ARCHIVE
2882,HISTORY,,189,122,OFFICIAL_ARCHIVE
2883,HISTORY,,189,122,OFFICIAL_ARCHIVE
2884,HISTORY,,189,122,OFFICIAL_ARCHIVE
2885,HISTORY,,189,122,OFFICIAL_ARCHIVE
2886,HISTORY,,189,122,OFFICIAL_ARCHIVE
2887,HISTORY,,197,125,OFFICIAL_ARCHIVE
2888,HISTORY,,197,125,OFFICIAL_ARCHIVE
2889,HISTORY,,197,125,OFFICIAL_ARCHIVE
2890,HISTORY,,197,125,OFFICIAL_ARCHIVE
2891,HISTORY,,197,125,OFFICIAL_ARCHIVE
2892,HISTORY,,197,125,OFFICIAL_ARCHIVE
2893,HISTORY,,197,125,OFFICIAL_ARCHIVE
2894,HISTORY,,205,129,OFFICIAL_ARCHIVE
2895,HISTORY,,205,129,OFFICIAL_ARCHIVE
2896,HISTORY,,205,129,OFFICIAL_ARCHIVE
2897,HISTORY,,197,125,OFFICIAL_ARCHIVE
2898,HISTORY,,194,124,OFFICIAL_ARCHIVE
2899,HISTORY,,188,121,OFFICIAL_ARCHIVE
2900,HISTORY,,184,120,OFFICIAL_ARCHIVE
2901,HISTORY,,184,120,OFFICIAL_ARCHIVE
2902,HISTORY,,184,120,OFFICIAL_ARCHIVE
2903,HISTORY,,188,121,OFFICIAL_ARCHIVE
2904,HISTORY,,188,121,OFFICIAL_ARCHIVE
2905,HISTORY,,206,129,OFFICIAL_ARCHIVE
2906,HISTORY,,206,129,OFFICIAL_ARCHIVE
2907,HISTORY,,206,129,OFFICIAL_ARCHIVE
2908,HISTORY,,206,129,OFFICIAL_ARCHIVE
2909,HISTORY,,194,124,OFFICIAL_ARCHIVE
2910,HISTORY,,189,122,OFFICIAL_ARCHIVE
2911,HISTORY,,189,122,OFFICIAL_ARCHIVE
2912,HISTORY,,189,122,OFFICIAL_ARCHIVE
2913,HISTORY,,189,122,OFFICIAL_ARCHIVE
2914,HISTORY,,189,122,OFFICIAL_ARCHIVE
2915,HISTORY,,184,120,OFFICIAL_ARCHIVE
2916,HISTORY,,205,129,OFFICIAL_ARCHIVE
2917,HISTORY,,184,120,OFFICIAL_ARCHIVE
2918,HISTORY,,205,129,OFFICIAL_ARCHIVE
2919,HISTORY,,205,129,OFFICIAL_ARCHIVE
2920,HISTORY,,207,129,OFFICIAL_ARCHIVE
2921,HISTORY,,207,129,OFFICIAL_ARCHIVE
2922,HISTORY,,207,129,OFFICIAL_ARCHIVE
2923,HISTORY,,189,122,OFFICIAL_ARCHIVE
2924,FRENCH,,92,84,OFFICIAL_ARCHIVE
2925,HISTORY,,197,125,OFFICIAL_ARCHIVE
2926,HISTORY,,197,125,OFFICIAL_ARCHIVE
2927,HISTORY,,197,125,OFFICIAL_ARCHIVE
2928,HISTORY,,197,125,OFFICIAL_ARCHIVE
2929,HISTORY,,197,125,OFFICIAL_ARCHIVE
2930,HISTORY,,197,125,OFFICIAL_ARCHIVE
2931,HISTORY,,181,119,OFFICIAL_ARCHIVE
2932,HISTORY,,181,119,OFFICIAL_ARCHIVE
2933,HISTORY,,181,119,OFFICIAL_ARCHIVE
2934,HISTORY,,181,119,OFFICIAL_ARCHIVE
2935,HISTORY,,181,119,OFFICIAL_ARCHIVE
2936,HISTORY,,197,125,OFFICIAL_ARCHIVE
2937,HISTORY,,197,125,OFFICIAL_ARCHIVE
2938,HISTORY,,197,125,OFFICIAL_ARCHIVE
2939,HISTORY,,197,125,OFFICIAL_ARCHIVE
2940,MATHEMATICS,,133,101,OFFICIAL_ARCHIVE
2941,MATHEMATICS,,133,101,OFFICIAL_ARCHIVE
2942,MATHEMATICS,,133,101,OFFICIAL_ARCHIVE
2943,MATHEMATICS,,133,101,OFFICIAL_ARCHIVE
2944,MATHEMATICS,,133,101,OFFICIAL_ARCHIVE
2945,MATHEMATICS,,133,101,OFFICIAL_ARCHIVE
2946,FRENCH,,89,83,OFFICIAL_ARCHIVE
2947,FRENCH,,89,83,OFFICIAL_ARCHIVE
2948,FRENCH,,89,83,OFFICIAL_ARCHIVE
2949,FRENCH,,89,83,OFFICIAL_ARCHIVE
2950,FRENCH,,89,83,OFFICIAL_ARCHIVE
2951,FRENCH,,89,83,OFFICIAL_ARCHIVE
2952,FRENCH,,89,83,OFFICIAL_ARCHIVE
2953,FRENCH,,89,83,OFFICIAL_ARCHIVE
2954,FRENCH,,89,83,OFFICIAL_ARCHIVE
2955,FRENCH,,89,83,OFFICIAL_ARCHIVE
2956,FRENCH,,103,89,OFFICIAL_ARCHIVE
2957,FRENCH,,103,89,OFFICIAL_ARCHIVE
2958,FRENCH,,89,83,OFFICIAL_ARCHIVE
2959,FRENCH,,89,83,OFFICIAL_ARCHIVE
2960,FRENCH,,89,83,OFFICIAL_ARCHIVE
2961,FRENCH,,89,83,OFFICIAL_ARCHIVE
2962,FRENCH,,89,83,OFFICIAL_ARCHIVE
2963,FRENCH,,89,83,OFFICIAL_ARCHIVE
2964,FRENCH,,89,83,OFFICIAL_ARCHIVE
2965,FRENCH,,89,83,OFFICIAL_ARCHIVE
2966,FRENCH,,89,83,OFFICIAL_ARCHIVE
2967,FRENCH,,89,83,OFFICIAL_ARCHIVE
2968,FRENCH,,89,83,OFFICIAL_ARCHIVE
2969,MATHEMATICS,,107,91,OFFICIAL_ARCHIVE
2970,MATHEMATICS,,107,91,OFFICIAL_ARCHIVE
2971,MATHEMATICS,,121,96,OFFICIAL_ARCHIVE
2972,MATHEMATICS,,121,96,OFFICIAL_ARCHIVE
2973,MATHEMATICS,,146,106,OFFICIAL_ARCHIVE
2974,MATHEMATICS,,146,106,OFFICIAL_ARCHIVE
2975,MATHEMATICS,,146,106,OFFICIAL_ARCHIVE
2976,MATHEMATICS,,146,106,OFFICIAL_ARCHIVE
2977,MATHEMATICS,,146,106,OFFICIAL_ARCHIVE
2978,MATHEMATICS,,107,91,OFFICIAL_ARCHIVE
2979,MATHEMATICS,,107,91,OFFICIAL_ARCHIVE
2980,MATHEMATICS,,107,91,OFFICIAL_ARCHIVE
2981,MATHEMATICS,,107,91,OFFICIAL_ARCHIVE
2982,MATHEMATICS,,146,106,OFFICIAL_ARCHIVE
2983,MATHEMATICS,,107,91,OFFICIAL_ARCHIVE
2984,MATHEMATICS,,107,91,OFFICIAL_ARCHIVE
2985,MATHEMATICS,,107,91,OFFICIAL_ARCHIVE
2986,MATHEMATICS,,107,91,OFFICIAL_ARCHIVE
2987,MATHEMATICS,,121,96,OFFICIAL_ARCHIVE
2988,MATHEMATICS,,107,91,OFFICIAL_ARCHIVE
2989,MATHEMATICS,,107,91,OFFICIAL_ARCHIVE
2990,MATHEMATICS,,121,96,OFFICIAL_ARCHIVE
2991,MATHEMATICS,,107,91,OFFICIAL_ARCHIVE
2992,MATHEMATICS,,136,102,OFFICIAL_ARCHIVE
2993,MATHEMATICS,,107,91,OFFICIAL_ARCHIVE
2994,MATHEMATICS,,136,102,OFFICIAL_ARCHIVE
2995,MATHEMATICS,,136,102,OFFICIAL_ARCHIVE
2996,MATHEMATICS,,107,91,OFFICIAL_ARCHIVE
2997,MATHEMATICS,,136,102,OFFICIAL_ARCHIVE
2998,MATHEMATICS,,136,102,OFFICIAL_ARCHIVE
2999,MATHEMATICS,,136,102,OFFICIAL_ARCHIVE
3000,PHYSICS_CHEMISTRY,,250,151,OFFICIAL_ARCHIVE
3001,PHYSICS_CHEMISTRY,,256,154,OFFICIAL_ARCHIVE
3002,PHYSICS_CHEMISTRY,,252,152,OFFICIAL_ARCHIVE
3003,PHYSICS_CHEMISTRY,,256,154,OFFICIAL_ARCHIVE
3004,FRENCH,,103,89,OFFICIAL_ARCHIVE
3005,FRENCH,,103,89,OFFICIAL_ARCHIVE
3006,FRENCH,,103,89,OFFICIAL_ARCHIVE
3007,FRENCH,,84,81,OFFICIAL_ARCHIVE
3008,FRENCH,,103,89,OFFICIAL_ARCHIVE
3009,FRENCH,,103,89,OFFICIAL_ARCHIVE
3010,FRENCH,,103,89,OFFICIAL_ARCHIVE
3011,FRENCH,,103,89,OFFICIAL_ARCHIVE
3012,FRENCH,,103,89,OFFICIAL_ARCHIVE
3013,FRENCH,,103,89,OFFICIAL_ARCHIVE
3014,FRENCH,,103,89,OFFICIAL_ARCHIVE
3015,FRENCH,,103,89,OFFICIAL_ARCHIVE
3016,FRENCH,,103,89,OFFICIAL_ARCHIVE
3017,FRENCH,,103,89,OFFICIAL_ARCHIVE
3018,FRENCH,,103,89,OFFICIAL_ARCHIVE
3019,FRENCH,,103,89,OFFICIAL_ARCHIVE
3020,FRENCH,,103,89,OFFICIAL_ARCHIVE
3021,FRENCH,,103,89,OFFICIAL_ARCHIVE
3022,FRENCH,,103,89,OFFICIAL_ARCHIVE
3023,FRENCH,,103,89,OFFICIAL_ARCHIVE
3024,FRENCH,,103,89,OFFICIAL_ARCHIVE
3025,FRENCH,,103,89,OFFICIAL_ARCHIVE
3026,FRENCH,,103,89,OFFICIAL_ARCHIVE
3027,PHYSICS_CHEMISTRY,,254,153,OFFICIAL_ARCHIVE
3028,FRENCH,,103,89,OFFICIAL_ARCHIVE
3029,FRENCH,,103,89,OFFICIAL_ARCHIVE
3030,FRENCH,,103,89,OFFICIAL_ARCHIVE
3031,FRENCH,,103,89,OFFICIAL_ARCHIVE
3032,MATHEMATICS,,141,104,OFFICIAL_ARCHIVE
3033,MATHEMATICS,,107,91,OFFICIAL_ARCHIVE
3034,MATHEMATICS,,107,91,OFFICIAL_ARCHIVE
3035,MATHEMATICS,,107,91,OFFICIAL_ARCHIVE
3036,MATHEMATICS,,107,91,OFFICIAL_ARCHIVE
3037,MATHEMATICS,,107,91,OFFICIAL_ARCHIVE
3038,MATHEMATICS,,141,104,OFFICIAL_ARCHIVE
3039,MATHEMATICS,,141,104,OFFICIAL_ARCHIVE
3040,MATHEMATICS,,141,104,OFFICIAL_ARCHIVE
3041,MATHEMATICS,,141,104,OFFICIAL_ARCHIVE
3042,MATHEMATICS,,141,104,OFFICIAL_ARCHIVE
3043,MATHEMATICS,,107,91,OFFICIAL_ARCHIVE
3044,MATHEMATICS,,107,91,OFFICIAL_ARCHIVE
3045,MATHEMATICS,,107,91,OFFICIAL_ARCHIVE
3046,MATHEMATICS,,107,91,OFFICIAL_ARCHIVE
3047,MATHEMATICS,,107,91,OFFICIAL_ARCHIVE
3048,MATHEMATICS,,107,91,OFFICIAL_ARCHIVE
3049,MATHEMATICS,,107,91,OFFICIAL_ARCHIVE
3050,MATHEMATICS,,107,91,OFFICIAL_ARCHIVE
3051,MATHEMATICS,,121,96,OFFICIAL_ARCHIVE
3052,MATHEMATICS,,107,91,OFFICIAL_ARCHIVE
3053,MATHEMATICS,,107,91,OFFICIAL_ARCHIVE
3054,FRENCH,,92,84,OFFICIAL_ARCHIVE
3055,FRENCH,,89,83,OFFICIAL_ARCHIVE
3056,MATHEMATICS,,107,91,OFFICIAL_ARCHIVE
3057,MATHEMATICS,,107,91,OFFICIAL_ARCHIVE
3058,MATHEMATICS,,107,91,OFFICIAL_ARCHIVE
3059,MATHEMATICS,,107,91,OFFICIAL_ARCHIVE
3060,MATHEMATICS,,107,91,OFFICIAL_ARCHIVE
3061,MATHEMATICS,,107,91,OFFICIAL_ARCHIVE
3062,MATHEMATICS,,107,91,OFFICIAL_ARCHIVE
3063,MATHEMATICS,,107,91,OFFICIAL_ARCHIVE
3064,MATHEMATICS,,107,91,OFFICIAL_ARCHIVE
3065,MATHEMATICS,,107,91,OFFICIAL_ARCHIVE
3066,MATHEMATICS,,107,91,OFFICIAL_ARCHIVE
3067,MATHEMATICS,,107,91,OFFICIAL_ARCHIVE
3068,MATHEMATICS,,107,91,OFFICIAL_ARCHIVE
3069,MATHEMATICS,,107,91,OFFICIAL_ARCHIVE
3070,MATHEMATICS,,107,91,OFFICIAL_ARCHIVE
3071,MATHEMATICS,,107,91,OFFICIAL_ARCHIVE
3072,MATHEMATICS,,107,91,OFFICIAL_ARCHIVE
3073,MATHEMATICS,,107,91,OFFICIAL_ARCHIVE
3074,MATHEMATICS,,107,91,OFFICIAL_ARCHIVE
3075,MATHEMATICS,,141,104,OFFICIAL_ARCHIVE
3076,MATHEMATICS,,107,91,OFFICIAL_ARCHIVE
3077,MATHEMATICS,,107,91,OFFICIAL_ARCHIVE
3078,MATHEMATICS,,107,91,OFFICIAL_ARCHIVE
3079,MATHEMATICS,,146,106,OFFICIAL_ARCHIVE
3080,MATHEMATICS,,107,91,OFFICIAL_ARCHIVE
3081,MATHEMATICS,,107,91,OFFICIAL_ARCHIVE
3082,FRENCH,,92,84,OFFICIAL_ARCHIVE
2051,MATHEMATICS,,141,104,OFFICIAL_ARCHIVE
2079,FRENCH,,105,90,OFFICIAL_ARCHIVE
2080,FRENCH,,105,90,OFFICIAL_ARCHIVE
2081,FRENCH,,105,90,OFFICIAL_ARCHIVE
2082,FRENCH,,105,90,OFFICIAL_ARCHIVE
2083,FRENCH,,105,90,OFFICIAL_ARCHIVE
2084,FRENCH,,105,90,OFFICIAL_ARCHIVE
2085,FRENCH,,105,90,OFFICIAL_ARCHIVE
2086,FRENCH,,105,90,OFFICIAL_ARCHIVE
2087,FRENCH,,105,90,OFFICIAL_ARCHIVE
2088,FRENCH,,105,90,OFFICIAL_ARCHIVE
2089,FRENCH,,105,90,OFFICIAL_ARCHIVE
2090,FRENCH,,105,90,OFFICIAL_ARCHIVE
2091,FRENCH,,105,90,OFFICIAL_ARCHIVE
2092,FRENCH,,105,90,OFFICIAL_ARCHIVE
2093,FRENCH,,105,90,OFFICIAL_ARCHIVE
2094,FRENCH,,105,90,OFFICIAL_ARCHIVE
2095,FRENCH,,103,89,OFFICIAL_ARCHIVE
2096,FRENCH,,103,89,OFFICIAL_ARCHIVE
2097,FRENCH,,103,89,OFFICIAL_ARCHIVE
2098,FRENCH,,103,89,OFFICIAL_ARCHIVE
2099,FRENCH,,103,89,OFFICIAL_ARCHIVE
2100,FRENCH,,103,89,OFFICIAL_ARCHIVE
2101,FRENCH,,103,89,OFFICIAL_ARCHIVE
2102,FRENCH,,103,89,OFFICIAL_ARCHIVE
2103,FRENCH,,103,89,OFFICIAL_ARCHIVE
2104,FRENCH,,103,89,OFFICIAL_ARCHIVE
2105,FRENCH,,103,89,OFFICIAL_ARCHIVE
2106,FRENCH,,103,89,OFFICIAL_ARCHIVE
2107,FRENCH,,103,89,OFFICIAL_ARCHIVE
2108,FRENCH,,103,89,OFFICIAL_ARCHIVE
2121,MATHEMATICS,,146,106,OFFICIAL_ARCHIVE
2139,MATHEMATICS,,141,104,OFFICIAL_ARCHIVE
2153,PHYSICS_CHEMISTRY,,250,151,OFFICIAL_ARCHIVE
2154,FRENCH,,103,89,OFFICIAL_ARCHIVE
2155,FRENCH,,103,89,OFFICIAL_ARCHIVE
2156,FRENCH,,103,89,OFFICIAL_ARCHIVE
2157,FRENCH,,103,89,OFFICIAL_ARCHIVE
2158,FRENCH,,103,89,OFFICIAL_ARCHIVE
2159,FRENCH,,103,89,OFFICIAL_ARCHIVE
2160,FRENCH,,103,89,OFFICIAL_ARCHIVE
2161,FRENCH,,103,89,OFFICIAL_ARCHIVE
2162,FRENCH,,103,89,OFFICIAL_ARCHIVE
2163,FRENCH,,103,89,OFFICIAL_ARCHIVE
2164,FRENCH,,103,89,OFFICIAL_ARCHIVE
2171,HISTORY,,181,119,OFFICIAL_ARCHIVE
2172,HISTORY,,181,119,OFFICIAL_ARCHIVE
2177,HISTORY,,199,126,OFFICIAL_ARCHIVE
2179,MATHEMATICS,,129,99,OFFICIAL_ARCHIVE
2180,MATHEMATICS,,129,99,OFFICIAL_ARCHIVE
2181,MATHEMATICS,,129,99,OFFICIAL_ARCHIVE
2183,MATHEMATICS,,146,106,OFFICIAL_ARCHIVE
2187,MATHEMATICS,,146,106,OFFICIAL_ARCHIVE
2190,MATHEMATICS,,146,106,OFFICIAL_ARCHIVE
2191,MATHEMATICS,,146,106,OFFICIAL_ARCHIVE
2198,MATHEMATICS,,146,106,OFFICIAL_ARCHIVE
2200,MATHEMATICS,,146,106,OFFICIAL_ARCHIVE
2202,HISTORY,,199,126,OFFICIAL_ARCHIVE
2203,HISTORY,,199,126,OFFICIAL_ARCHIVE
2204,HISTORY,,199,126,OFFICIAL_ARCHIVE
2205,HISTORY,,199,126,OFFICIAL_ARCHIVE
2206,HISTORY,,199,126,OFFICIAL_ARCHIVE
2207,HISTORY,,199,126,OFFICIAL_ARCHIVE
2215,FRENCH,,105,90,OFFICIAL_ARCHIVE
2223,MATHEMATICS,,121,96,OFFICIAL_ARCHIVE
2224,MATHEMATICS,,146,106,OFFICIAL_ARCHIVE
2246,PHYSICS_CHEMISTRY,,250,151,OFFICIAL_ARCHIVE
2247,FRENCH,,105,90,OFFICIAL_ARCHIVE
2248,FRENCH,,105,90,OFFICIAL_ARCHIVE
2249,FRENCH,,105,90,OFFICIAL_ARCHIVE
2250,FRENCH,,105,90,OFFICIAL_ARCHIVE
2251,FRENCH,,105,90,OFFICIAL_ARCHIVE
2252,FRENCH,,105,90,OFFICIAL_ARCHIVE
2253,FRENCH,,105,90,OFFICIAL_ARCHIVE
2254,FRENCH,,105,90,OFFICIAL_ARCHIVE
2255,FRENCH,,105,90,OFFICIAL_ARCHIVE
2256,FRENCH,,105,90,OFFICIAL_ARCHIVE
2257,FRENCH,,105,90,OFFICIAL_ARCHIVE
2258,FRENCH,,105,90,OFFICIAL_ARCHIVE
2259,FRENCH,,105,90,OFFICIAL_ARCHIVE
2260,FRENCH,,105,90,OFFICIAL_ARCHIVE
2261,FRENCH,,105,90,OFFICIAL_ARCHIVE
2262,FRENCH,,105,90,OFFICIAL_ARCHIVE
2263,FRENCH,,105,90,OFFICIAL_ARCHIVE
2265,FRENCH,,105,90,OFFICIAL_ARCHIVE
2266,FRENCH,,105,90,OFFICIAL_ARCHIVE
2267,FRENCH,,105,90,OFFICIAL_ARCHIVE
2268,FRENCH,,105,90,OFFICIAL_ARCHIVE
2269,FRENCH,,105,90,OFFICIAL_ARCHIVE
2270,FRENCH,,105,90,OFFICIAL_ARCHIVE
2271,FRENCH,,105,90,OFFICIAL_ARCHIVE
2272,FRENCH,,105,90,OFFICIAL_ARCHIVE
2273,FRENCH,,105,90,OFFICIAL_ARCHIVE
2274,FRENCH,,89,83,OFFICIAL_ARCHIVE
2275,FRENCH,,89,83,OFFICIAL_ARCHIVE
2276,FRENCH,,89,83,OFFICIAL_ARCHIVE
2277,FRENCH,,89,83,OFFICIAL_ARCHIVE
2278,FRENCH,,105,90,OFFICIAL_ARCHIVE
2279,MATHEMATICS,,146,106,OFFICIAL_ARCHIVE
2285,MATHEMATICS,,141,104,OFFICIAL_ARCHIVE
2290,MATHEMATICS,,141,104,OFFICIAL_ARCHIVE
2301,FRENCH,,103,89,OFFICIAL_ARCHIVE
2302,FRENCH,,103,89,OFFICIAL_ARCHIVE
2303,FRENCH,,103,89,OFFICIAL_ARCHIVE
2304,FRENCH,,103,89,OFFICIAL_ARCHIVE
2305,FRENCH,,103,89,OFFICIAL_ARCHIVE
2306,FRENCH,,103,89,OFFICIAL_ARCHIVE
2307,FRENCH,,103,89,OFFICIAL_ARCHIVE
2308,FRENCH,,103,89,OFFICIAL_ARCHIVE
2309,FRENCH,,89,83,OFFICIAL_ARCHIVE
2310,FRENCH,,103,89,OFFICIAL_ARCHIVE
2311,FRENCH,,103,89,OFFICIAL_ARCHIVE
2312,FRENCH,,103,89,OFFICIAL_ARCHIVE
2313,FRENCH,,103,89,OFFICIAL_ARCHIVE
2314,FRENCH,,103,89,OFFICIAL_ARCHIVE
2315,FRENCH,,103,89,OFFICIAL_ARCHIVE
2316,FRENCH,,103,89,OFFICIAL_ARCHIVE
2317,FRENCH,,103,89,OFFICIAL_ARCHIVE
2318,FRENCH,,105,90,OFFICIAL_ARCHIVE
2334,MATHEMATICS,,146,106,OFFICIAL_ARCHIVE
2360,FRENCH,,84,81,OFFICIAL_ARCHIVE
2361,FRENCH,,105,90,OFFICIAL_ARCHIVE
2362,FRENCH,,105,90,OFFICIAL_ARCHIVE
2363,FRENCH,,105,90,OFFICIAL_ARCHIVE
2364,FRENCH,,105,90,OFFICIAL_ARCHIVE
2365,FRENCH,,105,90,OFFICIAL_ARCHIVE
2366,FRENCH,,105,90,OFFICIAL_ARCHIVE
2367,FRENCH,,105,90,OFFICIAL_ARCHIVE
2368,FRENCH,,105,90,OFFICIAL_ARCHIVE
2369,FRENCH,,105,90,OFFICIAL_ARCHIVE
2370,FRENCH,,105,90,OFFICIAL_ARCHIVE
2371,FRENCH,,89,83,OFFICIAL_ARCHIVE
2372,FRENCH,,89,83,OFFICIAL_ARCHIVE
2373,FRENCH,,89,83,OFFICIAL_ARCHIVE
2374,FRENCH,,89,83,OFFICIAL_ARCHIVE
2376,FRENCH,,89,83,OFFICIAL_ARCHIVE
2377,FRENCH,,89,83,OFFICIAL_ARCHIVE
2378,FRENCH,,89,83,OFFICIAL_ARCHIVE
2379,FRENCH,,89,83,OFFICIAL_ARCHIVE
2380,FRENCH,,103,89,OFFICIAL_ARCHIVE
2381,FRENCH,,103,89,OFFICIAL_ARCHIVE
2382,FRENCH,,103,89,OFFICIAL_ARCHIVE
2383,FRENCH,,103,89,OFFICIAL_ARCHIVE
2384,FRENCH,,103,89,OFFICIAL_ARCHIVE
2385,FRENCH,,103,89,OFFICIAL_ARCHIVE
2386,FRENCH,,103,89,OFFICIAL_ARCHIVE
2387,FRENCH,,103,89,OFFICIAL_ARCHIVE
2388,FRENCH,,103,89,OFFICIAL_ARCHIVE
2389,FRENCH,,103,89,OFFICIAL_ARCHIVE
2390,FRENCH,,103,89,OFFICIAL_ARCHIVE
2391,FRENCH,,103,89,OFFICIAL_ARCHIVE
2392,FRENCH,,103,89,OFFICIAL_ARCHIVE
2393,FRENCH,,105,90,OFFICIAL_ARCHIVE
2396,FRENCH,,105,90,OFFICIAL_ARCHIVE
2418,FRENCH,,105,90,OFFICIAL_ARCHIVE
2419,FRENCH,,105,90,OFFICIAL_ARCHIVE
2420,FRENCH,,105,90,OFFICIAL_ARCHIVE
2421,FRENCH,,105,90,OFFICIAL_ARCHIVE
2422,FRENCH,,105,90,OFFICIAL_ARCHIVE
2423,FRENCH,,105,90,OFFICIAL_ARCHIVE
2424,FRENCH,,105,90,OFFICIAL_ARCHIVE
2425,FRENCH,,105,90,OFFICIAL_ARCHIVE
2426,FRENCH,,105,90,OFFICIAL_ARCHIVE
2427,FRENCH,,105,90,OFFICIAL_ARCHIVE
2428,FRENCH,,105,90,OFFICIAL_ARCHIVE
2429,FRENCH,,105,90,OFFICIAL_ARCHIVE
2430,FRENCH,,105,90,OFFICIAL_ARCHIVE
2431,FRENCH,,105,90,OFFICIAL_ARCHIVE
2432,FRENCH,,105,90,OFFICIAL_ARCHIVE
2433,FRENCH,,105,90,OFFICIAL_ARCHIVE
2434,FRENCH,,105,90,OFFICIAL_ARCHIVE
2435,FRENCH,,105,90,OFFICIAL_ARCHIVE
2436,FRENCH,,105,90,OFFICIAL_ARCHIVE
2437,FRENCH,,105,90,OFFICIAL_ARCHIVE
2438,FRENCH,,105,90,OFFICIAL_ARCHIVE
2439,FRENCH,,105,90,OFFICIAL_ARCHIVE
2440,FRENCH,,105,90,OFFICIAL_ARCHIVE
2441,FRENCH,,105,90,OFFICIAL_ARCHIVE
2442,FRENCH,,105,90,OFFICIAL_ARCHIVE
2444,FRENCH,,89,83,OFFICIAL_ARCHIVE
2445,FRENCH,,89,83,OFFICIAL_ARCHIVE
2446,FRENCH,,89,83,OFFICIAL_ARCHIVE
2447,FRENCH,,89,83,OFFICIAL_ARCHIVE
2448,FRENCH,,89,83,OFFICIAL_ARCHIVE
2449,FRENCH,,89,83,OFFICIAL_ARCHIVE
2450,FRENCH,,105,90,OFFICIAL_ARCHIVE
2452,FRENCH,,103,89,OFFICIAL_ARCHIVE
2453,FRENCH,,103,89,OFFICIAL_ARCHIVE
2454,FRENCH,,103,89,OFFICIAL_ARCHIVE
2455,FRENCH,,103,89,OFFICIAL_ARCHIVE
2456,FRENCH,,103,89,OFFICIAL_ARCHIVE
2457,FRENCH,,103,89,OFFICIAL_ARCHIVE
2458,FRENCH,,103,89,OFFICIAL_ARCHIVE
2459,FRENCH,,103,89,OFFICIAL_ARCHIVE
2460,FRENCH,,103,89,OFFICIAL_ARCHIVE
2461,FRENCH,,103,89,OFFICIAL_ARCHIVE
2462,FRENCH,,103,89,OFFICIAL_ARCHIVE
2463,FRENCH,,103,89,OFFICIAL_ARCHIVE
2464,FRENCH,,103,89,OFFICIAL_ARCHIVE
2465,FRENCH,,103,89,OFFICIAL_ARCHIVE
2466,FRENCH,,103,89,OFFICIAL_ARCHIVE
2467,FRENCH,,103,89,OFFICIAL_ARCHIVE
2468,FRENCH,,103,89,OFFICIAL_ARCHIVE
2469,FRENCH,,103,89,OFFICIAL_ARCHIVE
2470,FRENCH,,103,89,OFFICIAL_ARCHIVE
2471,FRENCH,,103,89,OFFICIAL_ARCHIVE
2472,FRENCH,,103,89,OFFICIAL_ARCHIVE
2473,FRENCH,,103,89,OFFICIAL_ARCHIVE
2474,FRENCH,,103,89,OFFICIAL_ARCHIVE
2475,MATHEMATICS,,146,106,OFFICIAL_ARCHIVE
2476,MATHEMATICS,,146,106,OFFICIAL_ARCHIVE
2477,MATHEMATICS,,146,106,OFFICIAL_ARCHIVE
2478,MATHEMATICS,,146,106,OFFICIAL_ARCHIVE
2479,MATHEMATICS,,146,106,OFFICIAL_ARCHIVE
2480,MATHEMATICS,,146,106,OFFICIAL_ARCHIVE
2481,MATHEMATICS,,146,106,OFFICIAL_ARCHIVE
2482,MATHEMATICS,,146,106,OFFICIAL_ARCHIVE
2483,FRENCH,,103,89,OFFICIAL_ARCHIVE
2484,FRENCH,,103,89,OFFICIAL_ARCHIVE
2485,FRENCH,,103,89,OFFICIAL_ARCHIVE
2486,FRENCH,,103,89,OFFICIAL_ARCHIVE
2487,FRENCH,,103,89,OFFICIAL_ARCHIVE
2488,FRENCH,,103,89,OFFICIAL_ARCHIVE
2489,FRENCH,,103,89,OFFICIAL_ARCHIVE
2490,FRENCH,,103,89,OFFICIAL_ARCHIVE
2491,FRENCH,,103,89,OFFICIAL_ARCHIVE
2492,FRENCH,,103,89,OFFICIAL_ARCHIVE
2493,FRENCH,,103,89,OFFICIAL_ARCHIVE
2494,FRENCH,,103,89,OFFICIAL_ARCHIVE
2495,FRENCH,,103,89,OFFICIAL_ARCHIVE
2498,MATHEMATICS,,146,106,OFFICIAL_ARCHIVE
2500,MATHEMATICS,,146,106,OFFICIAL_ARCHIVE
2503,MATHEMATICS,,146,106,OFFICIAL_ARCHIVE
2504,MATHEMATICS,,146,106,OFFICIAL_ARCHIVE
2506,MATHEMATICS,,146,106,OFFICIAL_ARCHIVE
2507,MATHEMATICS,,146,106,OFFICIAL_ARCHIVE
2508,MATHEMATICS,,146,106,OFFICIAL_ARCHIVE
2510,MATHEMATICS,,146,106,OFFICIAL_ARCHIVE
2530,FRENCH,,105,90,OFFICIAL_ARCHIVE
2531,MATHEMATICS,,146,106,OFFICIAL_ARCHIVE
2537,MATHEMATICS,,146,106,OFFICIAL_ARCHIVE
2538,MATHEMATICS,,146,106,OFFICIAL_ARCHIVE
2539,MATHEMATICS,,146,106,OFFICIAL_ARCHIVE
2540,MATHEMATICS,,146,106,OFFICIAL_ARCHIVE
2541,MATHEMATICS,,146,106,OFFICIAL_ARCHIVE
2542,MATHEMATICS,,141,104,OFFICIAL_ARCHIVE
2544,MATHEMATICS,,146,106,OFFICIAL_ARCHIVE
2558,FRENCH,,89,83,OFFICIAL_ARCHIVE
2559,FRENCH,,89,83,OFFICIAL_ARCHIVE
2560,FRENCH,,89,83,OFFICIAL_ARCHIVE
2561,FRENCH,,105,90,OFFICIAL_ARCHIVE
2562,FRENCH,,105,90,OFFICIAL_ARCHIVE
2563,FRENCH,,105,90,OFFICIAL_ARCHIVE
2564,FRENCH,,105,90,OFFICIAL_ARCHIVE
2565,FRENCH,,105,90,OFFICIAL_ARCHIVE
2566,FRENCH,,105,90,OFFICIAL_ARCHIVE
2567,FRENCH,,105,90,OFFICIAL_ARCHIVE
2568,FRENCH,,105,90,OFFICIAL_ARCHIVE
2569,FRENCH,,105,90,OFFICIAL_ARCHIVE
2570,FRENCH,,105,90,OFFICIAL_ARCHIVE
2571,FRENCH,,105,90,OFFICIAL_ARCHIVE
2572,FRENCH,,105,90,OFFICIAL_ARCHIVE
2573,FRENCH,,105,90,OFFICIAL_ARCHIVE
2574,FRENCH,,105,90,OFFICIAL_ARCHIVE
2575,FRENCH,,105,90,OFFICIAL_ARCHIVE
2576,PHYSICS_CHEMISTRY,,250,151,OFFICIAL_ARCHIVE
2577,MATHEMATICS,,146,106,OFFICIAL_ARCHIVE
2579,MATHEMATICS,,146,106,OFFICIAL_ARCHIVE
2616,FRENCH,,105,90,OFFICIAL_ARCHIVE
2617,FRENCH,,105,90,OFFICIAL_ARCHIVE
2618,FRENCH,,105,90,OFFICIAL_ARCHIVE
2619,FRENCH,,105,90,OFFICIAL_ARCHIVE
2620,FRENCH,,105,90,OFFICIAL_ARCHIVE
2621,FRENCH,,89,83,OFFICIAL_ARCHIVE
2622,FRENCH,,89,83,OFFICIAL_ARCHIVE
2623,FRENCH,,89,83,OFFICIAL_ARCHIVE
2624,FRENCH,,103,89,OFFICIAL_ARCHIVE
2625,FRENCH,,103,89,OFFICIAL_ARCHIVE
2626,FRENCH,,103,89,OFFICIAL_ARCHIVE
2627,FRENCH,,103,89,OFFICIAL_ARCHIVE
2628,FRENCH,,103,89,OFFICIAL_ARCHIVE
2629,FRENCH,,103,89,OFFICIAL_ARCHIVE
2630,FRENCH,,103,89,OFFICIAL_ARCHIVE
2631,FRENCH,,103,89,OFFICIAL_ARCHIVE
2632,FRENCH,,103,89,OFFICIAL_ARCHIVE
2633,FRENCH,,103,89,OFFICIAL_ARCHIVE
2634,FRENCH,,103,89,OFFICIAL_ARCHIVE
2635,FRENCH,,103,89,OFFICIAL_ARCHIVE
2636,FRENCH,,103,89,OFFICIAL_ARCHIVE
2637,FRENCH,,103,89,OFFICIAL_ARCHIVE
2638,FRENCH,,103,89,OFFICIAL_ARCHIVE
2639,FRENCH,,103,89,OFFICIAL_ARCHIVE
2641,MATHEMATICS,,170,116,OFFICIAL_ARCHIVE
2645,MATHEMATICS,,136,102,OFFICIAL_ARCHIVE
2647,MATHEMATICS,,146,106,OFFICIAL_ARCHIVE
2652,MATHEMATICS,,124,97,OFFICIAL_ARCHIVE
2654,MATHEMATICS,,141,104,OFFICIAL_ARCHIVE
2660,MATHEMATICS,,146,106,OFFICIAL_ARCHIVE
2665,MATHEMATICS,,136,102,OFFICIAL_ARCHIVE
2671,FRENCH,,105,90,OFFICIAL_ARCHIVE
2677,PHYSICS_CHEMISTRY,,256,154,OFFICIAL_ARCHIVE
2678,PHYSICS_CHEMISTRY,,256,154,OFFICIAL_ARCHIVE
2679,PHYSICS_CHEMISTRY,,250,151,OFFICIAL_ARCHIVE
2681,HISTORY,,181,119,OFFICIAL_ARCHIVE
2682,HISTORY,,181,119,OFFICIAL_ARCHIVE
2683,HISTORY,,181,119,OFFICIAL_ARCHIVE
2684,HISTORY,,181,119,OFFICIAL_ARCHIVE
2685,HISTORY,,181,119,OFFICIAL_ARCHIVE
2688,HISTORY,,189,122,OFFICIAL_ARCHIVE
2689,HISTORY,,189,122,OFFICIAL_ARCHIVE
2690,HISTORY,,189,122,OFFICIAL_ARCHIVE
2691,HISTORY,,189,122,OFFICIAL_ARCHIVE
2692,HISTORY,,189,122,OFFICIAL_ARCHIVE
2693,FRENCH,,105,90,OFFICIAL_ARCHIVE
2694,FRENCH,,105,90,OFFICIAL_ARCHIVE
2695,FRENCH,,105,90,OFFICIAL_ARCHIVE
2696,FRENCH,,105,90,OFFICIAL_ARCHIVE
2697,FRENCH,,105,90,OFFICIAL_ARCHIVE
2698,FRENCH,,105,90,OFFICIAL_ARCHIVE
2699,FRENCH,,105,90,OFFICIAL_ARCHIVE
2700,FRENCH,,105,90,OFFICIAL_ARCHIVE
2701,FRENCH,,105,90,OFFICIAL_ARCHIVE
2702,FRENCH,,105,90,OFFICIAL_ARCHIVE
2703,FRENCH,,105,90,OFFICIAL_ARCHIVE
2704,FRENCH,,105,90,OFFICIAL_ARCHIVE
2705,FRENCH,,105,90,OFFICIAL_ARCHIVE
2706,FRENCH,,105,90,OFFICIAL_ARCHIVE
2707,FRENCH,,105,90,OFFICIAL_ARCHIVE
2708,FRENCH,,105,90,OFFICIAL_ARCHIVE
2709,FRENCH,,105,90,OFFICIAL_ARCHIVE
2710,FRENCH,,105,90,OFFICIAL_ARCHIVE
2711,FRENCH,,105,90,OFFICIAL_ARCHIVE
2712,FRENCH,,105,90,OFFICIAL_ARCHIVE
2713,FRENCH,,105,90,OFFICIAL_ARCHIVE
2714,FRENCH,,105,90,OFFICIAL_ARCHIVE
2715,FRENCH,,105,90,OFFICIAL_ARCHIVE
2716,FRENCH,,105,90,OFFICIAL_ARCHIVE
2717,FRENCH,,105,90,OFFICIAL_ARCHIVE
2718,FRENCH,,105,90,OFFICIAL_ARCHIVE
2719,FRENCH,,105,90,OFFICIAL_ARCHIVE
2720,FRENCH,,105,90,OFFICIAL_ARCHIVE
2721,FRENCH,,105,90,OFFICIAL_ARCHIVE
2722,FRENCH,,105,90,OFFICIAL_ARCHIVE
2723,FRENCH,,105,90,OFFICIAL_ARCHIVE
2724,FRENCH,,105,90,OFFICIAL_ARCHIVE
2725,FRENCH,,105,90,OFFICIAL_ARCHIVE
2726,FRENCH,,105,90,OFFICIAL_ARCHIVE
2727,FRENCH,,105,90,OFFICIAL_ARCHIVE
2728,FRENCH,,105,90,OFFICIAL_ARCHIVE
2729,FRENCH,,105,90,OFFICIAL_ARCHIVE
2730,FRENCH,,105,90,OFFICIAL_ARCHIVE
2731,FRENCH,,105,90,OFFICIAL_ARCHIVE
2732,FRENCH,,105,90,OFFICIAL_ARCHIVE
2733,FRENCH,,105,90,OFFICIAL_ARCHIVE
2735,MATHEMATICS,,146,106,OFFICIAL_ARCHIVE
2736,MATHEMATICS,,124,97,OFFICIAL_ARCHIVE
2739,MATHEMATICS,,146,106,OFFICIAL_ARCHIVE
2743,MATHEMATICS,,141,104,OFFICIAL_ARCHIVE
2745,MATHEMATICS,,141,104,OFFICIAL_ARCHIVE
2747,MATHEMATICS,,141,104,OFFICIAL_ARCHIVE
2750,MATHEMATICS,,141,104,OFFICIAL_ARCHIVE
2751,MATHEMATICS,,141,104,OFFICIAL_ARCHIVE
2762,FRENCH,,89,83,OFFICIAL_ARCHIVE
2763,FRENCH,,89,83,OFFICIAL_ARCHIVE
2764,FRENCH,,89,83,OFFICIAL_ARCHIVE
2765,FRENCH,,89,83,OFFICIAL_ARCHIVE
2766,FRENCH,,89,83,OFFICIAL_ARCHIVE
2767,FRENCH,,89,83,OFFICIAL_ARCHIVE
2768,FRENCH,,89,83,OFFICIAL_ARCHIVE
2769,FRENCH,,89,83,OFFICIAL_ARCHIVE
2770,FRENCH,,89,83,OFFICIAL_ARCHIVE
2771,FRENCH,,89,83,OFFICIAL_ARCHIVE
2772,FRENCH,,89,83,OFFICIAL_ARCHIVE
2773,FRENCH,,89,83,OFFICIAL_ARCHIVE
2774,FRENCH,,89,83,OFFICIAL_ARCHIVE
2775,FRENCH,,89,83,OFFICIAL_ARCHIVE
2776,FRENCH,,89,83,OFFICIAL_ARCHIVE
2777,FRENCH,,89,83,OFFICIAL_ARCHIVE
2778,FRENCH,,89,83,OFFICIAL_ARCHIVE
2784,HISTORY,,199,126,OFFICIAL_ARCHIVE
2785,HISTORY,,199,126,OFFICIAL_ARCHIVE
2786,HISTORY,,199,126,OFFICIAL_ARCHIVE
2787,HISTORY,,199,126,OFFICIAL_ARCHIVE
2788,HISTORY,,199,126,OFFICIAL_ARCHIVE
2789,HISTORY,,199,126,OFFICIAL_ARCHIVE
2790,HISTORY,,199,126,OFFICIAL_ARCHIVE
2791,HISTORY,,199,126,OFFICIAL_ARCHIVE
2792,HISTORY,,181,119,OFFICIAL_ARCHIVE
2793,HISTORY,,189,122,OFFICIAL_ARCHIVE
2794,PHYSICS_CHEMISTRY,,256,154,OFFICIAL_ARCHIVE
2800,HISTORY,,199,126,OFFICIAL_ARCHIVE
2807,PHYSICS_CHEMISTRY,,250,151,OFFICIAL_ARCHIVE
2813,HISTORY,,199,126,OFFICIAL_ARCHIVE
2822,HISTORY,,199,126,OFFICIAL_ARCHIVE
2823,HISTORY,,199,126,OFFICIAL_ARCHIVE
2824,HISTORY,,199,126,OFFICIAL_ARCHIVE
2827,HISTORY,,199,126,OFFICIAL_ARCHIVE
2828,HISTORY,,199,126,OFFICIAL_ARCHIVE
2829,HISTORY,,199,126,OFFICIAL_ARCHIVE
2830,HISTORY,,199,126,OFFICIAL_ARCHIVE
2831,HISTORY,,199,126,OFFICIAL_ARCHIVE
2832,HISTORY,,199,126,OFFICIAL_ARCHIVE
2833,HISTORY,,199,126,OFFICIAL_ARCHIVE
2834,HISTORY,,199,126,OFFICIAL_ARCHIVE
2835,HISTORY,,199,126,OFFICIAL_ARCHIVE
2836,HISTORY,,199,126,OFFICIAL_ARCHIVE
2872,HISTORY,,199,126,OFFICIAL_ARCHIVE
2880,HISTORY,,199,126,OFFICIAL_ARCHIVE
2881,PHYSICS_CHEMISTRY,,250,151,OFFICIAL_ARCHIVE
2882,HISTORY,,181,119,OFFICIAL_ARCHIVE
2883,HISTORY,,181,119,OFFICIAL_ARCHIVE
2884,HISTORY,,181,119,OFFICIAL_ARCHIVE
2885,HISTORY,,181,119,OFFICIAL_ARCHIVE
2886,HISTORY,,181,119,OFFICIAL_ARCHIVE
2910,HISTORY,,181,119,OFFICIAL_ARCHIVE
2911,HISTORY,,181,119,OFFICIAL_ARCHIVE
2912,HISTORY,,181,119,OFFICIAL_ARCHIVE
2913,HISTORY,,181,119,OFFICIAL_ARCHIVE
2914,HISTORY,,181,119,OFFICIAL_ARCHIVE
2923,HISTORY,,181,119,OFFICIAL_ARCHIVE
2924,FRENCH,,105,90,OFFICIAL_ARCHIVE
2931,HISTORY,,199,126,OFFICIAL_ARCHIVE
2932,HISTORY,,199,126,OFFICIAL_ARCHIVE
2933,HISTORY,,199,126,OFFICIAL_ARCHIVE
2934,HISTORY,,199,126,OFFICIAL_ARCHIVE
2935,HISTORY,,189,122,OFFICIAL_ARCHIVE
2940,MATHEMATICS,,146,106,OFFICIAL_ARCHIVE
2941,MATHEMATICS,,146,106,OFFICIAL_ARCHIVE
2942,MATHEMATICS,,146,106,OFFICIAL_ARCHIVE
2943,MATHEMATICS,,146,106,OFFICIAL_ARCHIVE
2944,MATHEMATICS,,146,106,OFFICIAL_ARCHIVE
2945,MATHEMATICS,,146,106,OFFICIAL_ARCHIVE
2947,FRENCH,,103,89,OFFICIAL_ARCHIVE
2948,FRENCH,,103,89,OFFICIAL_ARCHIVE
2949,FRENCH,,103,89,OFFICIAL_ARCHIVE
2950,FRENCH,,103,89,OFFICIAL_ARCHIVE
2951,FRENCH,,103,89,OFFICIAL_ARCHIVE
2952,FRENCH,,103,89,OFFICIAL_ARCHIVE
2953,FRENCH,,103,89,OFFICIAL_ARCHIVE
2954,FRENCH,,103,89,OFFICIAL_ARCHIVE
2955,FRENCH,,103,89,OFFICIAL_ARCHIVE
2956,FRENCH,,105,90,OFFICIAL_ARCHIVE
2957,FRENCH,,105,90,OFFICIAL_ARCHIVE
2958,FRENCH,,103,89,OFFICIAL_ARCHIVE
2959,FRENCH,,103,89,OFFICIAL_ARCHIVE
2960,FRENCH,,103,89,OFFICIAL_ARCHIVE
2961,FRENCH,,103,89,OFFICIAL_ARCHIVE
2962,FRENCH,,103,89,OFFICIAL_ARCHIVE
2963,FRENCH,,103,89,OFFICIAL_ARCHIVE
2964,FRENCH,,103,89,OFFICIAL_ARCHIVE
2965,FRENCH,,103,89,OFFICIAL_ARCHIVE
2966,FRENCH,,103,89,OFFICIAL_ARCHIVE
2967,FRENCH,,103,89,OFFICIAL_ARCHIVE
2968,FRENCH,,103,89,OFFICIAL_ARCHIVE
2991,MATHEMATICS,,136,102,OFFICIAL_ARCHIVE
2993,MATHEMATICS,,136,102,OFFICIAL_ARCHIVE
2996,MATHEMATICS,,136,102,OFFICIAL_ARCHIVE
3000,PHYSICS_CHEMISTRY,,252,152,OFFICIAL_ARCHIVE
3001,PHYSICS_CHEMISTRY,,250,151,OFFICIAL_ARCHIVE
3002,PHYSICS_CHEMISTRY,,256,154,OFFICIAL_ARCHIVE
3003,PHYSICS_CHEMISTRY,,250,151,OFFICIAL_ARCHIVE
3004,FRENCH,,84,81,OFFICIAL_ARCHIVE
3005,FRENCH,,84,81,OFFICIAL_ARCHIVE
3006,FRENCH,,84,81,OFFICIAL_ARCHIVE
3007,FRENCH,,92,84,OFFICIAL_ARCHIVE
3008,FRENCH,,84,81,OFFICIAL_ARCHIVE
3009,FRENCH,,84,81,OFFICIAL_ARCHIVE
3010,FRENCH,,84,81,OFFICIAL_ARCHIVE
3011,FRENCH,,84,81,OFFICIAL_ARCHIVE
3012,FRENCH,,84,81,OFFICIAL_ARCHIVE
3013,FRENCH,,84,81,OFFICIAL_ARCHIVE
3014,FRENCH,,84,81,OFFICIAL_ARCHIVE
3015,FRENCH,,84,81,OFFICIAL_ARCHIVE
3016,FRENCH,,84,81,OFFICIAL_ARCHIVE
3017,FRENCH,,84,81,OFFICIAL_ARCHIVE
3018,FRENCH,,84,81,OFFICIAL_ARCHIVE
3019,FRENCH,,84,81,OFFICIAL_ARCHIVE
3020,FRENCH,,84,81,OFFICIAL_ARCHIVE
3021,FRENCH,,84,81,OFFICIAL_ARCHIVE
3022,FRENCH,,84,81,OFFICIAL_ARCHIVE
3023,FRENCH,,84,81,OFFICIAL_ARCHIVE
3024,FRENCH,,84,81,OFFICIAL_ARCHIVE
3025,FRENCH,,84,81,OFFICIAL_ARCHIVE
3026,FRENCH,,84,81,OFFICIAL_ARCHIVE
3027,PHYSICS_CHEMISTRY,,250,151,OFFICIAL_ARCHIVE
3028,FRENCH,,89,83,OFFICIAL_ARCHIVE
3029,FRENCH,,89,83,OFFICIAL_ARCHIVE
3030,FRENCH,,89,83,OFFICIAL_ARCHIVE
3031,FRENCH,,89,83,OFFICIAL_ARCHIVE
3054,FRENCH,,105,90,OFFICIAL_ARCHIVE
3075,MATHEMATICS,,146,106,OFFICIAL_ARCHIVE
3082,FRENCH,,84,81,OFFICIAL_ARCHIVE
