subject,skill_code,skill_name,official_total,validated,compatible_true,runtime_playable,with_correction,years_present,formats_present
EMC,CITOYENNETE_SKILL,Citoyenneté,0,0,0,0,0,0,0
EMC,JUSTICE_SKILL,Justice,0,0,0,0,0,0,0
EMC,LAICITE_SKILL,Laïcité,0,0,0,0,0,0,0
EMC,LIBERTES_ET_DROITS_SKILL,Libertés et droits,0,0,0,0,0,0,0
EMC,MEDIAS_ET_ESPRIT_CRITIQUE_SKILL,Médias et esprit critique,0,0,0,0,0,0,0
EMC,VALEURS_DE_LA_REPUBLIQUE_SKILL,Valeurs de la République,0,0,0,0,0,0,0
FRENCH,ACCORDS_SKILL,Accords,53,53,53,53,53,6,2
FRENCH,CLASSES_GRAMMATICALES_SKILL,Classes grammaticales,8,8,8,8,8,2,2
FRENCH,COMPREHENSION_SKILL,Compréhension,130,130,130,130,130,4,5
FRENCH,CONJUGAISON_SKILL,Conjugaison,0,0,0,0,0,0,0
FRENCH,EXPRESSION_ECRITE_SKILL,Expression écrite,150,150,150,150,150,5,3
FRENCH,FIGURES_DE_STYLE_SKILL,Figures de style,0,0,0,0,0,0,0
FRENCH,FONCTIONS_GRAMMATICALES_SKILL,Fonctions grammaticales,37,37,37,37,37,4,4
FRENCH,HOMOPHONES_GRAMMATICAUX_SKILL,Homophones grammaticaux,0,0,0,0,0,0,0
FRENCH,ORTHOGRAPHE_SKILL,Orthographe,1,1,1,1,1,1,1
FRENCH,PHRASES_COMPLEXES_SKILL,Phrases complexes,0,0,0,0,0,0,0
FRENCH,VOCABULAIRE_SKILL,Vocabulaire,59,59,59,59,59,4,8
GEOGRAPHY,DEVELOPPEMENT_DURABLE_SKILL,Développement durable,0,0,0,0,0,0,0
GEOGRAPHY,ESPACES_PRODUCTIFS_SKILL,Espaces productifs,0,0,0,0,0,0,0
GEOGRAPHY,FRANCE_ET_TERRITOIRES_SKILL,France et territoires,0,0,0,0,0,0,0
GEOGRAPHY,INEGALITES_MONDIALES_SKILL,Inégalités mondiales,0,0,0,0,0,0,0
GEOGRAPHY,MOBILITES_HUMAINES_SKILL,Mobilités humaines,0,0,0,0,0,0,0
GEOGRAPHY,MONDIALISATION_SKILL,Mondialisation,0,0,0,0,0,0,0
GEOGRAPHY,RISQUES_NATURELS_SKILL,Risques naturels,0,0,0,0,0,0,0
GEOGRAPHY,UNION_EUROPEENNE_SKILL,Union européenne,0,0,0,0,0,0,0
GEOGRAPHY,URBANISATION_SKILL,Urbanisation,0,0,0,0,0,0,0
HISTORY,COLONISATION_SKILL,Colonisation,0,0,0,0,0,0,0
HISTORY,CONSTRUCTION_EUROPEENNE_SKILL,Construction européenne,37,37,37,37,37,3,4
HISTORY,EMPIRE_NAPOLEONIEN_SKILL,Empire napoléonien,0,0,0,0,0,0,0
HISTORY,GUERRE_FROIDE_SKILL,Guerre froide,36,36,36,36,36,5,5
HISTORY,INDUSTRIALISATION_SKILL,Industrialisation,0,0,0,0,0,0,0
HISTORY,PREMIERE_GUERRE_MONDIALE_SKILL,Première Guerre mondiale,19,19,19,19,19,4,4
HISTORY,REVOLUTION_FRANCAISE_SKILL,Révolution française,138,138,138,138,138,5,4
HISTORY,SECONDE_GUERRE_MONDIALE_SKILL,Seconde Guerre mondiale,7,7,7,7,7,3,3
HISTORY,SOCIETE_AU_XIXE_SIECLE_SKILL,Société au XIXe siècle,10,10,10,10,10,2,1
HISTORY,TOTALITARISMES_SKILL,Totalitarismes,0,0,0,0,0,0,0
MATHEMATICS,AIRES_ET_VOLUMES_SKILL,Aires et volumes,109,109,109,109,109,7,5
MATHEMATICS,ALGORITHMIQUE_SKILL,Algorithmique,4,4,4,4,4,3,1
MATHEMATICS,CALCUL_LITTERAL_SKILL,Calcul littéral,39,39,39,39,39,6,8
MATHEMATICS,CONVERSIONS_SKILL,Conversions,0,0,0,0,0,0,0
MATHEMATICS,EQUATIONS_SKILL,Équations,4,4,4,4,4,3,4
MATHEMATICS,FONCTIONS_SKILL,Fonctions,39,39,39,39,39,5,3
MATHEMATICS,FRACTIONS_SKILL,Fractions,0,0,0,0,0,0,0
MATHEMATICS,NOMBRES_RELATIFS_SKILL,Nombres relatifs,167,167,167,167,167,7,5
MATHEMATICS,POURCENTAGES_SKILL,Pourcentages,1,1,1,1,1,1,1
MATHEMATICS,PROBABILITES_SKILL,Probabilités,20,20,20,20,20,5,2
MATHEMATICS,PROPORTIONNALITE_SKILL,Proportionnalité,4,4,4,4,4,2,2
MATHEMATICS,PUISSANCES_SKILL,Puissances,0,0,0,0,0,0,0
MATHEMATICS,PYTHAGORE_SKILL,Pythagore,0,0,0,0,0,0,0
MATHEMATICS,STATISTIQUES_SKILL,Statistiques,0,0,0,0,0,0,0
MATHEMATICS,THALES_SKILL,Thalès,0,0,0,0,0,0,0
ORAL,ORAL_DEFENSE,Soutenance orale,0,0,0,0,0,0,0
PHYSICS_CHEMISTRY,ACIDES_ET_BASES_SKILL,Acides et bases,0,0,0,0,0,0,0
PHYSICS_CHEMISTRY,ATOMES_ET_MOLECULES_SKILL,Atomes et molécules,1,1,1,1,1,1,1
PHYSICS_CHEMISTRY,ELECTRICITE_SKILL,Électricité,1,1,1,1,1,1,1
PHYSICS_CHEMISTRY,ENERGIE_SKILL,Énergie,10,10,10,10,10,5,5
PHYSICS_CHEMISTRY,FORCES_SKILL,Forces,0,0,0,0,0,0,0
PHYSICS_CHEMISTRY,LUMIERE_SKILL,Lumière,0,0,0,0,0,0,0
PHYSICS_CHEMISTRY,MASSE_VOLUMIQUE_SKILL,Masse volumique,3,3,3,3,3,2,3
PHYSICS_CHEMISTRY,MOUVEMENT_ET_VITESSE_SKILL,Mouvement et vitesse,4,4,4,4,4,2,3
PHYSICS_CHEMISTRY,REACTIONS_CHIMIQUES_SKILL,Réactions chimiques,0,0,0,0,0,0,0
PHYSICS_CHEMISTRY,SON_SKILL,Son,4,4,4,4,4,4,3
SVT,ADN_ET_GENETIQUE_SKILL,ADN et génétique,0,0,0,0,0,0,0
SVT,CELLULE_SKILL,Cellule,0,0,0,0,0,0,0
SVT,CLIMAT_SKILL,Climat,0,0,0,0,0,0,0
SVT,ECOSYSTEMES_SKILL,Écosystèmes,0,0,0,0,0,0,0
SVT,EVOLUTION_SKILL,Évolution,0,0,0,0,0,0,0
SVT,GEOLOGIE_SKILL,Géologie,0,0,0,0,0,0,0
SVT,IMMUNITE_SKILL,Immunité,0,0,0,0,0,0,0
SVT,NUTRITION_ET_DIGESTION_SKILL,Nutrition et digestion,0,0,0,0,0,0,0
SVT,REPRODUCTION_SKILL,Reproduction,0,0,0,0,0,0,0
SVT,RESPIRATION_ET_CIRCULATION_SKILL,Respiration et circulation,0,0,0,0,0,0,0
TECHNOLOGY,CHAINE_D_ENERGIE_SKILL,Chaîne d'énergie,0,0,0,0,0,0,0
TECHNOLOGY,CHAINE_D_INFORMATION_SKILL,Chaîne d'information,0,0,0,0,0,0,0
TECHNOLOGY,DEVELOPPEMENT_DURABLE_SKILL,Développement durable,0,0,0,0,0,0,0
TECHNOLOGY,OBJETS_TECHNIQUES_SKILL,Objets techniques,0,0,0,0,0,0,0
TECHNOLOGY,PROGRAMMATION_SKILL,Programmation,0,0,0,0,0,0,0
TECHNOLOGY,RESEAUX_SKILL,Réseaux,0,0,0,0,0,0,0
