question_id,validation_from,validation_to,compat_from,compat_to,decision,reconciliation
1979,REJECTED,REJECTED,FALSE,FALSE,Placeholder non pédagogique,AGREE
1980,REJECTED,REJECTED,FALSE,FALSE,Placeholder non pédagogique,AGREE
1981,REJECTED,REJECTED,FALSE,FALSE,Placeholder non pédagogique,AGREE
1988,REVIEW,VALIDATED,REVIEW,TRUE,IN_PROGRAM_2027,AGREE
1989,REVIEW,VALIDATED,REVIEW,TRUE,IN_PROGRAM_2027,AGREE
1990,REVIEW,VALIDATED,REVIEW,TRUE,IN_PROGRAM_2027,AGREE
1991,REVIEW,VALIDATED,REVIEW,TRUE,IN_PROGRAM_2027,AGREE
1992,REVIEW,VALIDATED,REVIEW,TRUE,IN_PROGRAM_2027,AGREE
1993,REVIEW,VALIDATED,REVIEW,TRUE,IN_PROGRAM_2027,AGREE
1994,REVIEW,VALIDATED,REVIEW,TRUE,IN_PROGRAM_2027,AGREE
1995,REVIEW,VALIDATED,REVIEW,TRUE,IN_PROGRAM_2027,AGREE
1996,REVIEW,VALIDATED,REVIEW,TRUE,IN_PROGRAM_2027,AGREE
1997,REVIEW,VALIDATED,REVIEW,TRUE,IN_PROGRAM_2027,AGREE
1998,REVIEW,VALIDATED,REVIEW,TRUE,IN_PROGRAM_2027,AGREE
1999,REVIEW,VALIDATED,REVIEW,TRUE,IN_PROGRAM_2027,AGREE
2000,REVIEW,VALIDATED,REVIEW,TRUE,IN_PROGRAM_2027,AGREE
2001,REVIEW,VALIDATED,REVIEW,TRUE,IN_PROGRAM_2027,AGREE
2002,REVIEW,VALIDATED,REVIEW,TRUE,IN_PROGRAM_2027,AGREE
2003,REVIEW,VALIDATED,REVIEW,TRUE,IN_PROGRAM_2027,AGREE
2004,REVIEW,VALIDATED,REVIEW,TRUE,IN_PROGRAM_2027,AGREE
2005,REVIEW,VALIDATED,REVIEW,TRUE,IN_PROGRAM_2027,AGREE
2006,REVIEW,VALIDATED,REVIEW,TRUE,IN_PROGRAM_2027,AGREE
2007,REVIEW,VALIDATED,REVIEW,TRUE,IN_PROGRAM_2027,AGREE
2008,REVIEW,VALIDATED,REVIEW,TRUE,IN_PROGRAM_2027,AGREE
2009,REVIEW,VALIDATED,REVIEW,TRUE,IN_PROGRAM_2027,AGREE
2010,REVIEW,VALIDATED,REVIEW,TRUE,IN_PROGRAM_2027,AGREE
2011,REVIEW,VALIDATED,REVIEW,TRUE,IN_PROGRAM_2027,AGREE
2012,REVIEW,VALIDATED,REVIEW,TRUE,IN_PROGRAM_2027,AGREE
2013,REVIEW,VALIDATED,REVIEW,TRUE,IN_PROGRAM_2027,AGREE
2014,REVIEW,VALIDATED,REVIEW,TRUE,IN_PROGRAM_2027,AGREE
2015,REVIEW,VALIDATED,REVIEW,TRUE,IN_PROGRAM_2027,AGREE
2016,REVIEW,VALIDATED,REVIEW,TRUE,IN_PROGRAM_2027,AGREE
2017,REVIEW,VALIDATED,REVIEW,TRUE,IN_PROGRAM_2027,AGREE
2018,REVIEW,VALIDATED,REVIEW,TRUE,IN_PROGRAM_2027,AGREE
2019,REVIEW,VALIDATED,REVIEW,TRUE,IN_PROGRAM_2027,AGREE
2020,REVIEW,VALIDATED,REVIEW,TRUE,IN_PROGRAM_2027,AGREE
2021,REVIEW,VALIDATED,REVIEW,TRUE,IN_PROGRAM_2027,AGREE
2022,REVIEW,VALIDATED,REVIEW,TRUE,IN_PROGRAM_2027,AGREE
2023,REVIEW,VALIDATED,REVIEW,TRUE,IN_PROGRAM_2027,AGREE
2024,REVIEW,VALIDATED,REVIEW,TRUE,IN_PROGRAM_2027,AGREE
2025,REVIEW,VALIDATED,REVIEW,TRUE,IN_PROGRAM_2027,AGREE
2026,REVIEW,VALIDATED,REVIEW,TRUE,IN_PROGRAM_2027,AGREE
2027,REVIEW,VALIDATED,REVIEW,TRUE,IN_PROGRAM_2027,AGREE
2028,REVIEW,VALIDATED,REVIEW,TRUE,IN_PROGRAM_2027,AGREE
2029,REVIEW,VALIDATED,REVIEW,TRUE,IN_PROGRAM_2027,AGREE
2030,REVIEW,VALIDATED,REVIEW,TRUE,IN_PROGRAM_2027,AGREE
2031,REVIEW,VALIDATED,REVIEW,TRUE,IN_PROGRAM_2027,AGREE
2032,REVIEW,VALIDATED,REVIEW,TRUE,IN_PROGRAM_2027,AGREE
2033,REVIEW,VALIDATED,REVIEW,TRUE,IN_PROGRAM_2027,AGREE
2034,REVIEW,VALIDATED,REVIEW,TRUE,IN_PROGRAM_2027,AGREE
2035,REVIEW,VALIDATED,REVIEW,TRUE,IN_PROGRAM_2027,AGREE
2036,REVIEW,VALIDATED,REVIEW,TRUE,IN_PROGRAM_2027,AGREE
2037,REVIEW,VALIDATED,REVIEW,TRUE,IN_PROGRAM_2027,AGREE
2038,REVIEW,VALIDATED,REVIEW,TRUE,IN_PROGRAM_2027,AGREE
2039,REVIEW,VALIDATED,REVIEW,TRUE,IN_PROGRAM_2027,AGREE
2040,REVIEW,VALIDATED,REVIEW,TRUE,IN_PROGRAM_2027,AGREE
2041,REVIEW,VALIDATED,REVIEW,TRUE,IN_PROGRAM_2027,AGREE
2042,REVIEW,VALIDATED,REVIEW,TRUE,IN_PROGRAM_2027,AGREE
2043,REVIEW,VALIDATED,REVIEW,TRUE,IN_PROGRAM_2027,AGREE
2044,REVIEW,VALIDATED,REVIEW,TRUE,IN_PROGRAM_2027,AGREE
2045,REVIEW,VALIDATED,REVIEW,TRUE,IN_PROGRAM_2027,AGREE
2046,REVIEW,VALIDATED,REVIEW,TRUE,IN_PROGRAM_2027,AGREE
2047,REVIEW,VALIDATED,REVIEW,TRUE,IN_PROGRAM_2027,AGREE
2048,REVIEW,VALIDATED,REVIEW,TRUE,IN_PROGRAM_2027,AGREE
2049,REVIEW,VALIDATED,REVIEW,TRUE,IN_PROGRAM_2027,AGREE
2050,REVIEW,VALIDATED,REVIEW,TRUE,IN_PROGRAM_2027,AGREE
2051,REVIEW,VALIDATED,REVIEW,TRUE,IN_PROGRAM_2027,AGREE
2052,REVIEW,VALIDATED,REVIEW,TRUE,IN_PROGRAM_2027,AGREE
2053,REVIEW,VALIDATED,REVIEW,TRUE,IN_PROGRAM_2027,AGREE
2054,REVIEW,VALIDATED,REVIEW,TRUE,IN_PROGRAM_2027,AGREE
2055,REVIEW,VALIDATED,REVIEW,TRUE,IN_PROGRAM_2027,AGREE
2056,REVIEW,VALIDATED,REVIEW,TRUE,IN_PROGRAM_2027,AGREE
2057,REVIEW,VALIDATED,REVIEW,TRUE,IN_PROGRAM_2027,AGREE
2058,REVIEW,VALIDATED,REVIEW,TRUE,IN_PROGRAM_2027,AGREE
2059,REVIEW,VALIDATED,REVIEW,TRUE,IN_PROGRAM_2027,AGREE
2060,REVIEW,VALIDATED,REVIEW,TRUE,IN_PROGRAM_2027,AGREE
2061,REVIEW,VALIDATED,REVIEW,TRUE,IN_PROGRAM_2027,AGREE
2062,REVIEW,VALIDATED,REVIEW,TRUE,IN_PROGRAM_2027,AGREE
2063,REVIEW,VALIDATED,REVIEW,TRUE,IN_PROGRAM_2027,AGREE
2064,REVIEW,VALIDATED,REVIEW,TRUE,IN_PROGRAM_2027,AGREE
2065,REVIEW,VALIDATED,REVIEW,TRUE,IN_PROGRAM_2027,AGREE
2066,REVIEW,VALIDATED,REVIEW,TRUE,IN_PROGRAM_2027,AGREE
2067,REVIEW,VALIDATED,REVIEW,TRUE,IN_PROGRAM_2027,AGREE
2068,REVIEW,VALIDATED,REVIEW,TRUE,IN_PROGRAM_2027,AGREE
2069,REVIEW,VALIDATED,REVIEW,TRUE,IN_PROGRAM_2027,AGREE
2070,REVIEW,VALIDATED,REVIEW,TRUE,IN_PROGRAM_2027,AGREE
2071,REVIEW,VALIDATED,REVIEW,TRUE,IN_PROGRAM_2027,AGREE
2072,REVIEW,VALIDATED,REVIEW,TRUE,IN_PROGRAM_2027,AGREE
2073,REVIEW,VALIDATED,REVIEW,TRUE,IN_PROGRAM_2027,AGREE
2074,REVIEW,VALIDATED,REVIEW,TRUE,IN_PROGRAM_2027,AGREE
2075,REVIEW,VALIDATED,REVIEW,TRUE,IN_PROGRAM_2027,AGREE
2076,REVIEW,VALIDATED,REVIEW,TRUE,IN_PROGRAM_2027,AGREE
2077,REVIEW,VALIDATED,REVIEW,TRUE,IN_PROGRAM_2027,AGREE
2078,REVIEW,VALIDATED,REVIEW,TRUE,IN_PROGRAM_2027,AGREE
2079,REVIEW,VALIDATED,REVIEW,TRUE,IN_PROGRAM_2027,AGREE
2080,REVIEW,VALIDATED,REVIEW,TRUE,IN_PROGRAM_2027,AGREE
2081,REVIEW,VALIDATED,REVIEW,TRUE,IN_PROGRAM_2027,AGREE
2082,REVIEW,VALIDATED,REVIEW,TRUE,IN_PROGRAM_2027,AGREE
2083,REVIEW,VALIDATED,REVIEW,TRUE,IN_PROGRAM_2027,AGREE
2084,REVIEW,VALIDATED,REVIEW,TRUE,IN_PROGRAM_2027,AGREE
2085,REVIEW,VALIDATED,REVIEW,TRUE,IN_PROGRAM_2027,AGREE
2086,REVIEW,VALIDATED,REVIEW,TRUE,IN_PROGRAM_2027,AGREE
2087,REVIEW,VALIDATED,REVIEW,TRUE,IN_PROGRAM_2027,AGREE
2088,REVIEW,VALIDATED,REVIEW,TRUE,IN_PROGRAM_2027,AGREE
2089,REVIEW,VALIDATED,REVIEW,TRUE,IN_PROGRAM_2027,AGREE
2090,REVIEW,VALIDATED,REVIEW,TRUE,IN_PROGRAM_2027,AGREE
2091,REVIEW,VALIDATED,REVIEW,TRUE,IN_PROGRAM_2027,AGREE
2092,REVIEW,VALIDATED,REVIEW,TRUE,IN_PROGRAM_2027,AGREE
2093,REVIEW,VALIDATED,REVIEW,TRUE,IN_PROGRAM_2027,AGREE
2094,REVIEW,VALIDATED,REVIEW,TRUE,IN_PROGRAM_2027,AGREE
2095,REVIEW,VALIDATED,REVIEW,TRUE,IN_PROGRAM_2027,AGREE
2096,REVIEW,VALIDATED,REVIEW,TRUE,IN_PROGRAM_2027,AGREE
2097,REVIEW,VALIDATED,REVIEW,TRUE,IN_PROGRAM_2027,AGREE
2098,REVIEW,VALIDATED,REVIEW,TRUE,IN_PROGRAM_2027,AGREE
2099,REVIEW,VALIDATED,REVIEW,TRUE,IN_PROGRAM_2027,AGREE
2100,REVIEW,VALIDATED,REVIEW,TRUE,IN_PROGRAM_2027,AGREE
2101,REVIEW,VALIDATED,REVIEW,TRUE,IN_PROGRAM_2027,AGREE
2102,REVIEW,VALIDATED,REVIEW,TRUE,IN_PROGRAM_2027,AGREE
2103,REVIEW,VALIDATED,REVIEW,TRUE,IN_PROGRAM_2027,AGREE
2104,REVIEW,VALIDATED,REVIEW,TRUE,IN_PROGRAM_2027,AGREE
2105,REVIEW,VALIDATED,REVIEW,TRUE,IN_PROGRAM_2027,AGREE
2106,REVIEW,VALIDATED,REVIEW,TRUE,IN_PROGRAM_2027,AGREE
2107,REVIEW,VALIDATED,REVIEW,TRUE,IN_PROGRAM_2027,AGREE
2108,REVIEW,VALIDATED,REVIEW,TRUE,IN_PROGRAM_2027,AGREE
2109,REVIEW,VALIDATED,REVIEW,TRUE,IN_PROGRAM_2027,AGREE
2110,REVIEW,VALIDATED,REVIEW,TRUE,IN_PROGRAM_2027,AGREE
2111,REVIEW,VALIDATED,REVIEW,TRUE,IN_PROGRAM_2027,AGREE
2112,REVIEW,VALIDATED,REVIEW,TRUE,IN_PROGRAM_2027,AGREE
2113,REVIEW,VALIDATED,REVIEW,TRUE,IN_PROGRAM_2027,AGREE
2114,REVIEW,VALIDATED,REVIEW,TRUE,IN_PROGRAM_2027,AGREE
2115,REVIEW,VALIDATED,REVIEW,TRUE,IN_PROGRAM_2027,AGREE
2116,REVIEW,VALIDATED,REVIEW,TRUE,IN_PROGRAM_2027,AGREE
2117,REVIEW,VALIDATED,REVIEW,TRUE,IN_PROGRAM_2027,AGREE
2118,REVIEW,VALIDATED,REVIEW,TRUE,IN_PROGRAM_2027,AGREE
2119,REVIEW,VALIDATED,REVIEW,TRUE,IN_PROGRAM_2027,AGREE
2120,REVIEW,VALIDATED,REVIEW,TRUE,IN_PROGRAM_2027,AGREE
2121,REVIEW,VALIDATED,REVIEW,TRUE,IN_PROGRAM_2027,AGREE
2122,REVIEW,VALIDATED,REVIEW,TRUE,IN_PROGRAM_2027,AGREE
2123,REVIEW,VALIDATED,REVIEW,TRUE,IN_PROGRAM_2027,AGREE
2124,REVIEW,VALIDATED,REVIEW,TRUE,IN_PROGRAM_2027,AGREE
2125,REVIEW,VALIDATED,REVIEW,TRUE,IN_PROGRAM_2027,AGREE
2126,REVIEW,VALIDATED,REVIEW,TRUE,IN_PROGRAM_2027,AGREE
2127,REVIEW,VALIDATED,REVIEW,TRUE,IN_PROGRAM_2027,AGREE
2128,REVIEW,VALIDATED,REVIEW,TRUE,IN_PROGRAM_2027,AGREE
2129,REVIEW,VALIDATED,REVIEW,TRUE,IN_PROGRAM_2027,AGREE
2130,REVIEW,VALIDATED,REVIEW,TRUE,IN_PROGRAM_2027,AGREE
2131,REVIEW,VALIDATED,REVIEW,TRUE,IN_PROGRAM_2027,AGREE
2132,REVIEW,VALIDATED,REVIEW,TRUE,IN_PROGRAM_2027,AGREE
2133,REVIEW,VALIDATED,REVIEW,TRUE,IN_PROGRAM_2027,AGREE
2134,REVIEW,VALIDATED,REVIEW,TRUE,IN_PROGRAM_2027,AGREE
2135,REVIEW,VALIDATED,REVIEW,TRUE,IN_PROGRAM_2027,AGREE
2136,REVIEW,VALIDATED,REVIEW,TRUE,IN_PROGRAM_2027,AGREE
2137,REVIEW,VALIDATED,REVIEW,TRUE,IN_PROGRAM_2027,AGREE
2138,REVIEW,VALIDATED,REVIEW,TRUE,IN_PROGRAM_2027,AGREE
2139,REVIEW,VALIDATED,REVIEW,TRUE,IN_PROGRAM_2027,AGREE
2140,REVIEW,VALIDATED,REVIEW,TRUE,IN_PROGRAM_2027,AGREE
2141,REVIEW,VALIDATED,REVIEW,TRUE,IN_PROGRAM_2027,AGREE
2142,REVIEW,VALIDATED,REVIEW,TRUE,IN_PROGRAM_2027,AGREE
2143,REVIEW,VALIDATED,REVIEW,TRUE,IN_PROGRAM_2027,AGREE
2144,REVIEW,VALIDATED,REVIEW,TRUE,IN_PROGRAM_2027,AGREE
2145,REVIEW,VALIDATED,REVIEW,TRUE,IN_PROGRAM_2027,AGREE
2146,REVIEW,VALIDATED,REVIEW,TRUE,IN_PROGRAM_2027,AGREE
2147,REVIEW,VALIDATED,REVIEW,TRUE,IN_PROGRAM_2027,AGREE
2148,REVIEW,VALIDATED,REVIEW,TRUE,IN_PROGRAM_2027,AGREE
2149,REVIEW,VALIDATED,REVIEW,TRUE,IN_PROGRAM_2027,AGREE
2150,REVIEW,VALIDATED,REVIEW,TRUE,IN_PROGRAM_2027,AGREE
2151,REVIEW,VALIDATED,REVIEW,TRUE,IN_PROGRAM_2027,AGREE
2152,REVIEW,VALIDATED,REVIEW,TRUE,IN_PROGRAM_2027,AGREE
2153,REVIEW,VALIDATED,REVIEW,TRUE,IN_PROGRAM_2027,AGREE
2154,REVIEW,VALIDATED,FALSE,TRUE,IN_PROGRAM_2027,AGREE
2155,REVIEW,VALIDATED,FALSE,TRUE,IN_PROGRAM_2027,AGREE
2156,REVIEW,VALIDATED,FALSE,TRUE,IN_PROGRAM_2027,AGREE
2157,REVIEW,VALIDATED,FALSE,TRUE,IN_PROGRAM_2027,AGREE
2158,REVIEW,VALIDATED,FALSE,TRUE,IN_PROGRAM_2027,AGREE
2159,REVIEW,VALIDATED,FALSE,TRUE,IN_PROGRAM_2027,AGREE
2160,REVIEW,VALIDATED,FALSE,TRUE,IN_PROGRAM_2027,AGREE
2161,REVIEW,VALIDATED,FALSE,TRUE,IN_PROGRAM_2027,AGREE
2162,REVIEW,VALIDATED,FALSE,TRUE,IN_PROGRAM_2027,AGREE
2163,REVIEW,VALIDATED,FALSE,TRUE,IN_PROGRAM_2027,AGREE
2164,REVIEW,VALIDATED,FALSE,TRUE,IN_PROGRAM_2027,AGREE
2165,REVIEW,VALIDATED,REVIEW,TRUE,IN_PROGRAM_2027,AGREE
2166,REVIEW,VALIDATED,REVIEW,TRUE,IN_PROGRAM_2027,AGREE
2167,REVIEW,VALIDATED,REVIEW,TRUE,IN_PROGRAM_2027,AGREE
2168,REVIEW,VALIDATED,REVIEW,TRUE,IN_PROGRAM_2027,AGREE
2169,REVIEW,VALIDATED,REVIEW,TRUE,IN_PROGRAM_2027,AGREE
2170,REVIEW,VALIDATED,REVIEW,TRUE,IN_PROGRAM_2027,AGREE
2171,REVIEW,VALIDATED,REVIEW,TRUE,IN_PROGRAM_2027,AGREE
2172,REVIEW,VALIDATED,REVIEW,TRUE,IN_PROGRAM_2027,AGREE
2173,REVIEW,VALIDATED,REVIEW,TRUE,IN_PROGRAM_2027,AGREE
2174,REVIEW,VALIDATED,REVIEW,TRUE,IN_PROGRAM_2027,AGREE
2175,REVIEW,VALIDATED,REVIEW,TRUE,IN_PROGRAM_2027,AGREE
2176,REVIEW,VALIDATED,REVIEW,TRUE,IN_PROGRAM_2027,AGREE
2177,REVIEW,VALIDATED,REVIEW,TRUE,IN_PROGRAM_2027,AGREE
2178,REVIEW,VALIDATED,REVIEW,TRUE,IN_PROGRAM_2027,AGREE
2179,REVIEW,VALIDATED,REVIEW,TRUE,IN_PROGRAM_2027,AGREE
2180,REVIEW,VALIDATED,REVIEW,TRUE,IN_PROGRAM_2027,AGREE
2181,REVIEW,VALIDATED,REVIEW,TRUE,IN_PROGRAM_2027,AGREE
2182,REVIEW,VALIDATED,REVIEW,TRUE,IN_PROGRAM_2027,AGREE
2183,REVIEW,VALIDATED,REVIEW,TRUE,IN_PROGRAM_2027,AGREE
2184,REVIEW,VALIDATED,REVIEW,TRUE,IN_PROGRAM_2027,AGREE
2185,REVIEW,VALIDATED,REVIEW,TRUE,IN_PROGRAM_2027,AGREE
2186,REVIEW,VALIDATED,REVIEW,TRUE,IN_PROGRAM_2027,AGREE
2187,REVIEW,VALIDATED,REVIEW,TRUE,IN_PROGRAM_2027,AGREE
2188,REVIEW,VALIDATED,REVIEW,TRUE,IN_PROGRAM_2027,AGREE
2189,REVIEW,VALIDATED,REVIEW,TRUE,IN_PROGRAM_2027,AGREE
2190,REVIEW,VALIDATED,REVIEW,TRUE,IN_PROGRAM_2027,AGREE
2191,REVIEW,VALIDATED,REVIEW,TRUE,IN_PROGRAM_2027,AGREE
2192,REVIEW,VALIDATED,REVIEW,TRUE,IN_PROGRAM_2027,AGREE
2193,REVIEW,VALIDATED,REVIEW,TRUE,IN_PROGRAM_2027,AGREE
2194,REVIEW,VALIDATED,REVIEW,TRUE,IN_PROGRAM_2027,AGREE
2195,REVIEW,VALIDATED,REVIEW,TRUE,IN_PROGRAM_2027,AGREE
2196,REVIEW,VALIDATED,REVIEW,TRUE,IN_PROGRAM_2027,AGREE
2197,REVIEW,VALIDATED,REVIEW,TRUE,IN_PROGRAM_2027,AGREE
2198,REVIEW,VALIDATED,REVIEW,TRUE,IN_PROGRAM_2027,AGREE
2199,REVIEW,VALIDATED,REVIEW,TRUE,IN_PROGRAM_2027,AGREE
2200,REVIEW,VALIDATED,REVIEW,TRUE,IN_PROGRAM_2027,AGREE
2201,REVIEW,VALIDATED,REVIEW,TRUE,IN_PROGRAM_2027,AGREE
2202,REVIEW,VALIDATED,REVIEW,TRUE,IN_PROGRAM_2027,AGREE
2203,REVIEW,VALIDATED,REVIEW,TRUE,IN_PROGRAM_2027,AGREE
2204,REVIEW,VALIDATED,REVIEW,TRUE,IN_PROGRAM_2027,AGREE
2205,REVIEW,VALIDATED,REVIEW,TRUE,IN_PROGRAM_2027,AGREE
2206,REVIEW,VALIDATED,REVIEW,TRUE,IN_PROGRAM_2027,AGREE
2207,REVIEW,VALIDATED,REVIEW,TRUE,IN_PROGRAM_2027,AGREE
2208,REVIEW,VALIDATED,REVIEW,TRUE,IN_PROGRAM_2027,AGREE
2209,REVIEW,VALIDATED,REVIEW,TRUE,IN_PROGRAM_2027,AGREE
2210,REVIEW,VALIDATED,REVIEW,TRUE,IN_PROGRAM_2027,AGREE
2211,REVIEW,VALIDATED,REVIEW,TRUE,IN_PROGRAM_2027,AGREE
2212,REVIEW,VALIDATED,REVIEW,TRUE,IN_PROGRAM_2027,AGREE
2213,REVIEW,VALIDATED,REVIEW,TRUE,IN_PROGRAM_2027,AGREE
2214,REVIEW,VALIDATED,REVIEW,TRUE,IN_PROGRAM_2027,AGREE
2215,REVIEW,VALIDATED,REVIEW,TRUE,IN_PROGRAM_2027,AGREE
2216,REVIEW,VALIDATED,REVIEW,TRUE,IN_PROGRAM_2027,AGREE
2217,REVIEW,VALIDATED,REVIEW,TRUE,IN_PROGRAM_2027,AGREE
2218,REVIEW,VALIDATED,REVIEW,TRUE,IN_PROGRAM_2027,AGREE
2219,REVIEW,VALIDATED,REVIEW,TRUE,IN_PROGRAM_2027,AGREE
2220,REVIEW,VALIDATED,REVIEW,TRUE,IN_PROGRAM_2027,AGREE
2221,REVIEW,VALIDATED,REVIEW,TRUE,IN_PROGRAM_2027,AGREE
2222,REVIEW,VALIDATED,REVIEW,TRUE,IN_PROGRAM_2027,AGREE
2223,REVIEW,VALIDATED,REVIEW,TRUE,IN_PROGRAM_2027,AGREE
2224,REVIEW,VALIDATED,REVIEW,TRUE,IN_PROGRAM_2027,AGREE
2225,REVIEW,VALIDATED,REVIEW,TRUE,IN_PROGRAM_2027,AGREE
2226,REVIEW,VALIDATED,REVIEW,TRUE,IN_PROGRAM_2027,AGREE
2227,REVIEW,VALIDATED,REVIEW,TRUE,IN_PROGRAM_2027,AGREE
2228,REVIEW,VALIDATED,REVIEW,TRUE,IN_PROGRAM_2027,AGREE
2229,REVIEW,VALIDATED,REVIEW,TRUE,IN_PROGRAM_2027,AGREE
2230,REVIEW,VALIDATED,REVIEW,TRUE,IN_PROGRAM_2027,AGREE
2231,REVIEW,VALIDATED,REVIEW,TRUE,IN_PROGRAM_2027,AGREE
2232,REVIEW,VALIDATED,REVIEW,TRUE,IN_PROGRAM_2027,AGREE
2233,REVIEW,VALIDATED,REVIEW,TRUE,IN_PROGRAM_2027,AGREE
2234,REVIEW,VALIDATED,REVIEW,TRUE,IN_PROGRAM_2027,AGREE
2235,REVIEW,VALIDATED,REVIEW,TRUE,IN_PROGRAM_2027,AGREE
2236,REVIEW,VALIDATED,REVIEW,TRUE,IN_PROGRAM_2027,AGREE
2237,REVIEW,VALIDATED,REVIEW,TRUE,IN_PROGRAM_2027,AGREE
2238,REVIEW,VALIDATED,REVIEW,TRUE,IN_PROGRAM_2027,AGREE
2239,REVIEW,VALIDATED,REVIEW,TRUE,IN_PROGRAM_2027,AGREE
2240,REVIEW,VALIDATED,REVIEW,TRUE,IN_PROGRAM_2027,AGREE
2241,REVIEW,VALIDATED,REVIEW,TRUE,IN_PROGRAM_2027,AGREE
2242,REVIEW,VALIDATED,REVIEW,TRUE,IN_PROGRAM_2027,AGREE
2243,REVIEW,VALIDATED,REVIEW,TRUE,IN_PROGRAM_2027,AGREE
2244,REVIEW,VALIDATED,REVIEW,TRUE,IN_PROGRAM_2027,AGREE
2245,REVIEW,VALIDATED,REVIEW,TRUE,IN_PROGRAM_2027,AGREE
2246,REVIEW,VALIDATED,REVIEW,TRUE,IN_PROGRAM_2027,AGREE
2247,REVIEW,VALIDATED,REVIEW,TRUE,IN_PROGRAM_2027,AGREE
2248,REVIEW,VALIDATED,REVIEW,TRUE,IN_PROGRAM_2027,AGREE
2249,REVIEW,VALIDATED,REVIEW,TRUE,IN_PROGRAM_2027,AGREE
2250,REVIEW,VALIDATED,REVIEW,TRUE,IN_PROGRAM_2027,AGREE
2251,REVIEW,VALIDATED,REVIEW,TRUE,IN_PROGRAM_2027,AGREE
2252,REVIEW,VALIDATED,REVIEW,TRUE,IN_PROGRAM_2027,AGREE
2253,REVIEW,VALIDATED,REVIEW,TRUE,IN_PROGRAM_2027,AGREE
2254,REVIEW,VALIDATED,REVIEW,TRUE,IN_PROGRAM_2027,AGREE
2255,REVIEW,VALIDATED,REVIEW,TRUE,IN_PROGRAM_2027,AGREE
2256,REVIEW,VALIDATED,REVIEW,TRUE,IN_PROGRAM_2027,AGREE
2257,REVIEW,VALIDATED,REVIEW,TRUE,IN_PROGRAM_2027,AGREE
2258,REVIEW,VALIDATED,FALSE,TRUE,IN_PROGRAM_2027,AGREE
2259,REVIEW,VALIDATED,FALSE,TRUE,IN_PROGRAM_2027,AGREE
2260,REVIEW,VALIDATED,FALSE,TRUE,IN_PROGRAM_2027,AGREE
2261,REVIEW,VALIDATED,FALSE,TRUE,IN_PROGRAM_2027,AGREE
2262,REVIEW,VALIDATED,FALSE,TRUE,IN_PROGRAM_2027,AGREE
2263,REVIEW,VALIDATED,FALSE,TRUE,IN_PROGRAM_2027,AGREE
2264,REVIEW,VALIDATED,REVIEW,TRUE,IN_PROGRAM_2027,AGREE
2265,REVIEW,VALIDATED,FALSE,TRUE,IN_PROGRAM_2027,AGREE
2266,REVIEW,VALIDATED,FALSE,TRUE,IN_PROGRAM_2027,AGREE
2267,REVIEW,VALIDATED,FALSE,TRUE,IN_PROGRAM_2027,AGREE
2268,REVIEW,VALIDATED,FALSE,TRUE,IN_PROGRAM_2027,AGREE
2269,REVIEW,VALIDATED,FALSE,TRUE,IN_PROGRAM_2027,AGREE
2270,REVIEW,VALIDATED,FALSE,TRUE,IN_PROGRAM_2027,AGREE
2271,REVIEW,VALIDATED,FALSE,TRUE,IN_PROGRAM_2027,AGREE
2272,REVIEW,VALIDATED,FALSE,TRUE,IN_PROGRAM_2027,AGREE
2273,REVIEW,VALIDATED,REVIEW,TRUE,IN_PROGRAM_2027,AGREE
2274,REVIEW,VALIDATED,REVIEW,TRUE,IN_PROGRAM_2027,AGREE
2275,REVIEW,VALIDATED,REVIEW,TRUE,IN_PROGRAM_2027,AGREE
2276,REVIEW,VALIDATED,REVIEW,TRUE,IN_PROGRAM_2027,AGREE
2277,REVIEW,VALIDATED,REVIEW,TRUE,IN_PROGRAM_2027,AGREE
2278,REVIEW,VALIDATED,FALSE,TRUE,IN_PROGRAM_2027,AGREE
2279,REVIEW,VALIDATED,REVIEW,TRUE,IN_PROGRAM_2027,AGREE
2280,REVIEW,VALIDATED,REVIEW,TRUE,IN_PROGRAM_2027,AGREE
2281,REVIEW,VALIDATED,REVIEW,TRUE,IN_PROGRAM_2027,AGREE
2282,REVIEW,VALIDATED,REVIEW,TRUE,IN_PROGRAM_2027,AGREE
2283,REVIEW,VALIDATED,REVIEW,TRUE,IN_PROGRAM_2027,AGREE
2284,REVIEW,VALIDATED,REVIEW,TRUE,IN_PROGRAM_2027,AGREE
2285,REVIEW,VALIDATED,REVIEW,TRUE,IN_PROGRAM_2027,AGREE
2286,REVIEW,VALIDATED,REVIEW,TRUE,IN_PROGRAM_2027,AGREE
2287,REVIEW,VALIDATED,REVIEW,TRUE,IN_PROGRAM_2027,AGREE
2288,REVIEW,VALIDATED,REVIEW,TRUE,IN_PROGRAM_2027,AGREE
2289,REVIEW,VALIDATED,REVIEW,TRUE,IN_PROGRAM_2027,AGREE
2290,REVIEW,VALIDATED,REVIEW,TRUE,IN_PROGRAM_2027,AGREE
2291,REVIEW,VALIDATED,REVIEW,TRUE,IN_PROGRAM_2027,AGREE
2292,REVIEW,VALIDATED,REVIEW,TRUE,IN_PROGRAM_2027,AGREE
2293,REVIEW,VALIDATED,REVIEW,TRUE,IN_PROGRAM_2027,AGREE
2294,REVIEW,VALIDATED,REVIEW,TRUE,IN_PROGRAM_2027,AGREE
2295,REVIEW,VALIDATED,REVIEW,TRUE,IN_PROGRAM_2027,AGREE
2296,REVIEW,VALIDATED,REVIEW,TRUE,IN_PROGRAM_2027,AGREE
2297,REVIEW,VALIDATED,REVIEW,TRUE,IN_PROGRAM_2027,AGREE
2298,REVIEW,VALIDATED,REVIEW,TRUE,IN_PROGRAM_2027,AGREE
2299,REVIEW,VALIDATED,REVIEW,TRUE,IN_PROGRAM_2027,AGREE
2300,REVIEW,VALIDATED,REVIEW,TRUE,IN_PROGRAM_2027,AGREE
2301,REVIEW,VALIDATED,REVIEW,TRUE,IN_PROGRAM_2027,AGREE
2302,REVIEW,VALIDATED,REVIEW,TRUE,IN_PROGRAM_2027,AGREE
2303,REVIEW,VALIDATED,REVIEW,TRUE,IN_PROGRAM_2027,AGREE
2304,REVIEW,VALIDATED,REVIEW,TRUE,IN_PROGRAM_2027,AGREE
2305,REVIEW,VALIDATED,REVIEW,TRUE,IN_PROGRAM_2027,AGREE
2306,REVIEW,VALIDATED,REVIEW,TRUE,IN_PROGRAM_2027,AGREE
2307,REVIEW,VALIDATED,REVIEW,TRUE,IN_PROGRAM_2027,AGREE
2308,REVIEW,VALIDATED,REVIEW,TRUE,IN_PROGRAM_2027,AGREE
2309,REVIEW,VALIDATED,REVIEW,TRUE,IN_PROGRAM_2027,AGREE
2310,REVIEW,VALIDATED,REVIEW,TRUE,IN_PROGRAM_2027,AGREE
2311,REVIEW,VALIDATED,REVIEW,TRUE,IN_PROGRAM_2027,AGREE
2312,REVIEW,VALIDATED,REVIEW,TRUE,IN_PROGRAM_2027,AGREE
2313,REVIEW,VALIDATED,REVIEW,TRUE,IN_PROGRAM_2027,AGREE
2314,REVIEW,VALIDATED,REVIEW,TRUE,IN_PROGRAM_2027,AGREE
2315,REVIEW,VALIDATED,REVIEW,TRUE,IN_PROGRAM_2027,AGREE
2316,REVIEW,VALIDATED,REVIEW,TRUE,IN_PROGRAM_2027,AGREE
2317,REVIEW,VALIDATED,REVIEW,TRUE,IN_PROGRAM_2027,AGREE
2318,REVIEW,VALIDATED,REVIEW,TRUE,IN_PROGRAM_2027,AGREE
2319,REVIEW,VALIDATED,REVIEW,TRUE,IN_PROGRAM_2027,AGREE
2320,REVIEW,VALIDATED,REVIEW,TRUE,IN_PROGRAM_2027,AGREE
2321,REVIEW,VALIDATED,REVIEW,TRUE,IN_PROGRAM_2027,AGREE
2322,REVIEW,VALIDATED,REVIEW,TRUE,IN_PROGRAM_2027,AGREE
2323,REVIEW,VALIDATED,REVIEW,TRUE,IN_PROGRAM_2027,AGREE
2324,REVIEW,VALIDATED,REVIEW,TRUE,IN_PROGRAM_2027,AGREE
2325,REVIEW,VALIDATED,REVIEW,TRUE,IN_PROGRAM_2027,AGREE
2326,REVIEW,VALIDATED,REVIEW,TRUE,IN_PROGRAM_2027,AGREE
2327,REVIEW,VALIDATED,REVIEW,TRUE,IN_PROGRAM_2027,AGREE
2328,REVIEW,VALIDATED,REVIEW,TRUE,IN_PROGRAM_2027,AGREE
2329,REVIEW,VALIDATED,REVIEW,TRUE,IN_PROGRAM_2027,AGREE
2330,REVIEW,VALIDATED,REVIEW,TRUE,IN_PROGRAM_2027,AGREE
2331,REVIEW,VALIDATED,REVIEW,TRUE,IN_PROGRAM_2027,AGREE
2332,REVIEW,VALIDATED,REVIEW,TRUE,IN_PROGRAM_2027,AGREE
2333,REVIEW,VALIDATED,REVIEW,TRUE,IN_PROGRAM_2027,AGREE
2334,REVIEW,VALIDATED,REVIEW,TRUE,IN_PROGRAM_2027,AGREE
2335,REVIEW,VALIDATED,REVIEW,TRUE,IN_PROGRAM_2027,AGREE
2336,REVIEW,VALIDATED,REVIEW,TRUE,IN_PROGRAM_2027,AGREE
2337,REVIEW,VALIDATED,REVIEW,TRUE,IN_PROGRAM_2027,AGREE
2338,REVIEW,VALIDATED,REVIEW,TRUE,IN_PROGRAM_2027,AGREE
2339,REVIEW,VALIDATED,REVIEW,TRUE,IN_PROGRAM_2027,AGREE
2340,REVIEW,VALIDATED,REVIEW,TRUE,IN_PROGRAM_2027,AGREE
2341,REVIEW,VALIDATED,REVIEW,TRUE,IN_PROGRAM_2027,AGREE
2342,REVIEW,VALIDATED,REVIEW,TRUE,IN_PROGRAM_2027,AGREE
2343,REVIEW,VALIDATED,REVIEW,TRUE,IN_PROGRAM_2027,AGREE
2344,REVIEW,VALIDATED,REVIEW,TRUE,IN_PROGRAM_2027,AGREE
2345,REVIEW,VALIDATED,REVIEW,TRUE,IN_PROGRAM_2027,AGREE
2346,REVIEW,VALIDATED,REVIEW,TRUE,IN_PROGRAM_2027,AGREE
2347,REVIEW,VALIDATED,REVIEW,TRUE,IN_PROGRAM_2027,AGREE
2348,REVIEW,VALIDATED,REVIEW,TRUE,IN_PROGRAM_2027,AGREE
2349,REVIEW,VALIDATED,REVIEW,TRUE,IN_PROGRAM_2027,AGREE
2350,REVIEW,VALIDATED,REVIEW,TRUE,IN_PROGRAM_2027,AGREE
2351,REVIEW,VALIDATED,REVIEW,TRUE,IN_PROGRAM_2027,AGREE
2352,REVIEW,VALIDATED,REVIEW,TRUE,IN_PROGRAM_2027,AGREE
2353,REVIEW,VALIDATED,REVIEW,TRUE,IN_PROGRAM_2027,AGREE
2354,REVIEW,VALIDATED,REVIEW,TRUE,IN_PROGRAM_2027,AGREE
2355,REVIEW,VALIDATED,REVIEW,TRUE,IN_PROGRAM_2027,AGREE
2356,REVIEW,VALIDATED,REVIEW,TRUE,IN_PROGRAM_2027,AGREE
2357,REVIEW,VALIDATED,REVIEW,TRUE,IN_PROGRAM_2027,AGREE
2358,REVIEW,VALIDATED,REVIEW,TRUE,IN_PROGRAM_2027,AGREE
2359,REVIEW,VALIDATED,REVIEW,TRUE,IN_PROGRAM_2027,AGREE
2360,REVIEW,VALIDATED,REVIEW,TRUE,IN_PROGRAM_2027,AGREE
2361,REVIEW,VALIDATED,REVIEW,TRUE,IN_PROGRAM_2027,AGREE
2362,REVIEW,VALIDATED,REVIEW,TRUE,IN_PROGRAM_2027,AGREE
2363,REVIEW,VALIDATED,FALSE,TRUE,IN_PROGRAM_2027,AGREE
2364,REVIEW,VALIDATED,FALSE,TRUE,IN_PROGRAM_2027,AGREE
2365,REVIEW,VALIDATED,FALSE,TRUE,IN_PROGRAM_2027,AGREE
2366,REVIEW,VALIDATED,FALSE,TRUE,IN_PROGRAM_2027,AGREE
2367,REVIEW,VALIDATED,REVIEW,TRUE,IN_PROGRAM_2027,AGREE
2368,REVIEW,VALIDATED,REVIEW,TRUE,IN_PROGRAM_2027,AGREE
2369,REVIEW,VALIDATED,REVIEW,TRUE,IN_PROGRAM_2027,AGREE
2370,REVIEW,VALIDATED,REVIEW,TRUE,IN_PROGRAM_2027,AGREE
2371,REVIEW,VALIDATED,REVIEW,TRUE,IN_PROGRAM_2027,AGREE
2372,REVIEW,VALIDATED,REVIEW,TRUE,IN_PROGRAM_2027,AGREE
2373,REVIEW,VALIDATED,REVIEW,TRUE,IN_PROGRAM_2027,AGREE
2374,REVIEW,VALIDATED,REVIEW,TRUE,IN_PROGRAM_2027,AGREE
2375,REVIEW,VALIDATED,FALSE,TRUE,IN_PROGRAM_2027,AGREE
2376,REVIEW,VALIDATED,FALSE,TRUE,IN_PROGRAM_2027,AGREE
2377,REVIEW,VALIDATED,FALSE,TRUE,IN_PROGRAM_2027,AGREE
2378,REVIEW,VALIDATED,FALSE,TRUE,IN_PROGRAM_2027,AGREE
2379,REVIEW,VALIDATED,FALSE,TRUE,IN_PROGRAM_2027,AGREE
2380,REVIEW,VALIDATED,FALSE,TRUE,IN_PROGRAM_2027,AGREE
2381,REVIEW,VALIDATED,FALSE,TRUE,IN_PROGRAM_2027,AGREE
2382,REVIEW,VALIDATED,FALSE,TRUE,IN_PROGRAM_2027,AGREE
2383,REVIEW,VALIDATED,FALSE,TRUE,IN_PROGRAM_2027,AGREE
2384,REVIEW,VALIDATED,FALSE,TRUE,IN_PROGRAM_2027,AGREE
2385,REVIEW,VALIDATED,FALSE,TRUE,IN_PROGRAM_2027,AGREE
2386,REVIEW,VALIDATED,FALSE,TRUE,IN_PROGRAM_2027,AGREE
2387,REVIEW,VALIDATED,FALSE,TRUE,IN_PROGRAM_2027,AGREE
2388,REVIEW,VALIDATED,FALSE,TRUE,IN_PROGRAM_2027,AGREE
2389,REVIEW,VALIDATED,FALSE,TRUE,IN_PROGRAM_2027,AGREE
2390,REVIEW,VALIDATED,FALSE,TRUE,IN_PROGRAM_2027,AGREE
2391,REVIEW,VALIDATED,FALSE,TRUE,IN_PROGRAM_2027,AGREE
2392,REVIEW,VALIDATED,FALSE,TRUE,IN_PROGRAM_2027,AGREE
2393,REVIEW,VALIDATED,FALSE,TRUE,IN_PROGRAM_2027,AGREE
2394,REVIEW,VALIDATED,FALSE,TRUE,IN_PROGRAM_2027,AGREE
2395,REVIEW,VALIDATED,FALSE,TRUE,IN_PROGRAM_2027,AGREE
2396,REVIEW,VALIDATED,REVIEW,TRUE,IN_PROGRAM_2027,AGREE
2397,REVIEW,VALIDATED,REVIEW,TRUE,IN_PROGRAM_2027,AGREE
2398,REVIEW,VALIDATED,REVIEW,TRUE,IN_PROGRAM_2027,AGREE
2399,REVIEW,VALIDATED,REVIEW,TRUE,IN_PROGRAM_2027,AGREE
2400,REVIEW,VALIDATED,REVIEW,TRUE,IN_PROGRAM_2027,AGREE
2401,REVIEW,VALIDATED,REVIEW,TRUE,IN_PROGRAM_2027,AGREE
2402,REVIEW,VALIDATED,REVIEW,TRUE,IN_PROGRAM_2027,AGREE
2403,REVIEW,VALIDATED,REVIEW,TRUE,IN_PROGRAM_2027,AGREE
2404,REVIEW,VALIDATED,REVIEW,TRUE,IN_PROGRAM_2027,AGREE
2405,REVIEW,VALIDATED,REVIEW,TRUE,IN_PROGRAM_2027,AGREE
2406,REVIEW,VALIDATED,REVIEW,TRUE,IN_PROGRAM_2027,AGREE
2407,REVIEW,VALIDATED,REVIEW,TRUE,IN_PROGRAM_2027,AGREE
2408,REVIEW,VALIDATED,REVIEW,TRUE,IN_PROGRAM_2027,AGREE
2409,REVIEW,VALIDATED,REVIEW,TRUE,IN_PROGRAM_2027,AGREE
2410,REVIEW,VALIDATED,REVIEW,TRUE,IN_PROGRAM_2027,AGREE
2411,REVIEW,VALIDATED,REVIEW,TRUE,IN_PROGRAM_2027,AGREE
2412,REVIEW,VALIDATED,REVIEW,TRUE,IN_PROGRAM_2027,AGREE
2413,REVIEW,VALIDATED,REVIEW,TRUE,IN_PROGRAM_2027,AGREE
2414,REVIEW,VALIDATED,REVIEW,TRUE,IN_PROGRAM_2027,AGREE
2415,REVIEW,VALIDATED,REVIEW,TRUE,IN_PROGRAM_2027,AGREE
2416,REVIEW,VALIDATED,REVIEW,TRUE,IN_PROGRAM_2027,AGREE
2417,REVIEW,VALIDATED,REVIEW,TRUE,IN_PROGRAM_2027,AGREE
2418,REVIEW,VALIDATED,FALSE,TRUE,IN_PROGRAM_2027,AGREE
2419,REVIEW,VALIDATED,FALSE,TRUE,IN_PROGRAM_2027,AGREE
2420,REVIEW,VALIDATED,FALSE,TRUE,IN_PROGRAM_2027,AGREE
2421,REVIEW,VALIDATED,FALSE,TRUE,IN_PROGRAM_2027,AGREE
2422,REVIEW,VALIDATED,FALSE,TRUE,IN_PROGRAM_2027,AGREE
2423,REVIEW,VALIDATED,REVIEW,TRUE,IN_PROGRAM_2027,AGREE
2424,REVIEW,VALIDATED,FALSE,TRUE,IN_PROGRAM_2027,AGREE
2425,REVIEW,VALIDATED,FALSE,TRUE,IN_PROGRAM_2027,AGREE
2426,REVIEW,VALIDATED,REVIEW,TRUE,IN_PROGRAM_2027,AGREE
2427,REVIEW,VALIDATED,REVIEW,TRUE,IN_PROGRAM_2027,AGREE
2428,REVIEW,VALIDATED,REVIEW,TRUE,IN_PROGRAM_2027,AGREE
2429,REVIEW,VALIDATED,REVIEW,TRUE,IN_PROGRAM_2027,AGREE
2430,REVIEW,VALIDATED,REVIEW,TRUE,IN_PROGRAM_2027,AGREE
2431,REVIEW,VALIDATED,FALSE,TRUE,IN_PROGRAM_2027,AGREE
2432,REVIEW,VALIDATED,FALSE,TRUE,IN_PROGRAM_2027,AGREE
2433,REVIEW,VALIDATED,FALSE,TRUE,IN_PROGRAM_2027,AGREE
2434,REVIEW,VALIDATED,FALSE,TRUE,IN_PROGRAM_2027,AGREE
2435,REVIEW,VALIDATED,FALSE,TRUE,IN_PROGRAM_2027,AGREE
2436,REVIEW,VALIDATED,FALSE,TRUE,IN_PROGRAM_2027,AGREE
2437,REVIEW,VALIDATED,FALSE,TRUE,IN_PROGRAM_2027,AGREE
2438,REVIEW,VALIDATED,FALSE,TRUE,IN_PROGRAM_2027,AGREE
2439,REVIEW,VALIDATED,FALSE,TRUE,IN_PROGRAM_2027,AGREE
2440,REVIEW,VALIDATED,FALSE,TRUE,IN_PROGRAM_2027,AGREE
2441,REVIEW,VALIDATED,FALSE,TRUE,IN_PROGRAM_2027,AGREE
2442,REVIEW,VALIDATED,REVIEW,TRUE,IN_PROGRAM_2027,AGREE
2443,REVIEW,VALIDATED,FALSE,TRUE,IN_PROGRAM_2027,AGREE
2444,REVIEW,VALIDATED,REVIEW,TRUE,IN_PROGRAM_2027,AGREE
2445,REVIEW,VALIDATED,REVIEW,TRUE,IN_PROGRAM_2027,AGREE
2446,REVIEW,VALIDATED,REVIEW,TRUE,IN_PROGRAM_2027,AGREE
2447,REVIEW,VALIDATED,FALSE,TRUE,IN_PROGRAM_2027,AGREE
2448,REVIEW,VALIDATED,FALSE,TRUE,IN_PROGRAM_2027,AGREE
2449,REVIEW,VALIDATED,FALSE,TRUE,IN_PROGRAM_2027,AGREE
2450,REVIEW,VALIDATED,FALSE,TRUE,IN_PROGRAM_2027,AGREE
2451,REVIEW,VALIDATED,FALSE,TRUE,IN_PROGRAM_2027,AGREE
2452,REVIEW,VALIDATED,REVIEW,TRUE,IN_PROGRAM_2027,AGREE
2453,REVIEW,VALIDATED,REVIEW,TRUE,IN_PROGRAM_2027,AGREE
2454,REVIEW,VALIDATED,REVIEW,TRUE,IN_PROGRAM_2027,AGREE
2455,REVIEW,VALIDATED,REVIEW,TRUE,IN_PROGRAM_2027,AGREE
2456,REVIEW,VALIDATED,REVIEW,TRUE,IN_PROGRAM_2027,AGREE
2457,REVIEW,VALIDATED,REVIEW,TRUE,IN_PROGRAM_2027,AGREE
2458,REVIEW,VALIDATED,REVIEW,TRUE,IN_PROGRAM_2027,AGREE
2459,REVIEW,VALIDATED,REVIEW,TRUE,IN_PROGRAM_2027,AGREE
2460,REVIEW,VALIDATED,REVIEW,TRUE,IN_PROGRAM_2027,AGREE
2461,REVIEW,VALIDATED,REVIEW,TRUE,IN_PROGRAM_2027,AGREE
2462,REVIEW,VALIDATED,REVIEW,TRUE,IN_PROGRAM_2027,AGREE
2463,REVIEW,VALIDATED,REVIEW,TRUE,IN_PROGRAM_2027,AGREE
2464,REVIEW,VALIDATED,REVIEW,TRUE,IN_PROGRAM_2027,AGREE
2465,REVIEW,VALIDATED,REVIEW,TRUE,IN_PROGRAM_2027,AGREE
2466,REVIEW,VALIDATED,REVIEW,TRUE,IN_PROGRAM_2027,AGREE
2467,REVIEW,VALIDATED,REVIEW,TRUE,IN_PROGRAM_2027,AGREE
2468,REVIEW,VALIDATED,REVIEW,TRUE,IN_PROGRAM_2027,AGREE
2469,REVIEW,VALIDATED,REVIEW,TRUE,IN_PROGRAM_2027,AGREE
2470,REVIEW,VALIDATED,REVIEW,TRUE,IN_PROGRAM_2027,AGREE
2471,REVIEW,VALIDATED,REVIEW,TRUE,IN_PROGRAM_2027,AGREE
2472,REVIEW,VALIDATED,REVIEW,TRUE,IN_PROGRAM_2027,AGREE
2473,REVIEW,VALIDATED,REVIEW,TRUE,IN_PROGRAM_2027,AGREE
2474,REVIEW,VALIDATED,REVIEW,TRUE,IN_PROGRAM_2027,AGREE
2475,REVIEW,VALIDATED,REVIEW,TRUE,IN_PROGRAM_2027,AGREE
2476,REVIEW,VALIDATED,REVIEW,TRUE,IN_PROGRAM_2027,AGREE
2477,REVIEW,VALIDATED,REVIEW,TRUE,IN_PROGRAM_2027,AGREE
2478,REVIEW,VALIDATED,REVIEW,TRUE,IN_PROGRAM_2027,AGREE
2479,REVIEW,VALIDATED,REVIEW,TRUE,IN_PROGRAM_2027,AGREE
2480,REVIEW,VALIDATED,REVIEW,TRUE,IN_PROGRAM_2027,AGREE
2481,REVIEW,VALIDATED,REVIEW,TRUE,IN_PROGRAM_2027,AGREE
2482,REVIEW,VALIDATED,REVIEW,TRUE,IN_PROGRAM_2027,AGREE
2483,REVIEW,VALIDATED,FALSE,TRUE,IN_PROGRAM_2027,AGREE
2484,REVIEW,VALIDATED,FALSE,TRUE,IN_PROGRAM_2027,AGREE
2485,REVIEW,VALIDATED,FALSE,TRUE,IN_PROGRAM_2027,AGREE
2486,REVIEW,VALIDATED,FALSE,TRUE,IN_PROGRAM_2027,AGREE
2487,REVIEW,VALIDATED,FALSE,TRUE,IN_PROGRAM_2027,AGREE
2488,REVIEW,VALIDATED,FALSE,TRUE,IN_PROGRAM_2027,AGREE
2489,REVIEW,VALIDATED,FALSE,TRUE,IN_PROGRAM_2027,AGREE
2490,REVIEW,VALIDATED,FALSE,TRUE,IN_PROGRAM_2027,AGREE
2491,REVIEW,VALIDATED,FALSE,TRUE,IN_PROGRAM_2027,AGREE
2492,REVIEW,VALIDATED,FALSE,TRUE,IN_PROGRAM_2027,AGREE
2493,REVIEW,VALIDATED,FALSE,TRUE,IN_PROGRAM_2027,AGREE
2494,REVIEW,VALIDATED,FALSE,TRUE,IN_PROGRAM_2027,AGREE
2495,REVIEW,VALIDATED,FALSE,TRUE,IN_PROGRAM_2027,AGREE
2496,REVIEW,VALIDATED,FALSE,TRUE,IN_PROGRAM_2027,AGREE
2497,REVIEW,VALIDATED,FALSE,TRUE,IN_PROGRAM_2027,AGREE
2498,REVIEW,VALIDATED,FALSE,TRUE,IN_PROGRAM_2027,AGREE
2499,REVIEW,VALIDATED,FALSE,TRUE,IN_PROGRAM_2027,AGREE
2500,REVIEW,VALIDATED,FALSE,TRUE,IN_PROGRAM_2027,AGREE
2501,REVIEW,VALIDATED,REVIEW,TRUE,IN_PROGRAM_2027,AGREE
2502,REVIEW,VALIDATED,REVIEW,TRUE,IN_PROGRAM_2027,AGREE
2503,REVIEW,VALIDATED,REVIEW,TRUE,IN_PROGRAM_2027,AGREE
2504,REVIEW,VALIDATED,REVIEW,TRUE,IN_PROGRAM_2027,AGREE
2505,REVIEW,VALIDATED,REVIEW,TRUE,IN_PROGRAM_2027,AGREE
2506,REVIEW,VALIDATED,REVIEW,TRUE,IN_PROGRAM_2027,AGREE
2507,REVIEW,VALIDATED,REVIEW,TRUE,IN_PROGRAM_2027,AGREE
2508,REVIEW,VALIDATED,REVIEW,TRUE,IN_PROGRAM_2027,AGREE
2509,REVIEW,VALIDATED,REVIEW,TRUE,IN_PROGRAM_2027,AGREE
2510,REVIEW,VALIDATED,REVIEW,TRUE,IN_PROGRAM_2027,AGREE
2511,REVIEW,VALIDATED,REVIEW,TRUE,IN_PROGRAM_2027,AGREE
2512,REVIEW,VALIDATED,REVIEW,TRUE,IN_PROGRAM_2027,AGREE
2513,REVIEW,VALIDATED,REVIEW,TRUE,IN_PROGRAM_2027,AGREE
2514,REVIEW,VALIDATED,REVIEW,TRUE,IN_PROGRAM_2027,AGREE
2515,REVIEW,VALIDATED,REVIEW,TRUE,IN_PROGRAM_2027,AGREE
2516,REVIEW,VALIDATED,REVIEW,TRUE,IN_PROGRAM_2027,AGREE
2517,REVIEW,VALIDATED,REVIEW,TRUE,IN_PROGRAM_2027,AGREE
2518,REVIEW,VALIDATED,REVIEW,TRUE,IN_PROGRAM_2027,AGREE
2519,REVIEW,VALIDATED,REVIEW,TRUE,IN_PROGRAM_2027,AGREE
2520,REVIEW,VALIDATED,REVIEW,TRUE,IN_PROGRAM_2027,AGREE
2521,REVIEW,VALIDATED,REVIEW,TRUE,IN_PROGRAM_2027,AGREE
2522,REVIEW,VALIDATED,REVIEW,TRUE,IN_PROGRAM_2027,AGREE
2523,REVIEW,VALIDATED,REVIEW,TRUE,IN_PROGRAM_2027,AGREE
2524,REVIEW,VALIDATED,REVIEW,TRUE,IN_PROGRAM_2027,AGREE
2525,REVIEW,VALIDATED,REVIEW,TRUE,IN_PROGRAM_2027,AGREE
2526,REVIEW,VALIDATED,REVIEW,TRUE,IN_PROGRAM_2027,AGREE
2527,REVIEW,VALIDATED,REVIEW,TRUE,IN_PROGRAM_2027,AGREE
2528,REVIEW,VALIDATED,REVIEW,TRUE,IN_PROGRAM_2027,AGREE
2529,REVIEW,VALIDATED,REVIEW,TRUE,IN_PROGRAM_2027,AGREE
2530,REVIEW,VALIDATED,REVIEW,TRUE,IN_PROGRAM_2027,AGREE
2531,REVIEW,VALIDATED,REVIEW,TRUE,IN_PROGRAM_2027,AGREE
2532,REVIEW,VALIDATED,REVIEW,TRUE,IN_PROGRAM_2027,AGREE
2533,REVIEW,VALIDATED,REVIEW,TRUE,IN_PROGRAM_2027,AGREE
2534,REVIEW,VALIDATED,REVIEW,TRUE,IN_PROGRAM_2027,AGREE
2535,REVIEW,VALIDATED,REVIEW,TRUE,IN_PROGRAM_2027,AGREE
2536,REVIEW,VALIDATED,REVIEW,TRUE,IN_PROGRAM_2027,AGREE
2537,REVIEW,VALIDATED,REVIEW,TRUE,IN_PROGRAM_2027,AGREE
2538,REVIEW,VALIDATED,REVIEW,TRUE,IN_PROGRAM_2027,AGREE
2539,REVIEW,VALIDATED,REVIEW,TRUE,IN_PROGRAM_2027,AGREE
2540,REVIEW,VALIDATED,REVIEW,TRUE,IN_PROGRAM_2027,AGREE
2541,REVIEW,VALIDATED,REVIEW,TRUE,IN_PROGRAM_2027,AGREE
2542,REVIEW,VALIDATED,REVIEW,TRUE,IN_PROGRAM_2027,AGREE
2543,REVIEW,VALIDATED,REVIEW,TRUE,IN_PROGRAM_2027,AGREE
2544,REVIEW,VALIDATED,REVIEW,TRUE,IN_PROGRAM_2027,AGREE
2545,REVIEW,VALIDATED,REVIEW,TRUE,IN_PROGRAM_2027,AGREE
2546,REVIEW,VALIDATED,REVIEW,TRUE,IN_PROGRAM_2027,AGREE
2547,REVIEW,VALIDATED,REVIEW,TRUE,IN_PROGRAM_2027,AGREE
2548,REVIEW,VALIDATED,REVIEW,TRUE,IN_PROGRAM_2027,AGREE
2549,REVIEW,VALIDATED,REVIEW,TRUE,IN_PROGRAM_2027,AGREE
2550,REVIEW,VALIDATED,REVIEW,TRUE,IN_PROGRAM_2027,AGREE
2551,REVIEW,VALIDATED,REVIEW,TRUE,IN_PROGRAM_2027,AGREE
2552,REVIEW,VALIDATED,REVIEW,TRUE,IN_PROGRAM_2027,AGREE
2553,REVIEW,VALIDATED,REVIEW,TRUE,IN_PROGRAM_2027,AGREE
2554,REVIEW,VALIDATED,REVIEW,TRUE,IN_PROGRAM_2027,AGREE
2555,REVIEW,VALIDATED,REVIEW,TRUE,IN_PROGRAM_2027,AGREE
2556,REVIEW,VALIDATED,REVIEW,TRUE,IN_PROGRAM_2027,AGREE
2557,REVIEW,VALIDATED,REVIEW,TRUE,IN_PROGRAM_2027,AGREE
2558,REVIEW,VALIDATED,REVIEW,TRUE,IN_PROGRAM_2027,AGREE
2559,REVIEW,VALIDATED,REVIEW,TRUE,IN_PROGRAM_2027,AGREE
2560,REVIEW,VALIDATED,REVIEW,TRUE,IN_PROGRAM_2027,AGREE
2561,REVIEW,VALIDATED,REVIEW,TRUE,IN_PROGRAM_2027,AGREE
2562,REVIEW,VALIDATED,REVIEW,TRUE,IN_PROGRAM_2027,AGREE
2563,REVIEW,VALIDATED,REVIEW,TRUE,IN_PROGRAM_2027,AGREE
2564,REVIEW,VALIDATED,REVIEW,TRUE,IN_PROGRAM_2027,AGREE
2565,REVIEW,VALIDATED,REVIEW,TRUE,IN_PROGRAM_2027,AGREE
2566,REVIEW,VALIDATED,REVIEW,TRUE,IN_PROGRAM_2027,AGREE
2567,REVIEW,VALIDATED,REVIEW,TRUE,IN_PROGRAM_2027,AGREE
2568,REVIEW,VALIDATED,REVIEW,TRUE,IN_PROGRAM_2027,AGREE
2569,REVIEW,VALIDATED,REVIEW,TRUE,IN_PROGRAM_2027,AGREE
2570,REVIEW,VALIDATED,REVIEW,TRUE,IN_PROGRAM_2027,AGREE
2571,REVIEW,VALIDATED,REVIEW,TRUE,IN_PROGRAM_2027,AGREE
2572,REVIEW,VALIDATED,REVIEW,TRUE,IN_PROGRAM_2027,AGREE
2573,REVIEW,VALIDATED,REVIEW,TRUE,IN_PROGRAM_2027,AGREE
2574,REVIEW,VALIDATED,REVIEW,TRUE,IN_PROGRAM_2027,AGREE
2575,REVIEW,VALIDATED,REVIEW,TRUE,IN_PROGRAM_2027,AGREE
2576,REVIEW,VALIDATED,REVIEW,TRUE,IN_PROGRAM_2027,AGREE
2577,REVIEW,VALIDATED,REVIEW,TRUE,IN_PROGRAM_2027,AGREE
2578,REVIEW,VALIDATED,REVIEW,TRUE,IN_PROGRAM_2027,AGREE
2579,REVIEW,VALIDATED,REVIEW,TRUE,IN_PROGRAM_2027,AGREE
2580,REVIEW,VALIDATED,REVIEW,TRUE,IN_PROGRAM_2027,AGREE
2581,REVIEW,VALIDATED,REVIEW,TRUE,IN_PROGRAM_2027,AGREE
2582,REVIEW,VALIDATED,REVIEW,TRUE,IN_PROGRAM_2027,AGREE
2583,REVIEW,VALIDATED,REVIEW,TRUE,IN_PROGRAM_2027,AGREE
2584,REVIEW,VALIDATED,REVIEW,TRUE,IN_PROGRAM_2027,AGREE
2585,REVIEW,VALIDATED,REVIEW,TRUE,IN_PROGRAM_2027,AGREE
2586,REVIEW,VALIDATED,REVIEW,TRUE,IN_PROGRAM_2027,AGREE
2587,REVIEW,VALIDATED,REVIEW,TRUE,IN_PROGRAM_2027,AGREE
2588,REVIEW,VALIDATED,REVIEW,TRUE,IN_PROGRAM_2027,AGREE
2589,REVIEW,VALIDATED,REVIEW,TRUE,IN_PROGRAM_2027,AGREE
2590,REVIEW,VALIDATED,REVIEW,TRUE,IN_PROGRAM_2027,AGREE
2591,REVIEW,VALIDATED,REVIEW,TRUE,IN_PROGRAM_2027,AGREE
2592,REVIEW,VALIDATED,REVIEW,TRUE,IN_PROGRAM_2027,AGREE
2593,REVIEW,VALIDATED,REVIEW,TRUE,IN_PROGRAM_2027,AGREE
2594,REVIEW,VALIDATED,REVIEW,TRUE,IN_PROGRAM_2027,AGREE
2595,REVIEW,VALIDATED,REVIEW,TRUE,IN_PROGRAM_2027,AGREE
2596,REVIEW,VALIDATED,REVIEW,TRUE,IN_PROGRAM_2027,AGREE
2597,REVIEW,VALIDATED,REVIEW,TRUE,IN_PROGRAM_2027,AGREE
2598,REVIEW,VALIDATED,REVIEW,TRUE,IN_PROGRAM_2027,AGREE
2599,REVIEW,VALIDATED,REVIEW,TRUE,IN_PROGRAM_2027,AGREE
2600,REVIEW,VALIDATED,REVIEW,TRUE,IN_PROGRAM_2027,AGREE
2601,REVIEW,VALIDATED,REVIEW,TRUE,IN_PROGRAM_2027,AGREE
2602,REVIEW,VALIDATED,REVIEW,TRUE,IN_PROGRAM_2027,AGREE
2603,REVIEW,VALIDATED,REVIEW,TRUE,IN_PROGRAM_2027,AGREE
2604,REVIEW,VALIDATED,REVIEW,TRUE,IN_PROGRAM_2027,AGREE
2605,REVIEW,VALIDATED,REVIEW,TRUE,IN_PROGRAM_2027,AGREE
2606,REVIEW,VALIDATED,REVIEW,TRUE,IN_PROGRAM_2027,AGREE
2607,REVIEW,VALIDATED,REVIEW,TRUE,IN_PROGRAM_2027,AGREE
2608,REVIEW,VALIDATED,REVIEW,TRUE,IN_PROGRAM_2027,AGREE
2609,REVIEW,VALIDATED,REVIEW,TRUE,IN_PROGRAM_2027,AGREE
2610,REVIEW,VALIDATED,REVIEW,TRUE,IN_PROGRAM_2027,AGREE
2611,REVIEW,VALIDATED,REVIEW,TRUE,IN_PROGRAM_2027,AGREE
2612,REVIEW,VALIDATED,REVIEW,TRUE,IN_PROGRAM_2027,AGREE
2613,REVIEW,VALIDATED,REVIEW,TRUE,IN_PROGRAM_2027,AGREE
2614,REVIEW,VALIDATED,REVIEW,TRUE,IN_PROGRAM_2027,AGREE
2615,REVIEW,VALIDATED,REVIEW,TRUE,IN_PROGRAM_2027,AGREE
2616,REVIEW,VALIDATED,REVIEW,TRUE,IN_PROGRAM_2027,AGREE
2617,REVIEW,VALIDATED,REVIEW,TRUE,IN_PROGRAM_2027,AGREE
2618,REVIEW,VALIDATED,REVIEW,TRUE,IN_PROGRAM_2027,AGREE
2619,REVIEW,VALIDATED,REVIEW,TRUE,IN_PROGRAM_2027,AGREE
2620,REVIEW,VALIDATED,REVIEW,TRUE,IN_PROGRAM_2027,AGREE
2621,REVIEW,VALIDATED,REVIEW,TRUE,IN_PROGRAM_2027,AGREE
2622,REVIEW,VALIDATED,REVIEW,TRUE,IN_PROGRAM_2027,AGREE
2623,REVIEW,VALIDATED,REVIEW,TRUE,IN_PROGRAM_2027,AGREE
2624,REVIEW,VALIDATED,REVIEW,TRUE,IN_PROGRAM_2027,AGREE
2625,REVIEW,VALIDATED,REVIEW,TRUE,IN_PROGRAM_2027,AGREE
2626,REVIEW,VALIDATED,REVIEW,TRUE,IN_PROGRAM_2027,AGREE
2627,REVIEW,VALIDATED,REVIEW,TRUE,IN_PROGRAM_2027,AGREE
2628,REVIEW,VALIDATED,REVIEW,TRUE,IN_PROGRAM_2027,AGREE
2629,REVIEW,VALIDATED,REVIEW,TRUE,IN_PROGRAM_2027,AGREE
2630,REVIEW,VALIDATED,REVIEW,TRUE,IN_PROGRAM_2027,AGREE
2631,REVIEW,VALIDATED,REVIEW,TRUE,IN_PROGRAM_2027,AGREE
2632,REVIEW,VALIDATED,REVIEW,TRUE,IN_PROGRAM_2027,AGREE
2633,REVIEW,VALIDATED,REVIEW,TRUE,IN_PROGRAM_2027,AGREE
2634,REVIEW,VALIDATED,REVIEW,TRUE,IN_PROGRAM_2027,AGREE
2635,REVIEW,VALIDATED,REVIEW,TRUE,IN_PROGRAM_2027,AGREE
2636,REVIEW,VALIDATED,REVIEW,TRUE,IN_PROGRAM_2027,AGREE
2637,REVIEW,VALIDATED,REVIEW,TRUE,IN_PROGRAM_2027,AGREE
2638,REVIEW,VALIDATED,REVIEW,TRUE,IN_PROGRAM_2027,AGREE
2639,REVIEW,VALIDATED,REVIEW,TRUE,IN_PROGRAM_2027,AGREE
2640,REVIEW,VALIDATED,REVIEW,TRUE,IN_PROGRAM_2027,AGREE
2641,REVIEW,VALIDATED,REVIEW,TRUE,IN_PROGRAM_2027,AGREE
2642,REVIEW,VALIDATED,REVIEW,TRUE,IN_PROGRAM_2027,AGREE
2643,REVIEW,VALIDATED,REVIEW,TRUE,IN_PROGRAM_2027,AGREE
2644,REVIEW,VALIDATED,REVIEW,TRUE,IN_PROGRAM_2027,AGREE
2645,REVIEW,VALIDATED,REVIEW,TRUE,IN_PROGRAM_2027,AGREE
2646,REVIEW,VALIDATED,REVIEW,TRUE,IN_PROGRAM_2027,AGREE
2647,REVIEW,VALIDATED,REVIEW,TRUE,IN_PROGRAM_2027,AGREE
2648,REVIEW,VALIDATED,REVIEW,TRUE,IN_PROGRAM_2027,AGREE
2649,REVIEW,VALIDATED,REVIEW,TRUE,IN_PROGRAM_2027,AGREE
2650,REVIEW,VALIDATED,REVIEW,TRUE,IN_PROGRAM_2027,AGREE
2651,REVIEW,VALIDATED,REVIEW,TRUE,IN_PROGRAM_2027,AGREE
2652,REVIEW,VALIDATED,REVIEW,TRUE,IN_PROGRAM_2027,AGREE
2653,REVIEW,VALIDATED,REVIEW,TRUE,IN_PROGRAM_2027,AGREE
2654,REVIEW,VALIDATED,REVIEW,TRUE,IN_PROGRAM_2027,AGREE
2655,REVIEW,VALIDATED,REVIEW,TRUE,IN_PROGRAM_2027,AGREE
2656,REVIEW,VALIDATED,REVIEW,TRUE,IN_PROGRAM_2027,AGREE
2657,REVIEW,VALIDATED,REVIEW,TRUE,IN_PROGRAM_2027,AGREE
2658,REVIEW,VALIDATED,REVIEW,TRUE,IN_PROGRAM_2027,AGREE
2659,REVIEW,VALIDATED,REVIEW,TRUE,IN_PROGRAM_2027,AGREE
2660,REVIEW,VALIDATED,REVIEW,TRUE,IN_PROGRAM_2027,AGREE
2661,REVIEW,VALIDATED,REVIEW,TRUE,IN_PROGRAM_2027,AGREE
2662,REVIEW,VALIDATED,REVIEW,TRUE,IN_PROGRAM_2027,AGREE
2663,REVIEW,VALIDATED,REVIEW,TRUE,IN_PROGRAM_2027,AGREE
2664,REVIEW,VALIDATED,REVIEW,TRUE,IN_PROGRAM_2027,AGREE
2665,REVIEW,VALIDATED,REVIEW,TRUE,IN_PROGRAM_2027,AGREE
2666,REVIEW,VALIDATED,REVIEW,TRUE,IN_PROGRAM_2027,AGREE
2667,REVIEW,VALIDATED,REVIEW,TRUE,IN_PROGRAM_2027,AGREE
2668,REVIEW,VALIDATED,REVIEW,TRUE,IN_PROGRAM_2027,AGREE
2669,REVIEW,VALIDATED,REVIEW,TRUE,IN_PROGRAM_2027,AGREE
2670,REVIEW,VALIDATED,REVIEW,TRUE,IN_PROGRAM_2027,AGREE
2671,REVIEW,VALIDATED,FALSE,TRUE,IN_PROGRAM_2027,AGREE
2672,REVIEW,VALIDATED,REVIEW,TRUE,IN_PROGRAM_2027,AGREE
2673,REVIEW,VALIDATED,REVIEW,TRUE,IN_PROGRAM_2027,AGREE
2674,REVIEW,VALIDATED,REVIEW,TRUE,IN_PROGRAM_2027,AGREE
2675,REVIEW,VALIDATED,REVIEW,TRUE,IN_PROGRAM_2027,AGREE
2676,REVIEW,VALIDATED,REVIEW,TRUE,IN_PROGRAM_2027,AGREE
2677,REVIEW,VALIDATED,REVIEW,TRUE,IN_PROGRAM_2027,AGREE
2678,REVIEW,VALIDATED,REVIEW,TRUE,IN_PROGRAM_2027,AGREE
2679,REVIEW,VALIDATED,REVIEW,TRUE,IN_PROGRAM_2027,AGREE
2680,REVIEW,VALIDATED,REVIEW,TRUE,IN_PROGRAM_2027,AGREE
2681,REVIEW,VALIDATED,REVIEW,TRUE,IN_PROGRAM_2027,AGREE
2682,REVIEW,VALIDATED,REVIEW,TRUE,IN_PROGRAM_2027,AGREE
2683,REVIEW,VALIDATED,REVIEW,TRUE,IN_PROGRAM_2027,AGREE
2684,REVIEW,VALIDATED,REVIEW,TRUE,IN_PROGRAM_2027,AGREE
2685,REVIEW,VALIDATED,REVIEW,TRUE,IN_PROGRAM_2027,AGREE
2686,REVIEW,VALIDATED,REVIEW,TRUE,IN_PROGRAM_2027,AGREE
2687,REVIEW,VALIDATED,REVIEW,TRUE,IN_PROGRAM_2027,AGREE
2688,REVIEW,VALIDATED,REVIEW,TRUE,IN_PROGRAM_2027,AGREE
2689,REVIEW,VALIDATED,REVIEW,TRUE,IN_PROGRAM_2027,AGREE
2690,REVIEW,VALIDATED,REVIEW,TRUE,IN_PROGRAM_2027,AGREE
2691,REVIEW,VALIDATED,REVIEW,TRUE,IN_PROGRAM_2027,AGREE
2692,REVIEW,VALIDATED,REVIEW,TRUE,IN_PROGRAM_2027,AGREE
2693,REVIEW,VALIDATED,REVIEW,TRUE,IN_PROGRAM_2027,AGREE
2694,REVIEW,VALIDATED,REVIEW,TRUE,IN_PROGRAM_2027,AGREE
2695,REVIEW,VALIDATED,FALSE,TRUE,IN_PROGRAM_2027,AGREE
2696,REVIEW,VALIDATED,FALSE,TRUE,IN_PROGRAM_2027,AGREE
2697,REVIEW,VALIDATED,FALSE,TRUE,IN_PROGRAM_2027,AGREE
2698,REVIEW,VALIDATED,FALSE,TRUE,IN_PROGRAM_2027,AGREE
2699,REVIEW,VALIDATED,FALSE,TRUE,IN_PROGRAM_2027,AGREE
2700,REVIEW,VALIDATED,REVIEW,TRUE,IN_PROGRAM_2027,AGREE
2701,REVIEW,VALIDATED,REVIEW,TRUE,IN_PROGRAM_2027,AGREE
2702,REVIEW,VALIDATED,REVIEW,TRUE,IN_PROGRAM_2027,AGREE
2703,REVIEW,VALIDATED,REVIEW,TRUE,IN_PROGRAM_2027,AGREE
2704,REVIEW,VALIDATED,REVIEW,TRUE,IN_PROGRAM_2027,AGREE
2705,REVIEW,VALIDATED,REVIEW,TRUE,IN_PROGRAM_2027,AGREE
2706,REVIEW,VALIDATED,REVIEW,TRUE,IN_PROGRAM_2027,AGREE
2707,REVIEW,VALIDATED,FALSE,TRUE,IN_PROGRAM_2027,AGREE
2708,REVIEW,VALIDATED,FALSE,TRUE,IN_PROGRAM_2027,AGREE
2709,REVIEW,VALIDATED,FALSE,TRUE,IN_PROGRAM_2027,AGREE
2710,REVIEW,VALIDATED,FALSE,TRUE,IN_PROGRAM_2027,AGREE
2711,REVIEW,VALIDATED,FALSE,TRUE,IN_PROGRAM_2027,AGREE
2712,REVIEW,VALIDATED,FALSE,TRUE,IN_PROGRAM_2027,AGREE
2713,REVIEW,VALIDATED,FALSE,TRUE,IN_PROGRAM_2027,AGREE
2714,REVIEW,VALIDATED,FALSE,TRUE,IN_PROGRAM_2027,AGREE
2715,REVIEW,VALIDATED,FALSE,TRUE,IN_PROGRAM_2027,AGREE
2716,REVIEW,VALIDATED,FALSE,TRUE,IN_PROGRAM_2027,AGREE
2717,REVIEW,VALIDATED,FALSE,TRUE,IN_PROGRAM_2027,AGREE
2718,REVIEW,VALIDATED,FALSE,TRUE,IN_PROGRAM_2027,AGREE
2719,REVIEW,VALIDATED,FALSE,TRUE,IN_PROGRAM_2027,AGREE
2720,REVIEW,VALIDATED,FALSE,TRUE,IN_PROGRAM_2027,AGREE
2721,REVIEW,VALIDATED,FALSE,TRUE,IN_PROGRAM_2027,AGREE
2722,REVIEW,VALIDATED,FALSE,TRUE,IN_PROGRAM_2027,AGREE
2723,REVIEW,VALIDATED,REVIEW,TRUE,IN_PROGRAM_2027,AGREE
2724,REVIEW,VALIDATED,REVIEW,TRUE,IN_PROGRAM_2027,AGREE
2725,REVIEW,VALIDATED,REVIEW,TRUE,IN_PROGRAM_2027,AGREE
2726,REVIEW,VALIDATED,REVIEW,TRUE,IN_PROGRAM_2027,AGREE
2727,REVIEW,VALIDATED,FALSE,TRUE,IN_PROGRAM_2027,AGREE
2728,REVIEW,VALIDATED,FALSE,TRUE,IN_PROGRAM_2027,AGREE
2729,REVIEW,VALIDATED,FALSE,TRUE,IN_PROGRAM_2027,AGREE
2730,REVIEW,VALIDATED,FALSE,TRUE,IN_PROGRAM_2027,AGREE
2731,REVIEW,VALIDATED,FALSE,TRUE,IN_PROGRAM_2027,AGREE
2732,REVIEW,VALIDATED,FALSE,TRUE,IN_PROGRAM_2027,AGREE
2733,REVIEW,VALIDATED,FALSE,TRUE,IN_PROGRAM_2027,AGREE
2734,REVIEW,VALIDATED,REVIEW,TRUE,IN_PROGRAM_2027,AGREE
2735,REVIEW,VALIDATED,REVIEW,TRUE,IN_PROGRAM_2027,AGREE
2736,REVIEW,VALIDATED,REVIEW,TRUE,IN_PROGRAM_2027,AGREE
2737,REVIEW,VALIDATED,REVIEW,TRUE,IN_PROGRAM_2027,AGREE
2738,REVIEW,VALIDATED,REVIEW,TRUE,IN_PROGRAM_2027,AGREE
2739,REVIEW,VALIDATED,REVIEW,TRUE,IN_PROGRAM_2027,AGREE
2740,REVIEW,VALIDATED,REVIEW,TRUE,IN_PROGRAM_2027,AGREE
2741,REVIEW,VALIDATED,REVIEW,TRUE,IN_PROGRAM_2027,AGREE
2742,REVIEW,VALIDATED,REVIEW,TRUE,IN_PROGRAM_2027,AGREE
2743,REVIEW,VALIDATED,REVIEW,TRUE,IN_PROGRAM_2027,AGREE
2744,REVIEW,VALIDATED,REVIEW,TRUE,IN_PROGRAM_2027,AGREE
2745,REVIEW,VALIDATED,REVIEW,TRUE,IN_PROGRAM_2027,AGREE
2746,REVIEW,VALIDATED,REVIEW,TRUE,IN_PROGRAM_2027,AGREE
2747,REVIEW,VALIDATED,REVIEW,TRUE,IN_PROGRAM_2027,AGREE
2748,REVIEW,VALIDATED,REVIEW,TRUE,IN_PROGRAM_2027,AGREE
2749,REVIEW,VALIDATED,REVIEW,TRUE,IN_PROGRAM_2027,AGREE
2750,REVIEW,VALIDATED,REVIEW,TRUE,IN_PROGRAM_2027,AGREE
2751,REVIEW,VALIDATED,REVIEW,TRUE,IN_PROGRAM_2027,AGREE
2752,REVIEW,VALIDATED,REVIEW,TRUE,IN_PROGRAM_2027,AGREE
2753,REVIEW,VALIDATED,REVIEW,TRUE,IN_PROGRAM_2027,AGREE
2754,REVIEW,VALIDATED,REVIEW,TRUE,IN_PROGRAM_2027,AGREE
2755,REVIEW,VALIDATED,REVIEW,TRUE,IN_PROGRAM_2027,AGREE
2756,REVIEW,VALIDATED,REVIEW,TRUE,IN_PROGRAM_2027,AGREE
2757,REVIEW,VALIDATED,REVIEW,TRUE,IN_PROGRAM_2027,AGREE
2758,REVIEW,VALIDATED,REVIEW,TRUE,IN_PROGRAM_2027,AGREE
2759,REVIEW,VALIDATED,REVIEW,TRUE,IN_PROGRAM_2027,AGREE
2760,REVIEW,VALIDATED,REVIEW,TRUE,IN_PROGRAM_2027,AGREE
2761,REVIEW,VALIDATED,REVIEW,TRUE,IN_PROGRAM_2027,AGREE
2762,REVIEW,VALIDATED,REVIEW,TRUE,IN_PROGRAM_2027,AGREE
2763,REVIEW,VALIDATED,REVIEW,TRUE,IN_PROGRAM_2027,AGREE
2764,REVIEW,VALIDATED,REVIEW,TRUE,IN_PROGRAM_2027,AGREE
2765,REVIEW,VALIDATED,REVIEW,TRUE,IN_PROGRAM_2027,AGREE
2766,REVIEW,VALIDATED,REVIEW,TRUE,IN_PROGRAM_2027,AGREE
2767,REVIEW,VALIDATED,REVIEW,TRUE,IN_PROGRAM_2027,AGREE
2768,REVIEW,VALIDATED,REVIEW,TRUE,IN_PROGRAM_2027,AGREE
2769,REVIEW,VALIDATED,REVIEW,TRUE,IN_PROGRAM_2027,AGREE
2770,REVIEW,VALIDATED,REVIEW,TRUE,IN_PROGRAM_2027,AGREE
2771,REVIEW,VALIDATED,REVIEW,TRUE,IN_PROGRAM_2027,AGREE
2772,REVIEW,VALIDATED,REVIEW,TRUE,IN_PROGRAM_2027,AGREE
2773,REVIEW,VALIDATED,REVIEW,TRUE,IN_PROGRAM_2027,AGREE
2774,REVIEW,VALIDATED,REVIEW,TRUE,IN_PROGRAM_2027,AGREE
2775,REVIEW,VALIDATED,REVIEW,TRUE,IN_PROGRAM_2027,AGREE
2776,REVIEW,VALIDATED,REVIEW,TRUE,IN_PROGRAM_2027,AGREE
2777,REVIEW,VALIDATED,REVIEW,TRUE,IN_PROGRAM_2027,AGREE
2778,REVIEW,VALIDATED,REVIEW,TRUE,IN_PROGRAM_2027,AGREE
2779,REVIEW,VALIDATED,REVIEW,TRUE,IN_PROGRAM_2027,AGREE
2780,REVIEW,VALIDATED,REVIEW,TRUE,IN_PROGRAM_2027,AGREE
2781,REVIEW,VALIDATED,REVIEW,TRUE,IN_PROGRAM_2027,AGREE
2782,REVIEW,VALIDATED,REVIEW,TRUE,IN_PROGRAM_2027,AGREE
2783,REVIEW,VALIDATED,REVIEW,TRUE,IN_PROGRAM_2027,AGREE
2784,REVIEW,VALIDATED,REVIEW,TRUE,IN_PROGRAM_2027,AGREE
2785,REVIEW,VALIDATED,REVIEW,TRUE,IN_PROGRAM_2027,AGREE
2786,REVIEW,VALIDATED,REVIEW,TRUE,IN_PROGRAM_2027,AGREE
2787,REVIEW,VALIDATED,REVIEW,TRUE,IN_PROGRAM_2027,AGREE
2788,REVIEW,VALIDATED,REVIEW,TRUE,IN_PROGRAM_2027,AGREE
2789,REVIEW,VALIDATED,REVIEW,TRUE,IN_PROGRAM_2027,AGREE
2790,REVIEW,VALIDATED,REVIEW,TRUE,IN_PROGRAM_2027,AGREE
2791,REVIEW,VALIDATED,REVIEW,TRUE,IN_PROGRAM_2027,AGREE
2792,REVIEW,VALIDATED,REVIEW,TRUE,IN_PROGRAM_2027,AGREE
2793,AUTO_CHECKED,VALIDATED,REVIEW,TRUE,IN_PROGRAM_2027,AGREE
2794,REVIEW,VALIDATED,REVIEW,TRUE,IN_PROGRAM_2027,AGREE
2795,REVIEW,VALIDATED,REVIEW,TRUE,IN_PROGRAM_2027,AGREE
2796,REVIEW,VALIDATED,REVIEW,TRUE,IN_PROGRAM_2027,AGREE
2797,REVIEW,VALIDATED,REVIEW,TRUE,IN_PROGRAM_2027,AGREE
2798,REVIEW,VALIDATED,REVIEW,TRUE,IN_PROGRAM_2027,AGREE
2799,REVIEW,VALIDATED,REVIEW,TRUE,IN_PROGRAM_2027,AGREE
2800,REVIEW,VALIDATED,REVIEW,TRUE,IN_PROGRAM_2027,AGREE
2801,REVIEW,VALIDATED,REVIEW,TRUE,IN_PROGRAM_2027,AGREE
2802,REVIEW,VALIDATED,REVIEW,TRUE,IN_PROGRAM_2027,AGREE
2803,REVIEW,VALIDATED,REVIEW,TRUE,IN_PROGRAM_2027,AGREE
2804,REVIEW,VALIDATED,REVIEW,TRUE,IN_PROGRAM_2027,AGREE
2805,REVIEW,VALIDATED,REVIEW,TRUE,IN_PROGRAM_2027,AGREE
2806,REVIEW,VALIDATED,REVIEW,TRUE,IN_PROGRAM_2027,AGREE
2807,REVIEW,VALIDATED,REVIEW,TRUE,IN_PROGRAM_2027,AGREE
2808,REVIEW,VALIDATED,REVIEW,TRUE,IN_PROGRAM_2027,AGREE
2809,REVIEW,VALIDATED,REVIEW,TRUE,IN_PROGRAM_2027,AGREE
2810,REVIEW,VALIDATED,REVIEW,TRUE,IN_PROGRAM_2027,AGREE
2811,REVIEW,VALIDATED,REVIEW,TRUE,IN_PROGRAM_2027,AGREE
2812,REVIEW,VALIDATED,REVIEW,TRUE,IN_PROGRAM_2027,AGREE
2813,REVIEW,VALIDATED,REVIEW,TRUE,IN_PROGRAM_2027,AGREE
2814,REVIEW,VALIDATED,REVIEW,TRUE,IN_PROGRAM_2027,AGREE
2815,REVIEW,VALIDATED,REVIEW,TRUE,IN_PROGRAM_2027,AGREE
2816,REVIEW,VALIDATED,REVIEW,TRUE,IN_PROGRAM_2027,AGREE
2817,REVIEW,VALIDATED,REVIEW,TRUE,IN_PROGRAM_2027,AGREE
2818,REVIEW,VALIDATED,REVIEW,TRUE,IN_PROGRAM_2027,AGREE
2819,REVIEW,VALIDATED,REVIEW,TRUE,IN_PROGRAM_2027,AGREE
2820,REVIEW,VALIDATED,REVIEW,TRUE,IN_PROGRAM_2027,AGREE
2821,REVIEW,VALIDATED,REVIEW,TRUE,IN_PROGRAM_2027,AGREE
2822,REVIEW,VALIDATED,REVIEW,TRUE,IN_PROGRAM_2027,AGREE
2823,REVIEW,VALIDATED,REVIEW,TRUE,IN_PROGRAM_2027,AGREE
2824,REVIEW,VALIDATED,REVIEW,TRUE,IN_PROGRAM_2027,AGREE
2825,REVIEW,VALIDATED,REVIEW,TRUE,IN_PROGRAM_2027,AGREE
2826,REVIEW,VALIDATED,REVIEW,TRUE,IN_PROGRAM_2027,AGREE
2827,REVIEW,VALIDATED,REVIEW,TRUE,IN_PROGRAM_2027,AGREE
2828,REVIEW,VALIDATED,REVIEW,TRUE,IN_PROGRAM_2027,AGREE
2829,REVIEW,VALIDATED,REVIEW,TRUE,IN_PROGRAM_2027,AGREE
2830,REVIEW,VALIDATED,REVIEW,TRUE,IN_PROGRAM_2027,AGREE
2831,REVIEW,VALIDATED,REVIEW,TRUE,IN_PROGRAM_2027,AGREE
2832,REVIEW,VALIDATED,REVIEW,TRUE,IN_PROGRAM_2027,AGREE
2833,REVIEW,VALIDATED,REVIEW,TRUE,IN_PROGRAM_2027,AGREE
2834,REVIEW,VALIDATED,REVIEW,TRUE,IN_PROGRAM_2027,AGREE
2835,REVIEW,VALIDATED,REVIEW,TRUE,IN_PROGRAM_2027,AGREE
2836,REVIEW,VALIDATED,REVIEW,TRUE,IN_PROGRAM_2027,AGREE
2837,REVIEW,VALIDATED,REVIEW,TRUE,IN_PROGRAM_2027,AGREE
2838,REVIEW,VALIDATED,REVIEW,TRUE,IN_PROGRAM_2027,AGREE
2839,REVIEW,VALIDATED,REVIEW,TRUE,IN_PROGRAM_2027,AGREE
2840,REVIEW,VALIDATED,REVIEW,TRUE,IN_PROGRAM_2027,AGREE
2841,REVIEW,VALIDATED,REVIEW,TRUE,IN_PROGRAM_2027,AGREE
2842,REVIEW,VALIDATED,REVIEW,TRUE,IN_PROGRAM_2027,AGREE
2843,REVIEW,VALIDATED,REVIEW,TRUE,IN_PROGRAM_2027,AGREE
2844,REVIEW,VALIDATED,REVIEW,TRUE,IN_PROGRAM_2027,AGREE
2845,REVIEW,VALIDATED,REVIEW,TRUE,IN_PROGRAM_2027,AGREE
2846,REVIEW,VALIDATED,REVIEW,TRUE,IN_PROGRAM_2027,AGREE
2847,REVIEW,VALIDATED,REVIEW,TRUE,IN_PROGRAM_2027,AGREE
2848,REVIEW,VALIDATED,REVIEW,TRUE,IN_PROGRAM_2027,AGREE
2849,REVIEW,VALIDATED,REVIEW,TRUE,IN_PROGRAM_2027,AGREE
2850,REVIEW,VALIDATED,REVIEW,TRUE,IN_PROGRAM_2027,AGREE
2851,REVIEW,VALIDATED,REVIEW,TRUE,IN_PROGRAM_2027,AGREE
2852,REVIEW,VALIDATED,REVIEW,TRUE,IN_PROGRAM_2027,AGREE
2853,REVIEW,VALIDATED,REVIEW,TRUE,IN_PROGRAM_2027,AGREE
2854,REVIEW,VALIDATED,REVIEW,TRUE,IN_PROGRAM_2027,AGREE
2855,REVIEW,VALIDATED,REVIEW,TRUE,IN_PROGRAM_2027,AGREE
2856,REVIEW,VALIDATED,REVIEW,TRUE,IN_PROGRAM_2027,AGREE
2857,REVIEW,VALIDATED,REVIEW,TRUE,IN_PROGRAM_2027,AGREE
2858,REVIEW,VALIDATED,REVIEW,TRUE,IN_PROGRAM_2027,AGREE
2859,REVIEW,VALIDATED,REVIEW,TRUE,IN_PROGRAM_2027,AGREE
2860,REVIEW,VALIDATED,REVIEW,TRUE,IN_PROGRAM_2027,AGREE
2861,REVIEW,VALIDATED,REVIEW,TRUE,IN_PROGRAM_2027,AGREE
2862,REVIEW,VALIDATED,REVIEW,TRUE,IN_PROGRAM_2027,AGREE
2863,REVIEW,VALIDATED,REVIEW,TRUE,IN_PROGRAM_2027,AGREE
2864,REVIEW,VALIDATED,REVIEW,TRUE,IN_PROGRAM_2027,AGREE
2865,REVIEW,VALIDATED,REVIEW,TRUE,IN_PROGRAM_2027,AGREE
2866,REVIEW,VALIDATED,REVIEW,TRUE,IN_PROGRAM_2027,AGREE
2867,REVIEW,VALIDATED,REVIEW,TRUE,IN_PROGRAM_2027,AGREE
2868,REVIEW,VALIDATED,REVIEW,TRUE,IN_PROGRAM_2027,AGREE
2869,REVIEW,VALIDATED,REVIEW,TRUE,IN_PROGRAM_2027,AGREE
2870,REVIEW,VALIDATED,REVIEW,TRUE,IN_PROGRAM_2027,AGREE
2871,REVIEW,VALIDATED,REVIEW,TRUE,IN_PROGRAM_2027,AGREE
2872,REVIEW,VALIDATED,REVIEW,TRUE,IN_PROGRAM_2027,AGREE
2873,REVIEW,VALIDATED,REVIEW,TRUE,IN_PROGRAM_2027,AGREE
2874,REVIEW,VALIDATED,REVIEW,TRUE,IN_PROGRAM_2027,AGREE
2875,REVIEW,VALIDATED,REVIEW,TRUE,IN_PROGRAM_2027,AGREE
2876,REVIEW,VALIDATED,REVIEW,TRUE,IN_PROGRAM_2027,AGREE
2877,REVIEW,VALIDATED,REVIEW,TRUE,IN_PROGRAM_2027,AGREE
2878,REVIEW,VALIDATED,REVIEW,TRUE,IN_PROGRAM_2027,AGREE
2879,REVIEW,VALIDATED,REVIEW,TRUE,IN_PROGRAM_2027,AGREE
2880,REVIEW,VALIDATED,REVIEW,TRUE,IN_PROGRAM_2027,AGREE
2881,REVIEW,VALIDATED,REVIEW,TRUE,IN_PROGRAM_2027,AGREE
2882,REVIEW,VALIDATED,REVIEW,TRUE,IN_PROGRAM_2027,AGREE
2883,REVIEW,VALIDATED,REVIEW,TRUE,IN_PROGRAM_2027,AGREE
2884,REVIEW,VALIDATED,REVIEW,TRUE,IN_PROGRAM_2027,AGREE
2885,REVIEW,VALIDATED,REVIEW,TRUE,IN_PROGRAM_2027,AGREE
2886,REVIEW,VALIDATED,REVIEW,TRUE,IN_PROGRAM_2027,AGREE
2887,REVIEW,VALIDATED,REVIEW,TRUE,IN_PROGRAM_2027,AGREE
2888,REVIEW,VALIDATED,REVIEW,TRUE,IN_PROGRAM_2027,AGREE
2889,REVIEW,VALIDATED,REVIEW,TRUE,IN_PROGRAM_2027,AGREE
2890,REVIEW,VALIDATED,REVIEW,TRUE,IN_PROGRAM_2027,AGREE
2891,REVIEW,VALIDATED,REVIEW,TRUE,IN_PROGRAM_2027,AGREE
2892,REVIEW,VALIDATED,REVIEW,TRUE,IN_PROGRAM_2027,AGREE
2893,REVIEW,VALIDATED,REVIEW,TRUE,IN_PROGRAM_2027,AGREE
2894,REVIEW,VALIDATED,REVIEW,TRUE,IN_PROGRAM_2027,AGREE
2895,REVIEW,VALIDATED,REVIEW,TRUE,IN_PROGRAM_2027,AGREE
2896,REVIEW,VALIDATED,REVIEW,TRUE,IN_PROGRAM_2027,AGREE
2897,REVIEW,VALIDATED,REVIEW,TRUE,IN_PROGRAM_2027,AGREE
2898,REVIEW,VALIDATED,REVIEW,TRUE,IN_PROGRAM_2027,AGREE
2899,REVIEW,VALIDATED,REVIEW,TRUE,IN_PROGRAM_2027,AGREE
2900,REVIEW,VALIDATED,REVIEW,TRUE,IN_PROGRAM_2027,AGREE
2901,REVIEW,VALIDATED,REVIEW,TRUE,IN_PROGRAM_2027,AGREE
2902,REVIEW,VALIDATED,REVIEW,TRUE,IN_PROGRAM_2027,AGREE
2903,REVIEW,VALIDATED,REVIEW,TRUE,IN_PROGRAM_2027,AGREE
2904,REVIEW,VALIDATED,REVIEW,TRUE,IN_PROGRAM_2027,AGREE
2905,REVIEW,VALIDATED,REVIEW,TRUE,IN_PROGRAM_2027,AGREE
2906,REVIEW,VALIDATED,REVIEW,TRUE,IN_PROGRAM_2027,AGREE
2907,REVIEW,VALIDATED,REVIEW,TRUE,IN_PROGRAM_2027,AGREE
2908,REVIEW,VALIDATED,REVIEW,TRUE,IN_PROGRAM_2027,AGREE
2909,REVIEW,VALIDATED,REVIEW,TRUE,IN_PROGRAM_2027,AGREE
2910,REVIEW,VALIDATED,REVIEW,TRUE,IN_PROGRAM_2027,AGREE
2911,REVIEW,VALIDATED,REVIEW,TRUE,IN_PROGRAM_2027,AGREE
2912,REVIEW,VALIDATED,REVIEW,TRUE,IN_PROGRAM_2027,AGREE
2913,REVIEW,VALIDATED,REVIEW,TRUE,IN_PROGRAM_2027,AGREE
2914,REVIEW,VALIDATED,REVIEW,TRUE,IN_PROGRAM_2027,AGREE
2915,REVIEW,VALIDATED,REVIEW,TRUE,IN_PROGRAM_2027,AGREE
2916,REVIEW,VALIDATED,REVIEW,TRUE,IN_PROGRAM_2027,AGREE
2917,REVIEW,VALIDATED,REVIEW,TRUE,IN_PROGRAM_2027,AGREE
2918,REVIEW,VALIDATED,REVIEW,TRUE,IN_PROGRAM_2027,AGREE
2919,REVIEW,VALIDATED,REVIEW,TRUE,IN_PROGRAM_2027,AGREE
2920,REVIEW,VALIDATED,REVIEW,TRUE,IN_PROGRAM_2027,AGREE
2921,REVIEW,VALIDATED,REVIEW,TRUE,IN_PROGRAM_2027,AGREE
2922,REVIEW,VALIDATED,REVIEW,TRUE,IN_PROGRAM_2027,AGREE
2923,REVIEW,VALIDATED,REVIEW,TRUE,IN_PROGRAM_2027,AGREE
2924,REVIEW,VALIDATED,REVIEW,TRUE,IN_PROGRAM_2027,AGREE
2925,REVIEW,VALIDATED,REVIEW,TRUE,IN_PROGRAM_2027,AGREE
2926,REVIEW,VALIDATED,REVIEW,TRUE,IN_PROGRAM_2027,AGREE
2927,REVIEW,VALIDATED,REVIEW,TRUE,IN_PROGRAM_2027,AGREE
2928,REVIEW,VALIDATED,REVIEW,TRUE,IN_PROGRAM_2027,AGREE
2929,REVIEW,VALIDATED,REVIEW,TRUE,IN_PROGRAM_2027,AGREE
2930,REVIEW,VALIDATED,REVIEW,TRUE,IN_PROGRAM_2027,AGREE
2931,REVIEW,VALIDATED,REVIEW,TRUE,IN_PROGRAM_2027,AGREE
2932,REVIEW,VALIDATED,REVIEW,TRUE,IN_PROGRAM_2027,AGREE
2933,REVIEW,VALIDATED,REVIEW,TRUE,IN_PROGRAM_2027,AGREE
2934,REVIEW,VALIDATED,REVIEW,TRUE,IN_PROGRAM_2027,AGREE
2935,AUTO_CHECKED,VALIDATED,REVIEW,TRUE,IN_PROGRAM_2027,AGREE
2936,REVIEW,VALIDATED,REVIEW,TRUE,IN_PROGRAM_2027,AGREE
2937,REVIEW,VALIDATED,REVIEW,TRUE,IN_PROGRAM_2027,AGREE
2938,REVIEW,VALIDATED,REVIEW,TRUE,IN_PROGRAM_2027,AGREE
2939,REVIEW,VALIDATED,REVIEW,TRUE,IN_PROGRAM_2027,AGREE
2940,REVIEW,VALIDATED,REVIEW,TRUE,IN_PROGRAM_2027,AGREE
2941,REVIEW,VALIDATED,REVIEW,TRUE,IN_PROGRAM_2027,AGREE
2942,REVIEW,VALIDATED,REVIEW,TRUE,IN_PROGRAM_2027,AGREE
2943,REVIEW,VALIDATED,REVIEW,TRUE,IN_PROGRAM_2027,AGREE
2944,REVIEW,VALIDATED,REVIEW,TRUE,IN_PROGRAM_2027,AGREE
2945,REVIEW,VALIDATED,REVIEW,TRUE,IN_PROGRAM_2027,AGREE
2946,REVIEW,VALIDATED,REVIEW,TRUE,IN_PROGRAM_2027,AGREE
2947,REVIEW,VALIDATED,REVIEW,TRUE,IN_PROGRAM_2027,AGREE
2948,REVIEW,VALIDATED,REVIEW,TRUE,IN_PROGRAM_2027,AGREE
2949,REVIEW,VALIDATED,REVIEW,TRUE,IN_PROGRAM_2027,AGREE
2950,REVIEW,VALIDATED,REVIEW,TRUE,IN_PROGRAM_2027,AGREE
2951,REVIEW,VALIDATED,REVIEW,TRUE,IN_PROGRAM_2027,AGREE
2952,REVIEW,VALIDATED,REVIEW,TRUE,IN_PROGRAM_2027,AGREE
2953,REVIEW,VALIDATED,REVIEW,TRUE,IN_PROGRAM_2027,AGREE
2954,REVIEW,VALIDATED,REVIEW,TRUE,IN_PROGRAM_2027,AGREE
2955,REVIEW,VALIDATED,REVIEW,TRUE,IN_PROGRAM_2027,AGREE
2956,REVIEW,VALIDATED,REVIEW,TRUE,IN_PROGRAM_2027,AGREE
2957,REVIEW,VALIDATED,REVIEW,TRUE,IN_PROGRAM_2027,AGREE
2958,REVIEW,VALIDATED,REVIEW,TRUE,IN_PROGRAM_2027,AGREE
2959,REVIEW,VALIDATED,REVIEW,TRUE,IN_PROGRAM_2027,AGREE
2960,REVIEW,VALIDATED,REVIEW,TRUE,IN_PROGRAM_2027,AGREE
2961,REVIEW,VALIDATED,REVIEW,TRUE,IN_PROGRAM_2027,AGREE
2962,REVIEW,VALIDATED,REVIEW,TRUE,IN_PROGRAM_2027,AGREE
2963,REVIEW,VALIDATED,REVIEW,TRUE,IN_PROGRAM_2027,AGREE
2964,REVIEW,VALIDATED,REVIEW,TRUE,IN_PROGRAM_2027,AGREE
2965,REVIEW,VALIDATED,REVIEW,TRUE,IN_PROGRAM_2027,AGREE
2966,REVIEW,VALIDATED,REVIEW,TRUE,IN_PROGRAM_2027,AGREE
2967,REVIEW,VALIDATED,REVIEW,TRUE,IN_PROGRAM_2027,AGREE
2968,REVIEW,VALIDATED,REVIEW,TRUE,IN_PROGRAM_2027,AGREE
2969,REVIEW,VALIDATED,REVIEW,TRUE,IN_PROGRAM_2027,AGREE
2970,REVIEW,VALIDATED,REVIEW,TRUE,IN_PROGRAM_2027,AGREE
2971,REVIEW,VALIDATED,REVIEW,TRUE,IN_PROGRAM_2027,AGREE
2972,REVIEW,VALIDATED,REVIEW,TRUE,IN_PROGRAM_2027,AGREE
2973,REVIEW,VALIDATED,REVIEW,TRUE,IN_PROGRAM_2027,AGREE
2974,REVIEW,VALIDATED,REVIEW,TRUE,IN_PROGRAM_2027,AGREE
2975,REVIEW,VALIDATED,REVIEW,TRUE,IN_PROGRAM_2027,AGREE
2976,REVIEW,VALIDATED,REVIEW,TRUE,IN_PROGRAM_2027,AGREE
2977,REVIEW,VALIDATED,REVIEW,TRUE,IN_PROGRAM_2027,AGREE
2978,REVIEW,VALIDATED,REVIEW,TRUE,IN_PROGRAM_2027,AGREE
2979,REVIEW,VALIDATED,REVIEW,TRUE,IN_PROGRAM_2027,AGREE
2980,REVIEW,VALIDATED,REVIEW,TRUE,IN_PROGRAM_2027,AGREE
2981,REVIEW,VALIDATED,REVIEW,TRUE,IN_PROGRAM_2027,AGREE
2982,REVIEW,VALIDATED,REVIEW,TRUE,IN_PROGRAM_2027,AGREE
2983,REVIEW,VALIDATED,REVIEW,TRUE,IN_PROGRAM_2027,AGREE
2984,REVIEW,VALIDATED,REVIEW,TRUE,IN_PROGRAM_2027,AGREE
2985,REVIEW,VALIDATED,REVIEW,TRUE,IN_PROGRAM_2027,AGREE
2986,REVIEW,VALIDATED,REVIEW,TRUE,IN_PROGRAM_2027,AGREE
2987,REVIEW,VALIDATED,REVIEW,TRUE,IN_PROGRAM_2027,AGREE
2988,REVIEW,VALIDATED,REVIEW,TRUE,IN_PROGRAM_2027,AGREE
2989,REVIEW,VALIDATED,REVIEW,TRUE,IN_PROGRAM_2027,AGREE
2990,REVIEW,VALIDATED,REVIEW,TRUE,IN_PROGRAM_2027,AGREE
2991,REVIEW,VALIDATED,REVIEW,TRUE,IN_PROGRAM_2027,AGREE
2992,REVIEW,VALIDATED,REVIEW,TRUE,IN_PROGRAM_2027,AGREE
2993,REVIEW,VALIDATED,REVIEW,TRUE,IN_PROGRAM_2027,AGREE
2994,REVIEW,VALIDATED,REVIEW,TRUE,IN_PROGRAM_2027,AGREE
2995,REVIEW,VALIDATED,REVIEW,TRUE,IN_PROGRAM_2027,AGREE
2996,REVIEW,VALIDATED,REVIEW,TRUE,IN_PROGRAM_2027,AGREE
2997,REVIEW,VALIDATED,REVIEW,TRUE,IN_PROGRAM_2027,AGREE
2998,REVIEW,VALIDATED,REVIEW,TRUE,IN_PROGRAM_2027,AGREE
2999,REVIEW,VALIDATED,REVIEW,TRUE,IN_PROGRAM_2027,AGREE
3000,REVIEW,VALIDATED,REVIEW,TRUE,IN_PROGRAM_2027,AGREE
3001,REVIEW,VALIDATED,REVIEW,TRUE,IN_PROGRAM_2027,AGREE
3002,REVIEW,VALIDATED,REVIEW,TRUE,IN_PROGRAM_2027,AGREE
3003,REVIEW,VALIDATED,REVIEW,TRUE,IN_PROGRAM_2027,AGREE
3004,REVIEW,VALIDATED,REVIEW,TRUE,IN_PROGRAM_2027,AGREE
3005,REVIEW,VALIDATED,REVIEW,TRUE,IN_PROGRAM_2027,AGREE
3006,REVIEW,VALIDATED,REVIEW,TRUE,IN_PROGRAM_2027,AGREE
3007,REVIEW,VALIDATED,REVIEW,TRUE,IN_PROGRAM_2027,AGREE
3008,REVIEW,VALIDATED,REVIEW,TRUE,IN_PROGRAM_2027,AGREE
3009,REVIEW,VALIDATED,REVIEW,TRUE,IN_PROGRAM_2027,AGREE
3010,REVIEW,VALIDATED,REVIEW,TRUE,IN_PROGRAM_2027,AGREE
3011,REVIEW,VALIDATED,REVIEW,TRUE,IN_PROGRAM_2027,AGREE
3012,REVIEW,VALIDATED,REVIEW,TRUE,IN_PROGRAM_2027,AGREE
3013,REVIEW,VALIDATED,REVIEW,TRUE,IN_PROGRAM_2027,AGREE
3014,REVIEW,VALIDATED,REVIEW,TRUE,IN_PROGRAM_2027,AGREE
3015,REVIEW,VALIDATED,REVIEW,TRUE,IN_PROGRAM_2027,AGREE
3016,REVIEW,VALIDATED,REVIEW,TRUE,IN_PROGRAM_2027,AGREE
3017,REVIEW,VALIDATED,REVIEW,TRUE,IN_PROGRAM_2027,AGREE
3018,REVIEW,VALIDATED,REVIEW,TRUE,IN_PROGRAM_2027,AGREE
3019,REVIEW,VALIDATED,REVIEW,TRUE,IN_PROGRAM_2027,AGREE
3020,REVIEW,VALIDATED,REVIEW,TRUE,IN_PROGRAM_2027,AGREE
3021,REVIEW,VALIDATED,REVIEW,TRUE,IN_PROGRAM_2027,AGREE
3022,REVIEW,VALIDATED,REVIEW,TRUE,IN_PROGRAM_2027,AGREE
3023,REVIEW,VALIDATED,REVIEW,TRUE,IN_PROGRAM_2027,AGREE
3024,REVIEW,VALIDATED,REVIEW,TRUE,IN_PROGRAM_2027,AGREE
3025,REVIEW,VALIDATED,REVIEW,TRUE,IN_PROGRAM_2027,AGREE
3026,REVIEW,VALIDATED,REVIEW,TRUE,IN_PROGRAM_2027,AGREE
3027,REVIEW,VALIDATED,REVIEW,TRUE,IN_PROGRAM_2027,AGREE
3028,REVIEW,VALIDATED,REVIEW,TRUE,IN_PROGRAM_2027,AGREE
3029,REVIEW,VALIDATED,REVIEW,TRUE,IN_PROGRAM_2027,AGREE
3030,REVIEW,VALIDATED,REVIEW,TRUE,IN_PROGRAM_2027,AGREE
3031,REVIEW,VALIDATED,REVIEW,TRUE,IN_PROGRAM_2027,AGREE
3032,REVIEW,VALIDATED,REVIEW,TRUE,IN_PROGRAM_2027,AGREE
3033,REVIEW,VALIDATED,REVIEW,TRUE,IN_PROGRAM_2027,AGREE
3034,REVIEW,VALIDATED,REVIEW,TRUE,IN_PROGRAM_2027,AGREE
3035,REVIEW,VALIDATED,REVIEW,TRUE,IN_PROGRAM_2027,AGREE
3036,REVIEW,VALIDATED,REVIEW,TRUE,IN_PROGRAM_2027,AGREE
3037,REVIEW,VALIDATED,REVIEW,TRUE,IN_PROGRAM_2027,AGREE
3038,REVIEW,VALIDATED,REVIEW,TRUE,IN_PROGRAM_2027,AGREE
3039,REVIEW,VALIDATED,REVIEW,TRUE,IN_PROGRAM_2027,AGREE
3040,REVIEW,VALIDATED,REVIEW,TRUE,IN_PROGRAM_2027,AGREE
3041,REVIEW,VALIDATED,REVIEW,TRUE,IN_PROGRAM_2027,AGREE
3042,REVIEW,VALIDATED,REVIEW,TRUE,IN_PROGRAM_2027,AGREE
3043,REVIEW,VALIDATED,REVIEW,TRUE,IN_PROGRAM_2027,AGREE
3044,REVIEW,VALIDATED,REVIEW,TRUE,IN_PROGRAM_2027,AGREE
3045,REVIEW,VALIDATED,REVIEW,TRUE,IN_PROGRAM_2027,AGREE
3046,REVIEW,VALIDATED,REVIEW,TRUE,IN_PROGRAM_2027,AGREE
3047,REVIEW,VALIDATED,REVIEW,TRUE,IN_PROGRAM_2027,AGREE
3048,REVIEW,VALIDATED,REVIEW,TRUE,IN_PROGRAM_2027,AGREE
3049,REVIEW,VALIDATED,REVIEW,TRUE,IN_PROGRAM_2027,AGREE
3050,REVIEW,VALIDATED,REVIEW,TRUE,IN_PROGRAM_2027,AGREE
3051,REVIEW,VALIDATED,REVIEW,TRUE,IN_PROGRAM_2027,AGREE
3052,REVIEW,VALIDATED,REVIEW,TRUE,IN_PROGRAM_2027,AGREE
3053,REVIEW,VALIDATED,REVIEW,TRUE,IN_PROGRAM_2027,AGREE
3054,REVIEW,VALIDATED,REVIEW,TRUE,IN_PROGRAM_2027,AGREE
3055,REVIEW,VALIDATED,FALSE,TRUE,IN_PROGRAM_2027,AGREE
3056,REVIEW,VALIDATED,REVIEW,TRUE,IN_PROGRAM_2027,AGREE
3057,REVIEW,VALIDATED,REVIEW,TRUE,IN_PROGRAM_2027,AGREE
3058,REVIEW,VALIDATED,REVIEW,TRUE,IN_PROGRAM_2027,AGREE
3059,REVIEW,VALIDATED,REVIEW,TRUE,IN_PROGRAM_2027,AGREE
3060,REVIEW,VALIDATED,REVIEW,TRUE,IN_PROGRAM_2027,AGREE
3061,REVIEW,VALIDATED,REVIEW,TRUE,IN_PROGRAM_2027,AGREE
3062,REVIEW,VALIDATED,REVIEW,TRUE,IN_PROGRAM_2027,AGREE
3063,REVIEW,VALIDATED,REVIEW,TRUE,IN_PROGRAM_2027,AGREE
3064,REVIEW,VALIDATED,REVIEW,TRUE,IN_PROGRAM_2027,AGREE
3065,REVIEW,VALIDATED,REVIEW,TRUE,IN_PROGRAM_2027,AGREE
3066,REVIEW,VALIDATED,REVIEW,TRUE,IN_PROGRAM_2027,AGREE
3067,REVIEW,VALIDATED,REVIEW,TRUE,IN_PROGRAM_2027,AGREE
3068,REVIEW,VALIDATED,REVIEW,TRUE,IN_PROGRAM_2027,AGREE
3069,REVIEW,VALIDATED,REVIEW,TRUE,IN_PROGRAM_2027,AGREE
3070,REVIEW,VALIDATED,REVIEW,TRUE,IN_PROGRAM_2027,AGREE
3071,REVIEW,VALIDATED,REVIEW,TRUE,IN_PROGRAM_2027,AGREE
3072,REVIEW,VALIDATED,REVIEW,TRUE,IN_PROGRAM_2027,AGREE
3073,REVIEW,VALIDATED,REVIEW,TRUE,IN_PROGRAM_2027,AGREE
3074,REVIEW,VALIDATED,REVIEW,TRUE,IN_PROGRAM_2027,AGREE
3075,REVIEW,VALIDATED,REVIEW,TRUE,IN_PROGRAM_2027,AGREE
3076,REVIEW,VALIDATED,REVIEW,TRUE,IN_PROGRAM_2027,AGREE
3077,REVIEW,VALIDATED,REVIEW,TRUE,IN_PROGRAM_2027,AGREE
3078,REVIEW,VALIDATED,REVIEW,TRUE,IN_PROGRAM_2027,AGREE
3079,REVIEW,VALIDATED,REVIEW,TRUE,IN_PROGRAM_2027,AGREE
3080,REVIEW,VALIDATED,REVIEW,TRUE,IN_PROGRAM_2027,AGREE
3081,REVIEW,VALIDATED,REVIEW,TRUE,IN_PROGRAM_2027,AGREE
3082,REVIEW,VALIDATED,REVIEW,TRUE,IN_PROGRAM_2027,AGREE
